Date;MoonPhase;Epact;SkyCoverage;Hour;NightDay;Site;Year;Season;Sps;N_ind
06/06/2023;3;18;0;00:36:00;N;CascineDelRiccio3;2023;summer;EuropeanBadger;1
10/06/2023;2;22;15;08:43:00;D;Osmannoro;2023;summer;Human;1
01/08/2023;4;16;15;08:25:00;D;Osmannoro;2023;summer;Human;1
01/08/2023;4;16;15;09:00:00;D;Empoli_Serravalle;2023;summer;Coypu;1
01/08/2023;4;16;0;09:16:00;D;Cascine;2023;summer;RedSquirrel;1
01/08/2023;4;16;0;09:16:00;D;Cascine;2023;summer;RedSquirrel;1
01/08/2023;4;16;20;09:57:00;D;Osmannoro;2023;summer;Human;2
01/08/2023;4;16;20;11:10:00;D;Osmannoro;2023;summer;Human;2
01/08/2023;4;16;0;12:48:00;D;Osmannoro;2023;summer;Human;1
01/08/2023;4;16;30;00:19:00;N;Osmannoro;2023;summer;Human;1
01/08/2023;4;16;30;00:27:00;N;Empoli_Serravalle;2023;summer;Coypu;1
01/08/2023;4;16;0;00:45:00;N;Empoli_Serravalle;2023;summer;Coypu;1
01/08/2023;4;16;35;01:05:00;N;Empoli_Serravalle;2023;summer;Coypu;1
01/08/2023;4;16;0;01:08:00;N;Osmannoro;2023;summer;Human;1
01/08/2023;4;16;0;06:36:00;D;Osmannoro;2023;summer;Human;1
01/08/2023;4;16;50;19:03:00;D;Sesto4;2023;summer;CommonPheasant;1
01/08/2023;4;16;50;19:34:00;D;Osmannoro;2023;summer;Human;1
01/08/2023;4;16;0;21:07:00;N;Empoli_Serravalle;2023;summer;Coypu;1
01/08/2023;4;16;0;21:17:00;N;Empoli_Serravalle;2023;summer;Coypu;1
01/08/2023;4;16;0;21:18:00;N;Empoli_Serravalle;2023;summer;Coypu;1
01/08/2023;4;16;0;21:38:00;N;Empoli_Serravalle;2023;summer;Coypu;1
01/08/2023;4;16;35;22:11:00;N;Osmannoro;2023;summer;Human;1
01/08/2023;4;16;0;22:48:00;N;Empoli_Serravalle;2023;summer;Coypu;1
01/08/2023;4;16;0;22:51:00;N;Empoli_Serravalle;2023;summer;Coypu;1
01/08/2023;4;16;0;23:17:00;N;Osmannoro;2023;summer;Human;2
01/08/2023;4;16;0;23:33:00;N;Empoli_Serravalle;2023;summer;Coypu;1
02/08/2023;3;17;100;08:10:00;D;TorrinoSantarosa;2023;summer;AegyptianGoose;1
02/08/2023;3;17;100;08:10:00;D;Osmannoro;2023;summer;Human;1
02/08/2023;3;17;100;10:11:00;D;Osmannoro;2023;summer;Human;2
02/08/2023;3;17;100;10:29:00;D;Osmannoro;2023;summer;Human;2
02/08/2023;3;17;100;11:05:00;D;Osmannoro;2023;summer;Human;1
02/08/2023;3;17;100;11:09:00;D;Empoli_Serravalle;2023;summer;Human;1
02/08/2023;3;17;100;11:37:00;D;Osmannoro;2023;summer;Human;2
02/08/2023;3;17;100;13:40:00;D;Empoli_Serravalle;2023;summer;Human;1
02/08/2023;3;17;100;14:16:00;D;Osmannoro;2023;summer;Human;2
02/08/2023;3;17;100;14:29:00;D;Empoli_Serravalle;2023;summer;Human;1
02/08/2023;3;17;100;14:29:00;D;Empoli_Serravalle;2023;summer;Human;1
02/08/2023;3;17;100;15:03:00;D;Empoli_Serravalle;2023;summer;Human;1
02/08/2023;3;17;100;15:52:00;D;Osmannoro;2023;summer;Human;2
02/08/2023;3;17;100;16:13:00;D;Osmannoro;2023;summer;Human;2
02/08/2023;3;17;100;18:04:00;D;Empoli_Serravalle;2023;summer;Human;1
02/08/2023;3;17;100;00:17:00;N;Osmannoro;2023;summer;Human;2
02/08/2023;3;17;100;01:38:00;N;Empoli_Serravalle;2023;summer;Coypu;1
02/08/2023;3;17;100;01:40:00;N;Empoli_Serravalle;2023;summer;Coypu;1
02/08/2023;3;17;100;01:46:00;N;Empoli_Serravalle;2023;summer;Coypu;1
02/08/2023;3;17;100;01:46:00;N;Empoli_Serravalle;2023;summer;Coypu;1
02/08/2023;3;17;100;01:48:00;N;Empoli_Serravalle;2023;summer;EasternCottontail;1
02/08/2023;3;17;100;01:57:00;N;Sesto4;2023;summer;EuropeanHare;1
02/08/2023;3;17;100;03:35:00;N;Empoli_Serravalle;2023;summer;Coypu;1
02/08/2023;3;17;100;05:46:00;N;Empoli_Serravalle;2023;summer;Coypu;1
02/08/2023;3;17;100;05:54:00;N;Empoli_Serravalle;2023;summer;Coypu;1
02/08/2023;3;17;100;06:31:00;D;Empoli_Serravalle;2023;summer;Coypu;1
02/08/2023;3;17;100;06:34:00;D;Empoli_Serravalle;2023;summer;Coypu;1
02/08/2023;3;17;100;06:34:00;D;Empoli_Serravalle;2023;summer;Coypu;1
02/08/2023;3;17;100;06:37:00;D;Empoli_Serravalle;2023;summer;Coypu;1
02/08/2023;3;17;100;07:07:00;D;Empoli_Serravalle;2023;summer;Coypu;1
02/08/2023;3;17;100;07:09:00;D;Empoli_Serravalle;2023;summer;Human;1
02/08/2023;3;17;100;07:23:00;D;Osmannoro;2023;summer;Human;2
02/08/2023;3;17;100;19:01:00;D;Empoli_Serravalle;2023;summer;Human;1
02/08/2023;3;17;100;20:47:00;N;Sesto4;2023;summer;EuropeanHare;2
02/08/2023;3;17;100;21:21:30;N;Sesto4;2023;summer;Hedgehog;1
03/08/2023;3;18;15;08:04:00;D;Osmannoro;2023;summer;Human;2
03/08/2023;3;18;0;14:53:00;D;Osmannoro;2023;summer;Human;2
03/08/2023;3;18;0;16:00:00;D;Osmannoro;2023;summer;Human;2
03/08/2023;3;18;0;16:16:00;D;CascineDelRiccio1;2023;summer;Human;3
03/08/2023;3;18;0;03:07:00;N;Osmannoro;2023;summer;Human;2
03/08/2023;3;18;0;05:02:00;N;Osmannoro;2023;summer;Human;2
03/08/2023;3;18;0;07:20:00;D;Osmannoro;2023;summer;Human;1
03/08/2023;3;18;0;20:26:00;D;Sesto4;2023;summer;EuropeanHare;1
03/08/2023;3;18;0;07:41:00;N;TorrinoSantaRosa;2023;summer;NorwayRat;1
03/08/2023;3;18;0;07:41:00;N;Bagno_a_Ripoli;2023;summer;Coypu;1
04/08/2023;3;19;0;09:14:00;D;Empoli_Serravalle;2023;summer;Human;1
04/08/2023;3;19;0;09:42:00;D;TorrinoSantarosa;2023;summer;AegyptianGoose;2
04/08/2023;3;19;0;09:42:00;D;Empoli_Serravalle;2023;summer;Human;2
04/08/2023;3;19;0;10:10:00;D;Empoli_Serravalle;2023;summer;Human;2
04/08/2023;3;19;0;13:24:00;D;Empoli_Serravalle;2023;summer;Human;1
04/08/2023;3;19;0;14:05:00;D;Sesto4;2023;summer;EurasianMagpie;1
04/08/2023;3;19;0;14:07:00;D;Empoli_Serravalle;2023;summer;Human;2
04/08/2023;3;19;0;14:23:00;D;Osmannoro;2023;summer;Human;2
04/08/2023;3;19;0;14:29:00;D;Osmannoro;2023;summer;Human;1
04/08/2023;3;19;0;14:52:00;D;Sesto4;2023;summer;EurasianMagpie;1
04/08/2023;3;19;0;16:45:00;D;Empoli_Serravalle;2023;summer;Human;2
04/08/2023;3;19;0;04:14:00;N;CascineDelRiccio3;2023;summer;RoeDeer;1
04/08/2023;3;19;0;05:02:00;N;Sesto4;2023;summer;RedFox;1
04/08/2023;3;19;0;05:55:00;N;Osmannoro;2023;summer;Human;1
04/08/2023;3;19;0;07:42:00;D;Empoli_Serravalle;2023;summer;Human;1
04/08/2023;3;19;0;18:42:00;D;Osmannoro;2023;summer;Human;2
04/08/2023;3;19;0;19:11:00;D;Osmannoro;2023;summer;Human;1
04/08/2023;3;19;0;23:16:00;N;Sesto4;2023;summer;EuropeanHare;1
04/08/2023;3;19;0;23:54:00;N;Empoli_Serravalle;2023;summer;Human;1
04/08/2023;3;19;0;04:52:00;N;TorrinoSantaRosa;2023;summer;NorwayRat;1
04/08/2023;3;19;0;04:52:00;N;Bagno_a_Ripoli;2023;summer;Coypu;1
04/08/2023;3;19;0;23:03:00;N;Bagno_a_Ripoli;2023;summer;Coypu;1
05/08/2023;3;20;30;08:20:00;D;Osmannoro;2023;summer;Human;1
05/08/2023;3;20;30;08:26:00;D;Osmannoro;2023;summer;Human;1
05/08/2023;3;20;30;08:56:00;D;Sesto4;2023;summer;EuropeanHare;1
05/08/2023;3;20;30;08:56:00;D;Sesto4;2023;summer;HoodedCrow;1
05/08/2023;3;20;30;08:56:00;D;Sesto4;2023;summer;RockPigeon;2
05/08/2023;3;20;30;08:57:00;D;Osmannoro;2023;summer;Human;2
05/08/2023;3;20;30;09:15:00;D;Osmannoro;2023;summer;Human;1
05/08/2023;3;20;30;09:23:00;D;Sesto4;2023;summer;RockPigeon;2
05/08/2023;3;20;30;09:25:00;D;Sesto4;2023;summer;HoodedCrow;1
05/08/2023;3;20;30;09:25:00;D;Sesto4;2023;summer;RockPigeon;1
05/08/2023;3;20;30;09:34:00;D;Sesto4;2023;summer;RockPigeon;1
05/08/2023;3;20;30;10:08:00;D;Osmannoro;2023;summer;Human;2
05/08/2023;3;20;30;12:00:00;D;Osmannoro;2023;summer;Human;2
05/08/2023;3;20;30;14:05:00;D;Osmannoro;2023;summer;Human;2
05/08/2023;3;20;30;14:58:00;D;Osmannoro;2023;summer;Human;2
05/08/2023;3;20;30;15:28:00;D;Osmannoro;2023;summer;Human;1
05/08/2023;3;20;30;15:31:00;D;Osmannoro;2023;summer;Human;1
05/08/2023;3;20;30;16:27:00;D;Sesto4;2023;summer;EuropeanHare;1
05/08/2023;3;20;30;17:21:00;D;Osmannoro;2023;summer;Human;2
05/08/2023;3;20;30;17:27:00;D;Cascine;2023;summer;RedSquirrel;1
05/08/2023;3;20;30;17:27:00;D;TorrinoSantarosa;2023;summer;AegyptianGoose;1
05/08/2023;3;20;30;00:08:00;N;CascineDelRiccio1;2023;summer;RedFox;1
05/08/2023;3;20;30;00:25:00;N;Sesto4;2023;summer;Hedgehog;1
05/08/2023;3;20;30;02:57:00;N;Sesto4;2023;summer;DomesticCat;1
05/08/2023;3;20;30;04:17:00;N;CascineDelRiccio3;2023;summer;RoeDeer;1
05/08/2023;3;20;30;05:56:00;N;Sesto4;2023;summer;Blackbird;2
05/08/2023;3;20;30;05:56:00;N;Empoli_Serravalle;2023;summer;DomesticDog;2
05/08/2023;3;20;30;06:00:00;N;Sesto4;2023;summer;Blackbird;1
05/08/2023;3;20;30;06:00:00;N;Empoli_Serravalle;2023;summer;DomesticDog;1
05/08/2023;3;20;30;07:25:00;D;Osmannoro;2023;summer;Human;1
05/08/2023;3;20;30;18:10:00;D;Sesto4;2023;summer;EurasianMagpie;1
05/08/2023;3;20;30;18:10:00;D;Sesto4;2023;summer;RockPigeon;1
05/08/2023;3;20;30;18:25:00;D;Osmannoro;2023;summer;Human;1
05/08/2023;3;20;30;19:10:00;D;Sesto4;2023;summer;EurasianMagpie;1
05/08/2023;3;20;30;19:10:00;D;Sesto4;2023;summer;EuropeanHare;1
05/08/2023;3;20;30;19:10:00;D;Sesto4;2023;summer;HoodedCrow;1
05/08/2023;3;20;30;23:52:00;N;Sesto4;2023;summer;Hedgehog;1
06/08/2023;2;21;30;08:35:00;D;Sesto4;2023;summer;EuropeanHare;1
06/08/2023;2;21;30;08:35:00;D;Sesto4;2023;summer;RockPigeon;12
06/08/2023;2;21;30;08:42:00;D;Sesto4;2023;summer;EuropeanHare;1
06/08/2023;2;21;30;08:42:00;D;Sesto4;2023;summer;RockPigeon;5
06/08/2023;2;21;30;08:44:00;D;Sesto4;2023;summer;EuropeanHare;1
06/08/2023;2;21;30;08:44:00;D;Sesto4;2023;summer;RockPigeon;1
06/08/2023;2;21;30;10:52:00;D;Osmannoro;2023;summer;Human;1
06/08/2023;2;21;30;16:23:00;D;Osmannoro;2023;summer;Human;2
06/08/2023;2;21;30;17:16:00;D;Sesto4;2023;summer;EurasianMagpie;1
06/08/2023;2;21;30;18:06:00;D;Sesto4;2023;summer;EurasianMagpie;1
06/08/2023;2;21;30;02:44:00;N;CascineDelRiccio1;2023;summer;RedFox;1
06/08/2023;2;21;30;06:17:00;D;CascineDelRiccio3;2023;summer;RoeDeer;1
06/08/2023;2;21;30;06:17:00;D;CascineDelRiccio3;2023;summer;WoodPigeon;1
06/08/2023;2;21;30;07:32:00;D;Osmannoro;2023;summer;Human;1
06/08/2023;2;21;30;19:34:00;D;Sesto4;2023;summer;RockPigeon;1
06/08/2023;2;21;30;19:45:00;D;Sesto4;2023;summer;EurasianMagpie;1
06/08/2023;2;21;30;19:51:00;D;Sesto4;2023;summer;EurasianMagpie;1
06/08/2023;2;21;30;02:44:00;N;TorrinoSantaRosa;2023;summer;NorwayRat;1
07/08/2023;2;22;30;10:11:00;D;Osmannoro;2023;summer;Human;1
07/08/2023;2;22;30;10:23:00;D;Sesto4;2023;summer;EurasianMagpie;2
07/08/2023;2;22;30;10:42:00;D;Sesto4;2023;summer;EuropeanHare;1
07/08/2023;2;22;30;10:45:00;D;Sesto4;2023;summer;EuropeanHare;1
07/08/2023;2;22;30;10:46:00;D;Sesto4;2023;summer;EuropeanHare;1
07/08/2023;2;22;30;10:49:00;D;Sesto4;2023;summer;EuropeanHare;1
07/08/2023;2;22;30;10:51:30;D;Sesto4;2023;summer;EuropeanHare;1
07/08/2023;2;22;30;10:55:00;D;Sesto4;2023;summer;EuropeanHare;1
07/08/2023;2;22;30;10:57:00;D;Sesto4;2023;summer;EuropeanHare;1
07/08/2023;2;22;30;11:38:00;D;Sesto4;2023;summer;EuropeanHare;1
07/08/2023;2;22;30;13:44:00;D;Osmannoro;2023;summer;Human;1
07/08/2023;2;22;30;16:56:00;D;Sesto4;2023;summer;EurasianMagpie;1
07/08/2023;2;22;30;17:50:00;D;Sesto4;2023;summer;EurasianMagpie;1
07/08/2023;2;22;30;17:50:00;D;Sesto4;2023;summer;EuropeanHare;1
07/08/2023;2;22;30;01:49:00;N;Osmannoro;2023;summer;Human;1
07/08/2023;2;22;30;01:59:00;N;CascineDelRiccio3;2023;summer;RedFox;1
07/08/2023;2;22;30;03:24:00;N;Sesto4;2023;summer;EuropeanHare;1
07/08/2023;2;22;30;18:55:00;D;Osmannoro;2023;summer;Human;1
07/08/2023;2;22;30;22:02:00;N;Sesto4;2023;summer;EuropeanHare;1
07/08/2023;2;22;30;22:04:00;N;Sesto4;2023;summer;EuropeanHare;1
07/08/2023;2;22;30;22:23:00;N;Sesto4;2023;summer;EuropeanHare;1
07/08/2023;2;22;30;23:12:00;N;Sesto4;2023;summer;EuropeanHare;1
07/08/2023;2;22;30;23:15:00;N;Sesto4;2023;summer;EuropeanHare;1
07/08/2023;2;22;30;23:18:00;N;Sesto4;2023;summer;EuropeanHare;1
07/08/2023;2;22;30;23:20:00;N;Sesto4;2023;summer;EuropeanHare;1
07/08/2023;2;22;30;23:23:00;N;Sesto4;2023;summer;EuropeanHare;1
07/08/2023;2;22;30;23:28:00;N;Sesto4;2023;summer;EuropeanHare;1
07/08/2023;2;22;30;23:30:00;N;Sesto4;2023;summer;EuropeanHare;1
07/08/2023;2;22;30;23:33:00;N;Sesto4;2023;summer;EuropeanHare;1
07/08/2023;2;22;30;23:35:00;N;Sesto4;2023;summer;EuropeanHare;1
07/08/2023;2;22;30;03:17:00;N;TorrinoSantaRosa;2023;summer;NorwayRat;1
07/08/2023;2;22;30;03:52:00;N;TorrinoSantaRosa;2023;summer;NorwayRat;1
07/08/2023;2;22;30;03:52:00;N;Bagno_a_Ripoli;2023;summer;Coypu;1
07/08/2023;2;22;30;04:33:00;N;TorrinoSantaRosa;2023;summer;NorwayRat;1
07/08/2023;2;22;30;04:33:00;N;Bagno_a_Ripoli;2023;summer;Coypu;3
07/08/2023;2;22;30;21:00:00;N;Bagno_a_Ripoli;2023;summer;Coypu;2
08/08/2023;2;23;0;08:27:00;D;Empoli_Serravalle;2023;summer;Human;2
08/08/2023;2;23;0;09:35:00;D;Empoli_Serravalle;2023;summer;Human;2
08/08/2023;2;23;0;10:59:00;D;Osmannoro;2023;summer;Human;2
08/08/2023;2;23;0;11:19:00;D;Osmannoro;2023;summer;Human;1
08/08/2023;2;23;0;11:35:00;D;Sesto4;2023;summer;EuropeanHare;1
08/08/2023;2;23;0;11:37:00;D;Sesto4;2023;summer;EuropeanHare;1
08/08/2023;2;23;0;11:39:00;D;Sesto4;2023;summer;EuropeanHare;1
08/08/2023;2;23;0;11:40:59;D;Sesto4;2023;summer;EuropeanHare;1
08/08/2023;2;23;0;11:42:00;D;Sesto4;2023;summer;EuropeanHare;1
08/08/2023;2;23;0;11:44:00;D;Sesto4;2023;summer;EuropeanHare;1
08/08/2023;2;23;0;11:46:00;D;Sesto4;2023;summer;EuropeanHare;1
08/08/2023;2;23;0;11:50:00;D;Sesto4;2023;summer;EuropeanHare;1
08/08/2023;2;23;0;11:53:00;D;Sesto4;2023;summer;EuropeanHare;1
08/08/2023;2;23;0;11:54:00;D;Sesto4;2023;summer;EuropeanHare;1
08/08/2023;2;23;0;11:57:00;D;Sesto4;2023;summer;EuropeanHare;1
08/08/2023;2;23;0;11:59:00;D;Sesto4;2023;summer;EuropeanHare;1
08/08/2023;2;23;0;12:02:00;D;Sesto4;2023;summer;EuropeanHare;1
08/08/2023;2;23;0;12:05:00;D;Sesto4;2023;summer;EuropeanHare;1
08/08/2023;2;23;0;00:00:00;N;Sesto4;2023;summer;EuropeanHare;1
08/08/2023;2;23;0;00:07:00;N;Sesto4;2023;summer;EuropeanHare;1
08/08/2023;2;23;0;00:11:00;N;Sesto4;2023;summer;EuropeanHare;1
08/08/2023;2;23;0;00:14:00;N;Sesto4;2023;summer;EuropeanHare;1
08/08/2023;2;23;0;00:16:00;N;Sesto4;2023;summer;EuropeanHare;1
08/08/2023;2;23;0;00:19:00;N;Sesto4;2023;summer;EuropeanHare;1
08/08/2023;2;23;0;00:21:00;N;Sesto4;2023;summer;EuropeanHare;1
08/08/2023;2;23;0;00:23:00;N;Sesto4;2023;summer;EuropeanHare;1
08/08/2023;2;23;0;00:26:00;N;Sesto4;2023;summer;EuropeanHare;1
08/08/2023;2;23;0;00:28:00;N;Sesto4;2023;summer;EuropeanHare;1
08/08/2023;2;23;0;01:11:00;N;Sesto4;2023;summer;DomesticCat;1
08/08/2023;2;23;0;01:45:00;N;CascineDelRiccio3;2023;summer;EuropeanBadger;1
08/08/2023;2;23;0;05:28:00;N;Empoli_Serravalle;2023;summer;Human;2
08/08/2023;2;23;0;23:14:00;N;Sesto4;2023;summer;EuropeanHare;1
08/08/2023;2;23;0;23:16:00;N;Sesto4;2023;summer;EuropeanHare;1
08/08/2023;2;23;0;23:19:00;N;Sesto4;2023;summer;EuropeanHare;1
08/08/2023;2;23;0;23:21:00;N;Sesto4;2023;summer;EuropeanHare;1
08/08/2023;2;23;0;23:25:00;N;Sesto4;2023;summer;EuropeanHare;1
08/08/2023;2;23;0;23:27:00;N;Sesto4;2023;summer;EuropeanHare;1
08/08/2023;2;23;0;23:28:00;N;Empoli_Serravalle;2023;summer;Human;1
08/08/2023;2;23;0;23:29:00;N;Sesto4;2023;summer;EuropeanHare;1
08/08/2023;2;23;0;23:31:00;N;Sesto4;2023;summer;EuropeanHare;1
08/08/2023;2;23;0;23:33:00;N;Sesto4;2023;summer;EuropeanHare;1
09/08/2023;2;24;0;09:17:00;D;Osmannoro;2023;summer;Human;2
09/08/2023;2;24;0;17:21:00;D;Osmannoro;2023;summer;Human;1
09/08/2023;2;24;0;18:26:00;D;Osmannoro;2023;summer;Human;1
09/08/2023;2;24;0;22:43:00;N;Osmannoro;2023;summer;Human;1
10/08/2023;2;25;0;09:53:00;D;Empoli_Serravalle;2023;summer;Human;2
10/08/2023;2;25;0;11:11:00;D;Empoli_Serravalle;2023;summer;Human;2
10/08/2023;2;25;0;12:40:00;D;Empoli_Serravalle;2023;summer;Human;1
10/08/2023;2;25;0;13:02:00;D;Empoli_Serravalle;2023;summer;Human;2
10/08/2023;2;25;0;14:03:00;D;Empoli_Serravalle;2023;summer;Human;2
10/08/2023;2;25;0;14:29:00;D;Empoli_Serravalle;2023;summer;Human;2
10/08/2023;2;25;0;15:20:00;D;Empoli_Serravalle;2023;summer;Human;2
10/08/2023;2;25;0;15:30:00;D;Empoli_Serravalle;2023;summer;Human;1
10/08/2023;2;25;0;17:17:00;D;Empoli_Serravalle;2023;summer;Human;2
10/08/2023;2;25;0;17:45:00;D;Empoli_Serravalle;2023;summer;Human;1
10/08/2023;2;25;0;00:13:00;N;CascineDelRiccio1;2023;summer;RedFox;1
10/08/2023;2;25;0;00:24:00;N;CascineDelRiccio3;2023;summer;RoeDeer;1
11/08/2023;1;26;0;10:38:00;D;Osmannoro;2023;summer;Human;2
11/08/2023;1;26;0;10:39:00;D;Sesto4;2023;summer;EuropeanHare;1
11/08/2023;1;26;0;10:43:00;D;Sesto4;2023;summer;EuropeanHare;1
11/08/2023;1;26;0;10:45:00;D;Sesto4;2023;summer;EuropeanHare;1
11/08/2023;1;26;0;10:51:00;D;Sesto4;2023;summer;EuropeanHare;1
11/08/2023;1;26;0;11:35:00;D;Sesto4;2023;summer;EuropeanHare;1
11/08/2023;1;26;0;11:40:00;D;Sesto4;2023;summer;EuropeanHare;1
11/08/2023;1;26;0;11:42:00;D;Sesto4;2023;summer;EuropeanHare;1
11/08/2023;1;26;0;11:53:00;D;Sesto4;2023;summer;EuropeanHare;1
11/08/2023;1;26;0;11:55:00;D;Sesto4;2023;summer;EuropeanHare;1
11/08/2023;1;26;0;12:00:00;D;Sesto4;2023;summer;EuropeanHare;1
11/08/2023;1;26;0;12:02:00;D;Sesto4;2023;summer;EuropeanHare;1
11/08/2023;1;26;0;12:04:00;D;Sesto4;2023;summer;EuropeanHare;1
11/08/2023;1;26;0;12:37:00;D;Sesto4;2023;summer;EuropeanHare;1
11/08/2023;1;26;0;12:39:00;D;Sesto4;2023;summer;EuropeanHare;1
11/08/2023;1;26;0;12:41:00;D;Sesto4;2023;summer;EuropeanHare;1
11/08/2023;1;26;0;12:43:00;D;Sesto4;2023;summer;EuropeanHare;1
11/08/2023;1;26;0;12:49:00;D;Sesto4;2023;summer;EuropeanHare;1
11/08/2023;1;26;0;12:51:00;D;Sesto4;2023;summer;EuropeanHare;1
11/08/2023;1;26;0;13:23:00;D;Osmannoro;2023;summer;Human;2
11/08/2023;1;26;0;13:27:00;D;Osmannoro;2023;summer;Human;2
11/08/2023;1;26;0;17:11:00;D;Sesto4;2023;summer;CommonPheasant;1
11/08/2023;1;26;0;00:08:00;N;Sesto4;2023;summer;EuropeanHare;1
11/08/2023;1;26;0;00:13:00;N;Sesto4;2023;summer;EuropeanHare;1
11/08/2023;1;26;0;00:16:00;N;Sesto4;2023;summer;EuropeanHare;1
11/08/2023;1;26;0;00:20:00;N;Sesto4;2023;summer;EuropeanHare;1
11/08/2023;1;26;0;00:24:00;N;Sesto4;2023;summer;EuropeanHare;1
11/08/2023;1;26;0;00:26:00;N;Sesto4;2023;summer;EuropeanHare;1
11/08/2023;1;26;0;00:29:00;N;Sesto4;2023;summer;EuropeanHare;1
11/08/2023;1;26;0;00:33:00;N;Sesto4;2023;summer;EuropeanHare;1
11/08/2023;1;26;0;00:35:00;N;Sesto4;2023;summer;EuropeanHare;1
11/08/2023;1;26;0;01:11:00;N;CascineDelRiccio3;2023;summer;EuropeanBadger;1
11/08/2023;1;26;0;06:15:00;D;Sesto4;2023;summer;Blackbird;1
11/08/2023;1;26;0;06:15:00;D;Empoli_Serravalle;2023;summer;DomesticDog;1
11/08/2023;1;26;0;06:52:00;D;Osmannoro;2023;summer;Human;1
11/08/2023;1;26;0;18:29:00;D;Osmannoro;2023;summer;Human;2
11/08/2023;1;26;0;18:56:00;D;Osmannoro;2023;summer;Human;1
11/08/2023;1;26;0;22:00:00;N;Sesto4;2023;summer;EuropeanHare;1
11/08/2023;1;26;0;22:35:00;N;Sesto4;2023;summer;EuropeanHare;1
11/08/2023;1;26;0;23:04:00;N;Sesto4;2023;summer;EuropeanHare;1
11/08/2023;1;26;0;23:12:00;N;Sesto4;2023;summer;EuropeanHare;1
11/08/2023;1;26;0;23:17:00;N;Sesto4;2023;summer;EuropeanHare;1
11/08/2023;1;26;0;23:19:00;N;Sesto4;2023;summer;EuropeanHare;1
11/08/2023;1;26;0;23:21:00;N;Sesto4;2023;summer;EuropeanHare;1
11/08/2023;1;26;0;23:26:00;N;Sesto4;2023;summer;EuropeanHare;1
11/08/2023;1;26;0;23:29:00;N;Sesto4;2023;summer;EuropeanHare;1
11/08/2023;1;26;0;23:32:00;N;Sesto4;2023;summer;EuropeanHare;1
12/08/2023;1;27;10;08:02:00;D;Empoli_Serravalle;2023;summer;Human;1
12/08/2023;1;27;10;08:14:00;D;Cascine;2023;summer;RedSquirrel;1
12/08/2023;1;27;10;09:00:00;D;Sesto4;2023;summer;EurasianMagpie;1
12/08/2023;1;27;10;09:00:00;D;Sesto4;2023;summer;EuropeanHare;1
12/08/2023;1;27;10;09:00:00;D;Sesto4;2023;summer;RockPigeon;4
12/08/2023;1;27;10;09:01:00;D;Sesto4;2023;summer;EurasianMagpie;1
12/08/2023;1;27;10;09:01:00;D;Sesto4;2023;summer;EuropeanHare;1
12/08/2023;1;27;10;09:01:00;D;Sesto4;2023;summer;RockPigeon;4
12/08/2023;1;27;10;09:06:00;D;Sesto4;2023;summer;EuropeanHare;1
12/08/2023;1;27;10;09:06:00;D;Sesto4;2023;summer;RockPigeon;3
12/08/2023;1;27;10;09:07:00;D;Empoli_Serravalle;2023;summer;Human;1
12/08/2023;1;27;10;09:12:00;D;Sesto4;2023;summer;EuropeanHare;1
12/08/2023;1;27;10;09:12:00;D;Sesto4;2023;summer;RockPigeon;4
12/08/2023;1;27;10;09:14:00;D;Sesto4;2023;summer;EuropeanHare;1
12/08/2023;1;27;10;09:14:00;D;Sesto4;2023;summer;RockPigeon;3
12/08/2023;1;27;10;09:16:00;D;Sesto4;2023;summer;EuropeanHare;1
12/08/2023;1;27;10;09:16:00;D;Sesto4;2023;summer;RockPigeon;4
12/08/2023;1;27;10;09:18:00;D;Sesto4;2023;summer;EuropeanHare;1
12/08/2023;1;27;10;09:18:00;D;Sesto4;2023;summer;RockPigeon;4
12/08/2023;1;27;10;09:20:00;D;Sesto4;2023;summer;EuropeanHare;1
12/08/2023;1;27;10;09:20:00;D;Sesto4;2023;summer;RockPigeon;1
12/08/2023;1;27;10;09:28:00;D;Osmannoro;2023;summer;Human;2
12/08/2023;1;27;10;09:57:00;D;Sesto4;2023;summer;EuropeanHare;1
12/08/2023;1;27;10;09:57:00;D;Empoli_Serravalle;2023;summer;Human;1
12/08/2023;1;27;10;10:29:00;D;Osmannoro;2023;summer;Human;1
12/08/2023;1;27;10;11:09:00;D;Empoli_Serravalle;2023;summer;Human;1
12/08/2023;1;27;10;11:11:00;D;Osmannoro;2023;summer;Human;2
12/08/2023;1;27;10;11:35:00;D;Sesto4;2023;summer;EuropeanHare;1
12/08/2023;1;27;10;11:39:00;D;Sesto4;2023;summer;EuropeanHare;1
12/08/2023;1;27;10;11:44:00;D;Sesto4;2023;summer;EuropeanHare;1
12/08/2023;1;27;10;11:46:00;D;Sesto4;2023;summer;EuropeanHare;1
12/08/2023;1;27;10;11:49:00;D;Sesto4;2023;summer;EuropeanHare;1
12/08/2023;1;27;10;11:52:00;D;Sesto4;2023;summer;EuropeanHare;1
12/08/2023;1;27;10;11:54:00;D;Osmannoro;2023;summer;Human;1
12/08/2023;1;27;10;11:55:00;D;Sesto4;2023;summer;EuropeanHare;1
12/08/2023;1;27;10;11:58:00;D;Sesto4;2023;summer;EuropeanHare;1
12/08/2023;1;27;10;12:00:00;D;Sesto4;2023;summer;EuropeanHare;1
12/08/2023;1;27;10;12:04:00;D;Sesto4;2023;summer;EuropeanHare;1
12/08/2023;1;27;10;12:27:00;D;Osmannoro;2023;summer;Human;1
12/08/2023;1;27;10;13:02:00;D;Osmannoro;2023;summer;Human;1
12/08/2023;1;27;10;14:18:00;D;Empoli_Serravalle;2023;summer;Human;1
12/08/2023;1;27;10;14:19:00;D;Empoli_Serravalle;2023;summer;Human;2
12/08/2023;1;27;10;14:46:00;D;Osmannoro;2023;summer;Human;1
12/08/2023;1;27;10;15:20:00;D;Osmannoro;2023;summer;Human;1
12/08/2023;1;27;10;15:38:00;D;Osmannoro;2023;summer;Human;1
12/08/2023;1;27;10;15:55:00;D;Empoli_Serravalle;2023;summer;Human;1
12/08/2023;1;27;10;16:13:00;D;Empoli_Serravalle;2023;summer;Human;1
12/08/2023;1;27;10;16:45:00;D;Sesto4;2023;summer;CommonPheasant;1
12/08/2023;1;27;10;16:51:00;D;Empoli_Serravalle;2023;summer;Human;1
12/08/2023;1;27;10;16:56:00;D;Osmannoro;2023;summer;Human;1
12/08/2023;1;27;10;17:35:00;D;Sesto4;2023;summer;EuropeanHare;1
12/08/2023;1;27;10;17:43:00;D;Sesto4;2023;summer;EuropeanHare;1
12/08/2023;1;27;10;17:43:00;D;Sesto4;2023;summer;RockPigeon;1
12/08/2023;1;27;10;00:06:00;N;Sesto4;2023;summer;EuropeanHare;1
12/08/2023;1;27;10;00:11:00;N;Sesto4;2023;summer;EuropeanHare;1
12/08/2023;1;27;10;00:18:00;N;Sesto4;2023;summer;EuropeanHare;1
12/08/2023;1;27;10;01:40:00;N;Empoli_Serravalle;2023;summer;EasternCottontail;1
12/08/2023;1;27;10;01:46:00;N;Empoli_Serravalle;2023;summer;EasternCottontail;1
12/08/2023;1;27;10;01:48:00;N;Empoli_Serravalle;2023;summer;EasternCottontail;1
12/08/2023;1;27;10;02:20:00;N;Empoli_Serravalle;2023;summer;Human;1
12/08/2023;1;27;10;03:35:00;N;Empoli_Serravalle;2023;summer;EasternCottontail;1
12/08/2023;1;27;10;05:08:00;N;Sesto4;2023;summer;Hedgehog;1
12/08/2023;1;27;10;05:46:00;N;Empoli_Serravalle;2023;summer;EasternCottontail;1
12/08/2023;1;27;10;07:18:00;D;Sesto4;2023;summer;EuropeanHare;2
12/08/2023;1;27;10;07:37:00;D;Empoli_Serravalle;2023;summer;DomesticDog;1
12/08/2023;1;27;10;07:37:00;D;Empoli_Serravalle;2023;summer;EasternCottontail;1
12/08/2023;1;27;10;07:37:00;D;Empoli_Serravalle;2023;summer;Human;2
12/08/2023;1;27;10;07:40:00;D;Empoli_Serravalle;2023;summer;Human;1
12/08/2023;1;27;10;07:46:00;D;Osmannoro;2023;summer;Human;1
12/08/2023;1;27;10;07:50:00;D;Osmannoro;2023;summer;Human;2
12/08/2023;1;27;10;07:58:00;D;Empoli_Serravalle;2023;summer;Human;1
12/08/2023;1;27;10;18:36:00;D;Sesto4;2023;summer;EurasianMagpie;1
12/08/2023;1;27;10;18:39:00;D;Osmannoro;2023;summer;Human;1
12/08/2023;1;27;10;19:00:00;D;Sesto4;2023;summer;Blackbird;1
12/08/2023;1;27;10;19:00:00;D;Empoli_Serravalle;2023;summer;DomesticDog;1
12/08/2023;1;27;10;19:00:00;D;Sesto4;2023;summer;RockPigeon;1
12/08/2023;1;27;10;23:09:00;N;Sesto4;2023;summer;EuropeanHare;1
12/08/2023;1;27;10;23:21:00;N;Sesto4;2023;summer;EuropeanHare;1
12/08/2023;1;27;10;23:24:00;N;Sesto4;2023;summer;EuropeanHare;1
12/08/2023;1;27;10;23:27:00;N;Sesto4;2023;summer;EuropeanHare;1
12/08/2023;1;27;10;23:28:00;N;Sesto4;2023;summer;EuropeanHare;1
12/08/2023;1;27;10;08:37:00;N;Bagno_a_Ripoli;2023;summer;Coypu;1
12/08/2023;1;27;10;21:58:00;N;TorrinoSantaRosa;2023;summer;NorwayRat;1
13/08/2023;1;28;10;08:15:00;D;Sesto4;2023;summer;EuropeanHare;3
13/08/2023;1;28;10;08:34:00;D;Empoli_Serravalle;2023;summer;EasternCottontail;1
13/08/2023;1;28;10;09:09:00;D;Empoli_Serravalle;2023;summer;EasternCottontail;1
13/08/2023;1;28;10;09:56:00;D;Osmannoro;2023;summer;Human;1
13/08/2023;1;28;10;10:44:00;D;Osmannoro;2023;summer;Human;1
13/08/2023;1;28;10;10:57:00;D;Osmannoro;2023;summer;Human;1
13/08/2023;1;28;10;11:23:00;D;Osmannoro;2023;summer;Human;2
13/08/2023;1;28;10;01:22:00;N;CascineDelRiccio3;2023;summer;RedFox;1
13/08/2023;1;28;10;01:48:00;N;CascineDelRiccio1;2023;summer;RedFox;1
13/08/2023;1;28;10;01:49:00;N;CascineDelRiccio1;2023;summer;RedFox;1
13/08/2023;1;28;10;03:44:00;N;Empoli_Serravalle;2023;summer;EasternCottontail;1
13/08/2023;1;28;10;03:44:00;N;Empoli_Serravalle;2023;summer;RedFox;1
13/08/2023;1;28;10;03:55:00;N;Empoli_Serravalle;2023;summer;EasternCottontail;1
13/08/2023;1;28;10;05:07:00;N;Empoli_Serravalle;2023;summer;EasternCottontail;1
13/08/2023;1;28;10;05:29:00;N;Empoli_Serravalle;2023;summer;EasternCottontail;1
13/08/2023;1;28;10;05:29:00;N;Empoli_Serravalle;2023;summer;RedFox;1
13/08/2023;1;28;10;05:54:00;N;Empoli_Serravalle;2023;summer;EasternCottontail;1
13/08/2023;1;28;10;06:31:00;D;Empoli_Serravalle;2023;summer;EasternCottontail;1
13/08/2023;1;28;10;06:31:00;D;Empoli_Serravalle;2023;summer;RedFox;1
13/08/2023;1;28;10;07:31:00;D;Empoli_Serravalle;2023;summer;EasternCottontail;1
13/08/2023;1;28;10;07:55:00;D;Osmannoro;2023;summer;Human;2
13/08/2023;1;28;10;20:41:00;N;Sesto4;2023;summer;EuropeanHare;1
13/08/2023;1;28;10;20:47:00;N;Osmannoro;2023;summer;Human;1
13/08/2023;1;28;10;23:01:00;N;CascineDelRiccio3;2023;summer;RoeDeer;1
13/08/2023;1;28;10;03:00:00;N;TorrinoSantaRosa;2023;summer;NorwayRat;1
13/08/2023;1;28;10;21:51:00;N;Bagno_a_Ripoli;2023;summer;Coypu;1
14/08/2023;1;29;10;08:06:00;D;Sesto4;2023;summer;EuropeanHare;1
14/08/2023;1;29;10;09:05:00;D;Osmannoro;2023;summer;Human;1
14/08/2023;1;29;10;09:35:00;D;Osmannoro;2023;summer;Human;1
14/08/2023;1;29;10;09:41:00;D;TorrinoSantarosa;2023;summer;AegyptianGoose;1
14/08/2023;1;29;10;09:41:00;D;Osmannoro;2023;summer;Human;1
14/08/2023;1;29;10;10:04:00;D;Empoli_Serravalle;2023;summer;Human;1
14/08/2023;1;29;10;10:07:00;D;Osmannoro;2023;summer;Human;1
14/08/2023;1;29;10;11:03:00;D;Empoli_Serravalle;2023;summer;Human;1
14/08/2023;1;29;10;11:08:00;D;Empoli_Serravalle;2023;summer;Human;1
14/08/2023;1;29;10;11:10:00;D;Empoli_Serravalle;2023;summer;Human;2
14/08/2023;1;29;10;11:31:00;D;Empoli_Serravalle;2023;summer;Human;2
14/08/2023;1;29;10;11:47:00;D;Osmannoro;2023;summer;Human;1
14/08/2023;1;29;10;12:24:00;D;Osmannoro;2023;summer;Human;2
14/08/2023;1;29;10;12:42:00;D;Empoli_Serravalle;2023;summer;Human;1
14/08/2023;1;29;10;13:50:00;D;Osmannoro;2023;summer;Human;2
14/08/2023;1;29;10;14:13:00;D;Osmannoro;2023;summer;Human;1
14/08/2023;1;29;10;15:01:00;D;Empoli_Serravalle;2023;summer;Human;1
14/08/2023;1;29;10;16:35:00;D;Cascine;2023;summer;RedSquirrel;1
14/08/2023;1;29;10;00:11:00;N;Osmannoro;2023;summer;Human;1
14/08/2023;1;29;10;01:30:00;N;CascineDelRiccio3;2023;summer;RedFox;1
14/08/2023;1;29;10;02:44:00;N;Osmannoro;2023;summer;Human;2
14/08/2023;1;29;10;03:55:00;N;Sesto4;2023;summer;Hedgehog;1
14/08/2023;1;29;10;04:03:00;N;Sesto4;2023;summer;Hedgehog;1
14/08/2023;1;29;10;05:28:00;N;Empoli_Serravalle;2023;summer;Human;1
14/08/2023;1;29;10;07:13:00;D;Empoli_Serravalle;2023;summer;Human;1
14/08/2023;1;29;10;18:18:00;D;Osmannoro;2023;summer;Human;1
15/08/2023;1;1;10;08:07:00;D;Osmannoro;2023;summer;Human;1
15/08/2023;1;1;10;10:48:00;D;Osmannoro;2023;summer;Human;2
15/08/2023;1;1;10;12:12:00;D;Osmannoro;2023;summer;Human;2
15/08/2023;1;1;10;15:39:00;D;Osmannoro;2023;summer;Human;1
15/08/2023;1;1;10;16:37:00;D;Osmannoro;2023;summer;Human;1
15/08/2023;1;1;10;17:02:00;D;Osmannoro;2023;summer;Human;1
15/08/2023;1;1;10;18:00:00;D;Osmannoro;2023;summer;Human;1
15/08/2023;1;1;10;02:31:00;N;CascineDelRiccio3;2023;summer;Hedgehog;1
15/08/2023;1;1;10;02:31:00;N;CascineDelRiccio3;2023;summer;LittleOwl;1
15/08/2023;1;1;10;02:52:00;N;Empoli_Serravalle;2023;summer;EasternCottontail;1
15/08/2023;1;1;10;02:52:00;N;Empoli_Serravalle;2023;summer;RedFox;1
15/08/2023;1;1;10;04:19:00;N;Empoli_Serravalle;2023;summer;EasternCottontail;1
15/08/2023;1;1;10;04:19:00;N;Empoli_Serravalle;2023;summer;RedFox;1
15/08/2023;1;1;10;05:41:00;N;Sesto4;2023;summer;Hedgehog;1
15/08/2023;1;1;10;06:46:00;D;Empoli_Serravalle;2023;summer;EasternCottontail;1
15/08/2023;1;1;10;06:46:00;D;Empoli_Serravalle;2023;summer;GreyHeron;1
15/08/2023;1;1;10;07:38:00;D;Osmannoro;2023;summer;Human;1
15/08/2023;1;1;10;20:40:00;N;Osmannoro;2023;summer;Human;1
15/08/2023;1;1;10;23:15:12;N;Focognano;2023;summer;StoneMarten;1
15/08/2023;1;1;10;22:12:00;N;TorrinoSantaRosa;2023;summer;NorwayRat;1
16/08/2023;1;2;10;08:47:00;D;Osmannoro;2023;summer;Human;2
16/08/2023;1;2;10;10:42:00;D;Osmannoro;2023;summer;Human;1
16/08/2023;1;2;10;11:23:00;D;Osmannoro;2023;summer;Human;1
16/08/2023;1;2;10;15:25:00;D;Osmannoro;2023;summer;Human;2
16/08/2023;1;2;10;16:35:00;D;Osmannoro;2023;summer;Human;1
16/08/2023;1;2;10;03:02:00;N;Empoli_Serravalle;2023;summer;RedFox;1
16/08/2023;1;2;10;05:12:00;N;Empoli_Serravalle;2023;summer;RedFox;1
16/08/2023;1;2;10;18:48:00;D;Osmannoro;2023;summer;Human;1
16/08/2023;1;2;10;08:00:00;N;TorrinoSantaRosa;2023;summer;NorwayRat;1
16/08/2023;1;2;10;08:00:00;N;Bagno_a_Ripoli;2023;summer;Coypu;1
17/08/2023;1;3;10;08:43:00;D;Osmannoro;2023;summer;Human;2
17/08/2023;1;3;10;11:17:00;D;Osmannoro;2023;summer;Human;1
17/08/2023;1;3;10;14:09:00;D;Osmannoro;2023;summer;Human;2
17/08/2023;1;3;10;01:27:00;N;CascineDelRiccio3;2023;summer;EuropeanBadger;1
17/08/2023;1;3;10;01:35:00;N;Sesto4;2023;summer;EuropeanHare;1
17/08/2023;1;3;10;01:37:00;N;Sesto4;2023;summer;EuropeanHare;1
17/08/2023;1;3;10;04:37:30;N;Sesto4;2023;summer;Hedgehog;1
18/08/2023;2;4;10;11:25:00;D;Osmannoro;2023;summer;Human;1
18/08/2023;2;4;10;12:01:00;D;Osmannoro;2023;summer;Human;1
18/08/2023;2;4;10;01:35:00;N;CascineDelRiccio3;2023;summer;RedFox;1
18/08/2023;2;4;10;03:05:00;N;CascineDelRiccio3;2023;summer;RedFox;1
18/08/2023;2;4;10;05:03:00;N;Sesto4;2023;summer;Hedgehog;1
18/08/2023;2;4;10;05:26:00;N;CascineDelRiccio1;2023;summer;RedFox;1
18/08/2023;2;4;10;05:29:00;N;Sesto4;2023;summer;Hedgehog;1
18/08/2023;2;4;10;20:27:00;D;Osmannoro;2023;summer;Human;1
18/08/2023;2;4;10;21:29:27;N;Ponteallindiano2;2023;summer;StoneMarten;1
19/08/2023;2;5;100;08:35:00;D;Osmannoro;2023;summer;Human;2
19/08/2023;2;5;100;11:20:00;D;Osmannoro;2023;summer;Human;1
19/08/2023;2;5;100;16:17:00;D;Osmannoro;2023;summer;Human;2
19/08/2023;2;5;100;16:59:00;D;Osmannoro;2023;summer;Human;2
19/08/2023;2;5;100;04:54:00;N;Empoli_Serravalle;2023;summer;RedFox;1
19/08/2023;2;5;100;07:58:00;D;Empoli_Serravalle;2023;summer;DomesticDog;1
19/08/2023;2;5;100;07:59:00;D;Empoli_Serravalle;2023;summer;DomesticDog;2
19/08/2023;2;5;100;18:46:00;D;Sesto4;2023;summer;EuropeanHare;1
19/08/2023;2;5;100;08:15:00;N;TorrinoSantaRosa;2023;summer;NorwayRat;1
19/08/2023;2;5;100;08:15:00;N;Bagno_a_Ripoli;2023;summer;Coypu;1
19/08/2023;2;5;100;19:33:00;N;TorrinoSantaRosa;2023;summer;NorwayRat;1
19/08/2023;2;5;100;19:33:00;N;Bagno_a_Ripoli;2023;summer;Coypu;1
20/08/2023;2;6;100;10:50:00;D;Osmannoro;2023;summer;Human;1
20/08/2023;2;6;100;11:13:00;D;Osmannoro;2023;summer;Human;1
20/08/2023;2;6;100;18:08:00;D;Osmannoro;2023;summer;Human;1
20/08/2023;2;6;100;04:16:00;N;Sesto4;2023;summer;Hedgehog;1
20/08/2023;2;6;100;04:59:00;N;Empoli_Serravalle;2023;summer;RedFox;1
20/08/2023;2;6;100;05:00:00;N;Empoli_Serravalle;2023;summer;RedFox;1
20/08/2023;2;6;100;05:21:00;N;Empoli_Serravalle;2023;summer;RedFox;1
20/08/2023;2;6;100;06:43:00;D;Empoli_Serravalle;2023;summer;DomesticDog;1
20/08/2023;2;6;100;06:44:00;D;Empoli_Serravalle;2023;summer;DomesticDog;2
20/08/2023;2;6;100;06:46:00;D;Empoli_Serravalle;2023;summer;DomesticDog;1
20/08/2023;2;6;100;06:48:00;D;TorrinoSantarosa;2023;summer;AegyptianGoose;2
20/08/2023;2;6;100;06:48:00;D;Empoli_Serravalle;2023;summer;DomesticDog;2
20/08/2023;2;6;100;06:51:00;D;Empoli_Serravalle;2023;summer;DomesticDog;2
21/08/2023;3;7;80;09:39:00;D;Osmannoro;2023;summer;Human;1
21/08/2023;3;7;80;00:57:00;N;CascineDelRiccio1;2023;summer;RedFox;1
21/08/2023;3;7;80;02:58:00;N;CascineDelRiccio3;2023;summer;EuropeanHare;1
21/08/2023;3;7;80;03:47:00;N;CascineDelRiccio1;2023;summer;RedFox;1
21/08/2023;3;7;80;06:53:00;D;Empoli_Serravalle;2023;summer;DomesticDog;1
21/08/2023;3;7;80;06:55:00;D;Empoli_Serravalle;2023;summer;DomesticDog;2
21/08/2023;3;7;80;07:00:00;D;Empoli_Serravalle;2023;summer;DomesticDog;1
21/08/2023;3;7;80;07:02:00;D;Empoli_Serravalle;2023;summer;DomesticDog;1
22/08/2023;3;8;80;23:52:00;N;CascineDelRiccio1;2023;summer;RedFox;1
23/08/2023;3;9;80;12:01:00;D;Osmannoro;2023;summer;Human;1
23/08/2023;3;9;80;12:34:00;D;Osmannoro;2023;summer;Human;1
23/08/2023;3;9;80;14:11:00;D;Osmannoro;2023;summer;Human;1
23/08/2023;3;9;80;03:42:00;N;CascineDelRiccio2;2023;summer;StoneMarten;1
23/08/2023;3;9;80;22:06:00;N;Osmannoro;2023;summer;Hedgehog;1
23/08/2023;3;9;80;22:52:00;N;CascineDelRiccio1;2023;summer;RedFox;1
23/08/2023;3;9;80;23:05:00;N;Osmannoro;2023;summer;Hedgehog;1
23/08/2023;3;9;80;23:08:00;N;Osmannoro;2023;summer;Hedgehog;1
23/08/2023;3;9;80;23:43:00;N;Osmannoro;2023;summer;Human;2
23/08/2023;3;9;80;03:14:00;N;TorrinoSantaRosa;2023;summer;NorwayRat;1
23/08/2023;3;9;80;23:45:00;N;Empoli_Serravalle;2023;summer;EasternCottontail;1
24/08/2023;4;10;80;12:37:00;D;Osmannoro;2023;summer;Human;2
24/08/2023;4;10;80;20:54:00;N;Osmannoro;2023;summer;Human;1
24/08/2023;4;10;80;22:48:00;N;Osmannoro;2023;summer;Human;2
25/08/2023;4;11;30;08:20:00;D;Osmannoro;2023;summer;Human;2
25/08/2023;4;11;30;09:57:00;D;Osmannoro;2023;summer;Human;1
25/08/2023;4;11;30;10:52:00;D;Osmannoro;2023;summer;Human;1
25/08/2023;4;11;30;11:34:00;D;Osmannoro;2023;summer;Human;2
25/08/2023;4;11;30;14:20:00;D;Osmannoro;2023;summer;Human;1
25/08/2023;4;11;30;02:22:00;N;CascineDelRiccio3;2023;summer;EuropeanBadger;1
25/08/2023;4;11;30;07:46:00;D;Osmannoro;2023;summer;Human;2
25/08/2023;4;12;30;21:17:00;N;Osmannoro;2023;summer;Hedgehog;1
26/08/2023;4;13;30;08:32:00;D;Empoli_Serravalle;2023;summer;Coypu;1
26/08/2023;4;13;30;08:55:00;D;Empoli_Serravalle;2023;summer;Coypu;1
26/08/2023;4;13;30;10:03:00;D;Osmannoro;2023;summer;Human;2
26/08/2023;4;13;30;10:34:00;D;Osmannoro;2023;summer;Human;1
26/08/2023;4;13;30;11:16:00;D;Osmannoro;2023;summer;Human;1
26/08/2023;4;13;30;02:10:00;N;Osmannoro;2023;summer;Human;1
26/08/2023;4;13;30;05:28:00;N;Osmannoro;2023;summer;Human;1
26/08/2023;4;13;30;06:21:00;D;Osmannoro;2023;summer;Human;1
26/08/2023;4;13;30;07:08:00;D;Empoli_Serravalle;2023;summer;Coypu;1
26/08/2023;4;13;30;07:28:00;D;Empoli_Serravalle;2023;summer;Coypu;1
26/08/2023;4;13;30;07:54:00;D;Osmannoro;2023;summer;Human;1
27/08/2023;4;14;5;17:21:00;D;Sesto7;2023;summer;EuropeanHare;1
27/08/2023;4;14;5;00:24:00;N;Empoli_Serravalle;2023;summer;DomesticDog;1
27/08/2023;4;14;5;00:26:00;N;Empoli_Serravalle;2023;summer;DomesticDog;1
27/08/2023;4;14;5;06:49:00;D;Empoli_Serravalle;2023;summer;Kingfisher;1
27/08/2023;4;14;5;07:53:00;D;Osmannoro;2023;summer;Human;1
27/08/2023;4;14;5;20:16:00;D;Sesto7;2023;summer;EuropeanHare;1
27/08/2023;4;14;5;21:20:00;N;Empoli_Serravalle;2023;summer;Coypu;1
27/08/2023;4;14;5;21:20:00;N;Empoli_Serravalle;2023;summer;Coypu;1
27/08/2023;4;14;5;21:21:00;N;Empoli_Serravalle;2023;summer;Coypu;1
27/08/2023;4;14;5;22:03:00;N;Empoli_Serravalle;2023;summer;Coypu;1
27/08/2023;4;14;5;23:02:00;N;CascineDelRiccio3;2023;summer;RedFox;1
28/08/2023;4;15;5;08:42:00;D;Osmannoro;2023;summer;Human;1
28/08/2023;4;15;5;09:28:00;D;Sesto7;2023;summer;RockPigeon;7
28/08/2023;4;15;5;09:54:00;D;Osmannoro;2023;summer;Human;1
28/08/2023;4;15;5;10:32:00;D;Osmannoro;2023;summer;Human;1
28/08/2023;4;15;5;13:10:00;D;Osmannoro;2023;summer;Human;2
28/08/2023;4;15;5;22:03:00;N;Empoli_Serravalle;2023;summer;Coypu;1
28/08/2023;4;15;5;22:04:00;N;Empoli_Serravalle;2023;summer;Coypu;1
28/08/2023;4;15;5;22:04:00;N;Empoli_Serravalle;2023;summer;Coypu;1
28/08/2023;4;15;5;22:05:00;N;Empoli_Serravalle;2023;summer;Coypu;1
28/08/2023;4;15;5;22:05:00;N;Empoli_Serravalle;2023;summer;Coypu;1
29/08/2023;4;16;5;04:50:00;N;Empoli_Serravalle;2023;summer;RedFox;1
29/08/2023;4;16;5;18:23:59;D;Sesto7;2023;summer;EuropeanHare;1
29/08/2023;4;16;5;22:06:00;N;Empoli_Serravalle;2023;summer;Coypu;1
30/08/2023;3;17;0;08:31:00;D;Sesto7;2023;summer;CommonPheasant;1
30/08/2023;3;17;0;16:44:00;D;Osmannoro;2023;summer;Human;1
30/08/2023;3;17;0;04:46:00;N;Empoli_Serravalle;2023;summer;RedFox;1
30/08/2023;3;17;0;19:46:00;D;Sesto7;2023;summer;EuropeanHare;1
30/08/2023;3;17;0;19:47:00;D;Sesto7;2023;summer;EuropeanHare;1
30/08/2023;3;17;0;19:49:00;D;Sesto7;2023;summer;EuropeanHare;1
30/08/2023;3;17;0;19:57:00;D;Osmannoro;2023;summer;Human;2
30/08/2023;3;17;0;20:18:00;D;Osmannoro;2023;summer;Human;1
30/08/2023;3;17;0;22:06:00;N;Empoli_Serravalle;2023;summer;Coypu;1
30/08/2023;3;17;0;22:09:00;N;Empoli_Serravalle;2023;summer;Coypu;1
30/08/2023;3;17;0;22:10:00;N;Empoli_Serravalle;2023;summer;Coypu;1
30/08/2023;3;17;0;22:11:00;N;Empoli_Serravalle;2023;summer;Coypu;1
30/08/2023;3;17;0;22:13:00;N;Empoli_Serravalle;2023;summer;Coypu;1
30/08/2023;3;17;0;22:13:00;N;Empoli_Serravalle;2023;summer;Coypu;1
30/08/2023;3;17;0;22:14:00;N;Empoli_Serravalle;2023;summer;Coypu;1
31/08/2023;3;18;30;17:58:00;N;Osmannoro;2023;summer;Human;2
31/08/2023;3;18;30;10:53:00;D;Osmannoro;2023;summer;Human;1
31/08/2023;3;18;30;16:30:00;D;Osmannoro;2023;summer;Human;1
31/08/2023;3;18;30;05:37:00;N;Sesto7;2023;summer;RedFox;1
31/08/2023;3;18;30;07:09:00;D;Sesto7;2023;summer;Blackbird;1
31/08/2023;3;18;30;07:09:00;D;Empoli_Serravalle;2023;summer;DomesticDog;1
31/08/2023;3;18;30;07:09:00;D;Sesto7;2023;summer;EuropeanHare;1
31/08/2023;3;18;30;07:10:00;D;Sesto7;2023;summer;EurasianMagpie;2
31/08/2023;3;18;30;22:13:00;N;Empoli_Serravalle;2023;summer;Human;2
31/08/2023;3;18;30;22:15:00;N;Empoli_Serravalle;2023;summer;Coypu;1
31/08/2023;3;18;30;22:15:00;N;Empoli_Serravalle;2023;summer;Coypu;1
31/08/2023;3;18;30;22:19:00;N;Empoli_Serravalle;2023;summer;Coypu;1
31/08/2023;3;18;30;22:30:00;N;Empoli_Serravalle;2023;summer;Coypu;1
31/08/2023;3;18;30;22:33:00;N;Empoli_Serravalle;2023;summer;Coypu;1
31/08/2023;3;18;30;22:35:00;N;Empoli_Serravalle;2023;summer;Coypu;1
31/08/2023;3;18;30;22:41:00;N;Empoli_Serravalle;2023;summer;Coypu;1
31/08/2023;3;18;30;16:52:00;N;TorrinoSantaRosa;2023;summer;NorwayRat;1
31/08/2023;3;18;30;16:52:00;N;Bagno_a_Ripoli;2023;summer;Coypu;2
01/04/2023;4;12;80;09:32:00;D;Cascine;2023;spring;RedSquirrel;1
01/04/2023;4;12;80;09:54:00;D;Cascine;2023;spring;RedSquirrel;1
01/04/2023;4;12;80;07:10:30;N;Sesto4;2023;spring;DomesticCat;1
01/04/2023;4;12;80;07:10:35;N;Sesto4;2023;spring;DomesticCat;1
01/04/2023;4;12;80;07:11:02;N;Sesto4;2023;spring;DomesticCat;1
06/04/2023;3;17;80;17:50:00;D;Cascine;2023;spring;RedSquirrel;1
09/04/2023;3;20;80;17:24:00;D;Cascine;2023;spring;RedSquirrel;1
09/04/2023;3;20;80;17:24:00;D;TorrinoSantarosa;2023;spring;AegyptianGoose;1
12/04/2023;2;23;25;23:15:12;N;Cascine;2023;spring;StoneMarten;1
13/04/2023;2;24;25;21:35:00;N;Cascine;2023;spring;StoneMarten;1
21/04/2023;1;2;25;12:34:00;D;Osmannoro;2023;spring;Human;2
21/04/2023;1;2;25;13:48:00;D;Osmannoro;2023;spring;Human;2
22/04/2023;1;3;25;08:50:00;D;Empoli_Serravalle;2023;spring;DomesticDog;1
22/04/2023;1;3;25;08:52:00;D;Empoli_Serravalle;2023;spring;DomesticDog;1
22/04/2023;1;3;25;09:52:00;D;Osmannoro;2023;spring;Human;1
22/04/2023;1;3;25;10:21:00;D;Osmannoro;2023;spring;Human;2
22/04/2023;1;3;25;10:21:00;D;Osmannoro;2023;spring;Human;2
22/04/2023;1;3;25;13:44:00;D;Osmannoro;2023;spring;Human;2
22/04/2023;1;3;25;13:44:00;D;Osmannoro;2023;spring;Human;2
22/04/2023;1;3;25;15:40:00;D;Osmannoro;2023;spring;Human;2
22/04/2023;1;3;25;15:40:00;D;Osmannoro;2023;spring;Human;2
23/04/2023;2;4;25;15:27:00;D;Osmannoro;2023;spring;Human;2
24/04/2023;2;5;25;11:40:00;D;Osmannoro;2023;spring;Human;1
24/04/2023;2;5;25;13:45:00;D;Osmannoro;2023;spring;Human;1
24/04/2023;2;5;25;01:02:00;N;Cascine;2023;spring;StoneMarten;1
25/04/2023;2;6;25;08:42:00;D;Osmannoro;2023;spring;Human;2
25/04/2023;2;6;25;09:45:00;D;Osmannoro;2023;spring;Human;1
25/04/2023;2;6;25;09:45:00;D;TorrinoSantarosa;2023;spring;AegyptianGoose;1
25/04/2023;2;6;25;11:07:00;D;Osmannoro;2023;spring;Human;2
25/04/2023;2;6;25;11:07:00;D;Osmannoro;2023;spring;Human;2
25/04/2023;2;6;25;14:21:00;D;Osmannoro;2023;spring;Human;1
25/04/2023;2;6;25;14:34:00;D;Osmannoro;2023;spring;Human;1
25/04/2023;2;6;25;16:58:00;D;Osmannoro;2023;spring;Human;1
26/04/2023;3;7;25;09:07:00;D;Osmannoro;2023;spring;Human;2
26/04/2023;3;7;25;09:45:00;D;Osmannoro;2023;spring;Human;1
26/04/2023;3;7;25;09:45:00;D;Osmannoro;2023;spring;Human;2
26/04/2023;3;7;25;09:45:00;D;TorrinoSantarosa;2023;spring;AegyptianGoose;1
26/04/2023;3;7;25;09:45:00;D;TorrinoSantarosa;2023;spring;AegyptianGoose;2
26/04/2023;3;7;25;11:12:00;D;Osmannoro;2023;spring;Human;1
26/04/2023;3;7;25;12:23:00;D;Osmannoro;2023;spring;Human;2
27/04/2023;3;8;25;10:06:00;D;Osmannoro;2023;spring;Human;2
27/04/2023;3;8;25;10:47:00;D;Osmannoro;2023;spring;Human;2
27/04/2023;3;8;25;10:47:00;D;Osmannoro;2023;spring;Human;2
27/04/2023;3;8;25;13:29:00;D;Empoli_Serravalle;2023;spring;Human;1
28/04/2023;3;9;25;14:48:00;D;Osmannoro;2023;spring;Human;2
28/04/2023;3;9;25;15:40:00;D;Empoli_Serravalle;2023;spring;Human;2
28/04/2023;3;9;25;16:01:00;D;Osmannoro;2023;spring;Human;2
28/04/2023;3;9;25;17:02:00;D;Osmannoro;2023;spring;Human;2
28/04/2023;3;9;25;17:05:00;D;Osmannoro;2023;spring;Human;2
28/04/2023;3;9;25;17:59:00;D;Osmannoro;2023;spring;Human;1
29/04/2023;4;10;25;12:45:00;D;Osmannoro;2023;spring;Human;1
29/04/2023;4;10;25;06:38:00;N;Osmannoro;2023;spring;Human;1
29/04/2023;4;10;25;06:38:00;N;TorrinoSantarosa;2023;spring;AegyptianGoose;1
29/04/2023;4;10;25;18:28:00;D;Osmannoro;2023;spring;Human;2
30/04/2023;4;11;25;09:35:00;D;Empoli_Serravalle;2023;spring;Human;2
30/04/2023;4;11;25;09:35:00;D;Osmannoro;2023;spring;Human;2
30/04/2023;4;11;25;14:03:00;D;Empoli_Serravalle;2023;spring;Human;2
05/09/2023;2;23;0;01:53:39;N;Ponteallindiano2;2023;summer;CrestedPorcupine;1
25/03/2024;2;24;50;01:01:00;N;Villa Stibbert;2024;spring;EuropeanBadger;1
25/03/2024;2;24;50;07:21:00;N;Villa Stibbert;2024;spring;RedSquirrel;1
25/03/2024;2;24;50;13:11:00;N;Villa Stibbert;2024;spring;DomesticCat;1
25/03/2024;2;24;50;17:48:00;N;Villa Stibbert;2024;spring;RedFox;1
27/03/2024;1;26;50;04:28:00;N;Villa Stibbert;2024;spring;CrestedPorcupine;3
01/04/2024;1;2;100;01:06:00;N;Bagnese;2024;spring;StoneMarten;1
01/04/2024;1;2;100;02:15:00;N;Villa Stibbert;2024;spring;CrestedPorcupine;1
01/04/2024;1;2;100;06:41:00;N;Bottai;2024;spring;DomesticCat;1
01/04/2024;1;2;100;09:16:00;N;Villa Stibbert;2024;spring;Redfox;1
01/04/2024;1;2;100;14:03:00;N;Lastra2;2024;spring;Human;1
01/04/2024;1;2;100;14:10:00;N;Lastra2;2024;spring;Human;1
02/04/2024;1;3;100;05:58:00;N;Villa Stibbert;2024;spring;StoneMarten;1
02/04/2024;1;3;100;07:18:00;N;CasaDiMartino;2024;spring;DomesticCat;1
02/04/2024;1;3;100;09:12:00;N;Bagnese;2024;spring;RoeDeer;1
02/04/2024;1;3;100;09:28:00;N;Bagnese;2024;spring;Wildboar;1
02/04/2024;1;3;100;13:12:00;N;Neto;2024;spring;HoodedCrow;1
02/04/2024;1;3;100;15:32:00;N;Lastra2;2024;spring;Human;2
02/04/2024;1;3;100;15:33:00;N;Lastra2;2024;spring;Human;1
02/04/2024;1;3;100;15:34:00;N;Lastra2;2024;spring;Human;2
02/04/2024;1;3;100;15:34:00;N;Lastra2;2024;spring;Human;1
02/04/2024;1;3;100;15:35:00;N;Lastra2;2024;spring;Human;1
02/04/2024;1;3;100;15:35:00;N;Lastra2;2024;spring;Human;1
02/04/2024;1;3;100;16:32:00;N;Bottai;2024;spring;EuropeanHare;1
02/04/2024;1;3;100;19:18:00;N;Bagnese;2024;spring;Wildboar;2
02/04/2024;1;3;100;19:19:00;N;Villa Stibbert;2024;spring;StoneMarten;1
02/04/2024;1;3;100;21:02:00;N;CasaDiMartino;2024;spring;EuropeanBadger;1
02/04/2024;1;3;100;22:21:00;N;Villa Stibbert;2024;spring;DomesticCat;1
02/04/2024;1;3;100;23:52:00;N;CasaDiMartino;2024;spring;DomesticCat;1
02/04/2024;1;3;100;23:52:00;N;Villa Stibbert;2024;spring;DomesticCat;1
03/04/2024;2;4;100;02:20:00;N;Villa Stibbert;2024;spring;CrestedPorcupine;1
03/04/2024;2;4;100;03:42:00;N;Villa Stibbert;2024;spring;Redfox;1
03/04/2024;2;4;100;13:00:00;N;Neto;2024;spring;Human;1
03/04/2024;2;4;100;14:24:00;N;Neto;2024;spring;WoodPigeon;1
03/04/2024;2;4;100;18:54:00;N;Neto;2024;spring;WoodPigeon;1
03/04/2024;2;4;100;20:10:00;N;Villa Stibbert;2024;spring;StoneMarten;1
03/04/2024;2;4;100;23:25:00;N;Lastra2;2024;spring;DomesticDog;1
04/04/2024;2;5;100;00:23:00;N;Bagnese;2024;spring;CrestedPorcupine;2
04/04/2024;2;5;100;00:34:00;N;Villa Stibbert;2024;spring;Redfox;1
04/04/2024;2;5;100;01:18:00;N;Bagnese;2024;spring;Wildboar;2
04/04/2024;2;5;100;01:50:00;N;Villa Stibbert;2024;spring;DomesticCat;1
04/04/2024;2;5;100;08:21:00;N;Neto;2024;spring;Human;1
04/04/2024;2;5;100;11:04:00;N;Neto;2024;spring;WoodPigeon;1
04/04/2024;2;5;100;15:06:00;N;Lastra2;2024;spring;Human;1
04/04/2024;2;5;100;19:10:00;N;Bagnese;2024;spring;RoeDeer;1
04/04/2024;2;5;100;19:30:00;N;Villa Stibbert;2024;spring;CrestedPorcupine;1
04/04/2024;2;5;100;19:50:00;N;Bagnese;2024;spring;Wildboar;1
04/04/2024;2;5;100;20:27:00;N;Lastra2;2024;spring;Human;1
04/04/2024;2;5;100;20:42:00;N;Lastra2;2024;spring;Wildboar;2
04/04/2024;2;5;100;20:58:00;N;CasaDiMartino;2024;spring;RedFox;1
04/04/2024;2;5;100;20:58:00;N;Villa Stibbert;2024;spring;RedFox;1
04/04/2024;2;5;100;22:21:00;N;Villa Stibbert;2024;spring;StoneMarten;1
05/04/2024;2;6;100;00:02:00;N;Villa Stibbert;2024;spring;StoneMarten;1
05/04/2024;2;6;100;01:37:00;N;Lastra2;2024;spring;Wildboar;3
05/04/2024;2;6;100;02:24:00;N;CasaDiMartino;2024;spring;EuropeanBadger;1
05/04/2024;2;6;100;03:37:00;N;Lastra2;2024;spring;Wildboar;1
05/04/2024;2;6;100;03:44:00;N;Lastra2;2024;spring;Wildboar;1
05/04/2024;2;6;100;03:47:00;N;Lastra2;2024;spring;"Wildboar	";2
05/04/2024;2;6;100;03:49:00;N;Lastra2;2024;spring;Wildboar;1
05/04/2024;2;6;100;03:49:00;N;Lastra2;2024;spring;Wildboar;1
05/04/2024;2;6;100;03:51:00;N;Lastra2;2024;spring;Wildboar;1
05/04/2024;2;6;100;11:34:00;N;Neto;2024;spring;WoodPigeon;1
05/04/2024;2;6;100;14:24:00;N;Villa Stibbert;2024;spring;RedFox;1
05/04/2024;2;6;100;18:47:00;N;Villa Stibbert;2024;spring;RedFox;1
05/04/2024;2;6;100;19:00:00;N;Villa Stibbert;2024;spring;Redfox;1
05/04/2024;2;6;100;20:47:00;N;CasaDiMartino;2024;spring;EuropeanBadger;1
05/04/2024;2;6;100;20:57:00;N;CasaDiMartino;2024;spring;EuropeanBadger;1
05/04/2024;2;6;100;20:57:00;N;Villa Stibbert;2024;spring;RedFox;2
06/04/2024;3;7;100;00:02:00;N;Villa Stibbert;2024;spring;Hedgehog;1
06/04/2024;3;7;100;01:33:00;N;Bagnese;2024;spring;RedFox;1
06/04/2024;3;7;100;03:18:00;N;Villa Stibbert;2024;spring;Hedgehog;1
06/04/2024;3;7;100;03:58:00;N;Villa Stibbert;2024;spring;Hedgehog;1
06/04/2024;3;7;100;06:57:00;N;Lastra2;2024;spring;Human;1
06/04/2024;3;7;100;08:09:00;N;Bagnese;2024;spring;DomesticCat;1
06/04/2024;3;7;100;14:43:00;N;Lastra2;2024;spring;Human;1
06/04/2024;3;7;100;14:50:00;N;Lastra2;2024;spring;Human;1
06/04/2024;3;7;100;17:36:00;N;Villa Stibbert;2024;spring;RedFox;1
06/04/2024;3;7;100;18:48:00;N;Lastra2;2024;spring;DomesticDog;1
06/04/2024;3;7;100;18:52:00;N;Lastra2;2024;spring;Human;1
06/04/2024;3;7;100;19:19:00;N;Villa Stibbert;2024;spring;RedFox;1
06/04/2024;3;7;100;19:20:00;N;Villa Stibbert;2024;spring;Hedgehog;1
06/04/2024;3;7;100;19:42:00;N;Villa Stibbert;2024;spring;StoneMarten;1
06/04/2024;3;7;100;20:51:00;N;CasaDiMartino;2024;spring;CrestedPorcupine;1
06/04/2024;3;7;100;20:51:00;N;Villa Stibbert;2024;spring;RedFox;1
06/04/2024;3;7;100;20:56:00;N;Villa Stibbert;2024;spring;EuropeanBadger;1
06/04/2024;3;7;100;22:37:00;N;Villa Stibbert;2024;spring;LittleOwl;1
07/04/2024;3;8;15;03:56:00;N;Bagnese;2024;spring;StoneMarten;1
07/04/2024;3;8;15;06:25:00;N;CasaDiMartino;2024;spring;CrestedPorcupine;1
07/04/2024;3;8;15;06:25:00;N;Villa Stibbert;2024;spring;DomesticCat;1
07/04/2024;3;8;15;09:51:00;N;Lastra2;2024;spring;DomesticDog;
07/04/2024;3;8;15;15:49:00;N;Lastra2;2024;spring;Human;1
07/04/2024;3;8;15;15:53:00;N;Lastra2;2024;spring;Human;1
07/04/2024;3;8;15;15:55:00;N;Lastra2;2024;spring;Human;1
07/04/2024;3;8;15;15:59:00;N;Lastra2;2024;spring;Human;1
07/04/2024;3;8;15;16:00:00;N;Lastra2;2024;spring;Human;1
07/04/2024;3;8;15;16:00:00;N;Lastra2;2024;spring;Human;1
07/04/2024;3;8;15;16:01:00;N;Lastra2;2024;spring;Human;1
07/04/2024;3;8;15;16:02:00;N;Lastra2;2024;spring;Human;1
07/04/2024;3;8;15;16:02:00;N;Lastra2;2024;spring;Human;1
07/04/2024;3;8;15;16:05:00;N;Lastra2;2024;spring;Human;1
07/04/2024;3;8;15;19:22:00;N;Lastra2;2024;spring;Wildboar;1
07/04/2024;3;8;15;20:38:00;N;CasaDiMartino;2024;spring;CrestedPorcupine;1
07/04/2024;3;8;15;20:38:00;N;Villa Stibbert;2024;spring;RedFox;1
07/04/2024;3;8;15;20:39:00;N;CasaDiMartino;2024;spring;CrestedPorcupine;1
07/04/2024;3;8;15;20:39:00;N;Villa Stibbert;2024;spring;RedFox;1
07/04/2024;3;8;15;22:03:00;N;CasaDiMartino;2024;spring;CrestedPorcupine;1
07/04/2024;3;8;15;22:37:00;N;CasaDiMartino;2024;spring;RedFox;1
07/04/2024;3;8;15;22:42:00;N;CasaDiMartino;2024;spring;DomesticCat;1
07/04/2024;3;8;15;23:59:00;N;Bagnese;2024;spring;EuropeanBadger;1
08/04/2024;3;9;15;01:01:00;N;Lastra2;2024;spring;Wildboar;1
08/04/2024;3;9;15;01:02:00;N;Lastra2;2024;spring;Wildboar;2
08/04/2024;3;9;15;01:22:00;N;Lastra2;2024;spring;Wildboar;1
08/04/2024;3;9;15;01:22:00;N;Lastra2;2024;spring;Wildboar;1
08/04/2024;3;9;15;01:23:00;N;Lastra2;2024;spring;Wildboar;1
08/04/2024;3;9;15;04:45:00;N;Bagnese;2024;spring;CrestedPorcupine;2
08/04/2024;3;9;15;05:31:00;N;Bagnese;2024;spring;CrestedPorcupine;1
08/04/2024;3;9;15;09:12:00;N;Lastra2;2024;spring;DomesticDog;2
08/04/2024;3;9;15;09:12:00;N;Lastra2;2024;spring;Human;1
08/04/2024;3;9;15;12:29:00;N;Lastra2;2024;spring;DomesticDog;1
08/04/2024;3;9;15;18:06:00;N;Bottai;2024;spring;EuropeanHare;1
08/04/2024;3;9;15;19:31:00;N;CasaDiMartino;2024;spring;CrestedPorcupine;1
09/04/2024;4;10;15;02:43:00;N;Bagnese;2024;spring;RedFox;1
09/04/2024;4;10;15;05:22:00;N;Bagnese;2024;spring;DomesticCat;1
09/04/2024;4;10;15;13:05:00;N;Lastra2;2024;spring;Human;1
09/04/2024;4;10;15;19:34:00;N;CasaDiMartino;2024;spring;CrestedPorcupine;1
09/04/2024;4;10;15;21:19:00;N;Bagnese;2024;spring;RoeDeer;1
10/04/2024;4;11;15;01:16:00;N;Bagnese;2024;spring;DomesticCat;1
10/04/2024;4;11;15;02:36:00;N;Bagnese;2024;spring;RedFox;1
10/04/2024;4;11;15;02:57:00;N;Lastra2;2024;spring;Wildboar;2
10/04/2024;4;11;15;05:30:00;N;Villa Stibbert;2024;spring;DomesticCat;1
10/04/2024;4;11;15;05:52:00;N;Lastra2;2024;spring;Wildboar;10
10/04/2024;4;11;15;06:56:00;N;Lastra2;2024;spring;DomesticDog;1
10/04/2024;4;11;15;07:39:00;N;Lastra2;2024;spring;Human;2
10/04/2024;4;11;15;14:24:00;N;Il Neto;2024;spring;GreenWoodpecker;1
10/04/2024;4;11;15;18:47:00;N;Il Neto;2024;spring;Mallard;1
10/04/2024;4;11;15;20:58:00;N;Il Neto;2024;spring;WoodPigeon;1
10/04/2024;4;11;15;23:51:00;N;CasaDiMartino;2024;spring;CrestedPorcupine;2
10/04/2024;4;11;15;23:52:00;N;Il Neto;2024;spring;Hedgehog;1
11/04/2024;4;12;40;00:46:00;N;Bagnese;2024;spring;StoneMarten;1
11/04/2024;4;12;40;01:13:00;N;CasaDiMartino;2024;spring;CrestedPorcupine;1
11/04/2024;4;12;40;04:20:00;N;CasaDiMartino;2024;spring;RedFox;1
11/04/2024;4;12;40;10:32:00;N;Bagnese;2024;spring;RoeDeer;1
11/04/2024;4;12;40;17:32:00;N;Lastra2;2024;spring;Human;1
11/04/2024;4;12;40;18:16:00;N;Lastra2;2024;spring;DomesticDog;1
11/04/2024;4;12;40;18:24:00;N;Lastra2;2024;spring;Human;3
11/04/2024;4;12;40;18:27:00;N;Lastra2;2024;spring;Human;2
11/04/2024;4;12;40;20:57:00;N;Il Neto;2024;spring;Human;1
12/04/2024;4;13;40;01:57:00;N;Bagnese;2024;spring;RoeDeer;1
12/04/2024;4;13;40;04:19:00;N;Lastra2;2024;spring;Wildboar;1
12/04/2024;4;13;40;04:20:00;N;Lastra2;2024;spring;Wildboar;1
12/04/2024;4;13;40;04:47:00;N;Lastra2;2024;spring;DomesticDog;1
12/04/2024;4;13;40;05:07:00;N;CasaDiMartino;2024;spring;CrestedPorcupine;1
12/04/2024;4;13;40;07:51:00;N;Il Neto;2024;spring;RedSquirrel;1
12/04/2024;4;13;40;09:37:00;N;Bagnese;2024;spring;RoeDeer;1
12/04/2024;4;13;40;10:00:00;N;Villa Stibbert;2024;spring;BlueTit;1
12/04/2024;4;13;40;12:19:00;N;Lastra2;2024;spring;DomesticDog;1
12/04/2024;4;13;40;16:08:00;N;Villa Stibbert;2024;spring;DomesticCat;1
12/04/2024;4;13;40;16:09:00;N;Villa Stibbert;2024;spring;Human;1
12/04/2024;4;13;40;16:11:00;N;Villa Stibbert;2024;spring;DomesticDog;1
12/04/2024;4;13;40;16:13:00;N;Villa Stibbert;2024;spring;Mallard;2
12/04/2024;4;13;40;17:07:00;N;Lastra2;2024;spring;Human;1
12/04/2024;4;13;40;19:32:00;N;CasaDiMartino;2024;spring;CrestedPorcupine;1
12/04/2024;4;13;40;19:39:00;N;Bagnese;2024;spring;DomesticCat;1
12/04/2024;4;13;40;20:07:00;N;Bagnese;2024;spring;RoeDeer;1
12/04/2024;4;13;40;20:50:00;N;Bagnese;2024;spring;EuropeanBadger;1
12/04/2024;4;13;40;22:33:00;N;Bagnese;2024;spring;StoneMarten;1
12/04/2024;4;13;40;22:50:00;N;Villa Stibbert;2024;spring;Human;1
13/04/2024;4;14;40;01:29:00;N;Lastra2;2024;spring;Wildboar;1
13/04/2024;4;14;40;01:51:00;N;Villa Stibbert;2024;spring;Hedgehog;1
13/04/2024;4;14;40;04:49:00;N;Villa Stibbert;2024;spring;DomesticCat;1
13/04/2024;4;14;40;06:36:00;N;Lastra2;2024;spring;Human;1
13/04/2024;4;14;40;08:14:00;N;Bagnese;2024;spring;Wall_Lizard;1
13/04/2024;4;14;40;09:05:00;N;CasaDiMartino;2024;spring;Blackbird;2
13/04/2024;4;14;40;09:59:00;N;Lastra2;2024;spring;Human;1
13/04/2024;4;14;40;12:05:00;N;Villa Stibbert;2024;spring;BlueTit;1
13/04/2024;4;14;40;14:36:00;N;Villa Stibbert;2024;spring;DomesticCat;1
13/04/2024;4;14;40;14:39:00;N;Villa Stibbert;2024;spring;Human;1
13/04/2024;4;14;40;16:23:00;N;Villa Stibbert;2024;spring;RingNeckedParakeet;1
13/04/2024;4;14;40;17:14:00;N;Lastra2;2024;spring;Human;1
13/04/2024;4;14;40;17:25:00;N;Villa Stibbert;2024;spring;WoodPigeon;3
13/04/2024;4;14;40;17:26:00;N;Villa Stibbert;2024;spring;GreenWoodpecker;2
13/04/2024;4;14;40;17:48:00;N;Villa Stibbert;2024;spring;RedSquirrel;1
13/04/2024;4;14;40;18:23:00;N;Lastra2;2024;spring;DomesticDog;1
13/04/2024;4;14;40;18:26:00;N;Lastra2;2024;spring;Human;1
13/04/2024;4;14;40;19:30:00;N;Villa Stibbert;2024;spring;RedFox;1
14/04/2024;4;15;40;03:39:00;N;Villa Stibbert;2024;spring;DomesticCat;1
14/04/2024;4;15;40;04:50:00;N;CasaDiMartino;2024;spring;CrestedPorcupine;1
14/04/2024;4;15;40;06:49:00;N;Villa Stibbert;2024;spring;RedFox;1
14/04/2024;4;15;40;06:59:00;N;Villa Stibbert;2024;spring;RedSquirrel;1
14/04/2024;4;15;40;07:47:00;N;Lastra2;2024;spring;Human;1
14/04/2024;4;15;40;08:07:00;N;Lastra2;2024;spring;Human;1
14/04/2024;4;15;40;08:26:00;N;Lastra2;2024;spring;Human;1
14/04/2024;4;15;40;08:36:00;N;Lastra2;2024;spring;Human;1
14/04/2024;4;15;40;09:20:00;N;Lastra2;2024;spring;Human;1
14/04/2024;4;15;40;09:38:00;N;Lastra2;2024;spring;Human;1
14/04/2024;4;15;40;09:49:00;N;Villa Stibbert;2024;spring;RedSquirrel;2
14/04/2024;4;15;40;09:56:00;N;Lastra2;2024;spring;Human;1
14/04/2024;4;15;40;11:59:00;N;Villa Stibbert;2024;spring;RoeDeer;1
14/04/2024;4;15;40;13:16:00;N;Villa Stibbert;2024;spring;SardinianWarbler;1
14/04/2024;4;15;40;22:24:00;N;CasaDiMartino;2024;spring;CrestedPorcupine;1
14/04/2024;4;15;40;23:03:00;N;CasaDiMartino;2024;spring;DomesticCat;1
14/04/2024;4;15;40;23:32:00;N;Bagnese;2024;spring;CrestedPorcupine;2
15/04/2024;4;16;40;00:18:00;N;Bagnese;2024;spring;CrestedPorcupine;1
15/04/2024;4;16;40;01:12:00;N;Bagnese;2024;spring;CrestedPorcupine;2
15/04/2024;4;16;40;01:25:00;N;Bagnese;2024;spring;CrestedPorcupine;1
15/04/2024;4;16;40;02:41:00;N;Bagnese;2024;spring;CrestedPorcupine;2
15/04/2024;4;16;40;05:16:00;N;Villa Stibbert;2024;spring;DomesticCat;1
15/04/2024;4;16;40;05:21:00;N;Lastra2;2024;spring;Wildboar;4
15/04/2024;4;16;40;05:39:00;N;Bagnese;2024;spring;Polecat;1
15/04/2024;4;16;40;08:06:00;N;Lastra2;2024;spring;Human;1
15/04/2024;4;16;40;08:07:00;N;Lastra2;2024;spring;Human;1
15/04/2024;4;16;40;08:12:00;N;Lastra2;2024;spring;Human;1
15/04/2024;4;16;40;08:27:00;N;Lastra2;2024;spring;DomesticDog;1
15/04/2024;4;16;40;08:28:00;N;Lastra2;2024;spring;DomesticDog;1
15/04/2024;4;16;40;08:28:00;N;Lastra2;2024;spring;Human;2
15/04/2024;4;16;40;08:28:00;N;Lastra2;2024;spring;Human;1
15/04/2024;4;16;40;19:01:00;N;CasaDiMartino;2024;spring;DomesticCat;1
15/04/2024;4;16;40;19:07:00;N;CasaDiMartino;2024;spring;DomesticCat;1
15/04/2024;4;16;40;23:06:00;N;Bagnese;2024;spring;RedFox;1
16/04/2024;3;17;100;00:11:00;N;CasaDiMartino;2024;spring;CrestedPorcupine;1
16/04/2024;3;17;100;00:27:00;N;Bagnese;2024;spring;RoeDeer;1
16/04/2024;3;17;100;03:11:00;N;CasaDiMartino;2024;spring;CrestedPorcupine;4
16/04/2024;3;17;100;03:30:00;N;CasaDiMartino;2024;spring;CrestedPorcupine;1
16/04/2024;3;17;100;03:30:00;N;CasaDiMartino;2024;spring;CrestedPorcupine;1
16/04/2024;3;17;100;06:23:00;N;Bagnese;2024;spring;GreatTit;1
16/04/2024;3;17;100;07:21:00;N;Bagnese;2024;spring;Wildboar;1
16/04/2024;3;17;100;08:28:00;N;Lastra2;2024;spring;DomesticDog;1
16/04/2024;3;17;100;22:16:00;N;CasaDiMartino;2024;spring;EuropeanBadger;1
16/04/2024;3;17;100;22:29:00;N;CasaDiMartino;2024;spring;CrestedPorcupine;1
17/04/2024;3;18;100;00:37:00;N;Bagnese;2024;spring;RoeDeer;1
17/04/2024;3;18;100;00:37:00;N;Bagnese;2024;spring;Human;1
17/04/2024;3;18;100;01:09:00;N;Bagnese;2024;spring;RoeDeer;1
17/04/2024;3;18;100;06:21:00;N;CasaDiMartino;2024;spring;EuropeanBadger;1
17/04/2024;3;18;100;06:26:00;N;CasaDiMartino;2024;spring;EuropeanBadger;1
17/04/2024;3;18;100;08:26:00;N;Neto;2024;spring;Mallard;1
17/04/2024;3;18;100;09:12:00;N;Neto;2024;spring;RedSquirrel;1
17/04/2024;3;18;100;09:49:00;N;Neto;2024;spring;RedSquirrel;1
17/04/2024;3;18;100;09:51:00;N;Neto;2024;spring;WoodPigeon;1
17/04/2024;3;18;100;10:00:00;N;Neto;2024;spring;GreenWoodpecker;1
17/04/2024;3;18;100;11:07:00;N;Villa Stibbert;2024;spring;RedFox;1
17/04/2024;3;18;100;16:08:00;N;Neto;2024;spring;Blackcap;1
17/04/2024;3;18;100;16:09:00;N;Neto;2024;spring;RingNeckedParakeet;1
17/04/2024;3;18;100;16:11:00;N;Neto;2024;spring;Hoopoe;1
17/04/2024;3;18;100;16:13:00;N;Neto;2024;spring;DomesticCat;1
17/04/2024;3;18;100;19:30:00;N;CasaDiMartino;2024;spring;CrestedPorcupine;1
17/04/2024;3;18;100;19:31:00;N;CasaDiMartino;2024;spring;CrestedPorcupine;1
17/04/2024;3;18;100;19:58:00;N;CasaDiMartino;2024;spring;CrestedPorcupine;1
17/04/2024;3;18;100;20:09:00;N;CasaDiMartino;2024;spring;CrestedPorcupine;1
17/04/2024;3;18;100;20:12:00;N;CasaDiMartino;2024;spring;DomesticDog;1
17/04/2024;3;18;100;20:13:00;N;CasaDiMartino;2024;spring;DomesticDog;1
18/04/2024;3;19;100;03:28:00;N;CasaDiMartino;2024;spring;RedFox;1
18/04/2024;3;19;100;03:28:00;N;CasaDiMartino;2024;spring;RedFox;1
18/04/2024;3;19;100;05:12:00;N;CasaDiMartino;2024;spring;CrestedPorcupine;1
18/04/2024;3;19;100;06:49:00;N;Bagnese;2024;spring;Blackbird;1
18/04/2024;3;19;100;06:59:00;N;Bagnese;2024;spring;RingNeckedParakeet;1
18/04/2024;3;19;100;16:23:00;N;Neto;2024;spring;Human;1
18/04/2024;3;19;100;22:20:00;N;Bagnese;2024;spring;RoeDeer;1
18/04/2024;3;19;100;22:20:00;N;Bagnese;2024;spring;CommonNightingale;1
18/04/2024;3;19;100;22:20:00;N;Bagnese;2024;spring;Human;2
19/04/2024;3;20;100;01:16:00;N;Bagnese;2024;spring;RedFox;1
19/04/2024;3;20;100;01:20:00;N;CasaDiMartino;2024;spring;CrestedPorcupine;1
19/04/2024;3;20;100;03:37:00;N;Villa Stibbert;2024;spring;DomesticCat;1
19/04/2024;3;20;100;03:39:00;N;Bottai;2024;spring;Wildboar;1
19/04/2024;3;20;100;04:22:00;N;CasaDiMartino;2024;spring;EuropeanBadger;1
19/04/2024;3;20;100;04:41:00;N;CasaDiMartino;2024;spring;CrestedPorcupine;1
19/04/2024;3;20;100;04:54:00;N;CasaDiMartino;2024;spring;CrestedPorcupine;1
19/04/2024;3;20;100;05:50:00;N;Bagnese;2024;spring;Blackbird;1
19/04/2024;3;20;100;05:50:00;N;Bagnese;2024;spring;WoodPigeon;1
19/04/2024;3;20;100;06:06:00;N;Bagnese;2024;spring;Blackbird;1
19/04/2024;3;20;100;06:49:00;N;Bagnese;2024;spring;Blackbird;1
19/04/2024;3;20;100;06:59:00;N;Bagnese;2024;spring;RingNeckedParakeet;1
19/04/2024;3;20;100;16:25:00;N;Neto;2024;spring;Mallard;1
19/04/2024;3;20;100;19:40:00;N;CasaDiMartino;2024;spring;EuropeanBadger;1
20/04/2024;2;21;0;02:16:00;N;Bagnese;2024;spring;RoeDeer;2
20/04/2024;2;21;0;02:16:00;N;Bagnese;2024;spring;CommonNightingale;1
20/04/2024;2;21;0;02:16:00;N;Bagnese;2024;spring;Human;1
20/04/2024;2;21;0;02:19:00;N;Bagnese;2024;spring;LittleOwl;1
20/04/2024;2;21;0;02:24:00;N;Bagnese;2024;spring;Human;1
20/04/2024;2;21;0;04:00:00;N;CasaDiMartino;2024;spring;EuropeanBadger;1
20/04/2024;2;21;0;07:07:00;N;Bagnese;2024;spring;RoeDeer;1
20/04/2024;2;21;0;07:39:00;N;Bagnese;2024;spring;RoeDeer;1
20/04/2024;2;21;0;16:26:00;N;Neto;2024;spring;RedSquirrel;1
20/04/2024;2;21;0;16:28:00;N;Villa Stibbert;2024;spring;RedFox;1
20/04/2024;2;21;0;16:30:00;N;Villa Stibbert;2024;spring;Blackbird;1
21/04/2024;2;22;0;01:51:00;N;Bottai;2024;spring;Wildboar;1
21/04/2024;2;22;0;07:40:00;N;Bagnese;2024;spring;SardinianWarbler;1
21/04/2024;2;22;0;19:10:00;N;Bagnese;2024;spring;DomesticCat;1
23/04/2024;2;24;0;00:04:00;N;Bagnese;2024;spring;RoeDeer;1
23/04/2024;2;24;0;00:21:00;N;Bagnese;2024;spring;RoeDeer;1
23/04/2024;2;24;0;00:21:00;N;Bagnese;2024;spring;CommonNightingale;1
23/04/2024;2;24;0;00:23:00;N;Bagnese;2024;spring;RedFox;1
23/04/2024;2;24;0;00:23:00;N;Bagnese;2024;spring;Human;1
23/04/2024;2;24;0;08:36:00;N;Bagnese;2024;spring;Blackbird;1
24/04/2024;2;25;0;03:55:00;N;CasaDiMartino;2024;spring;CrestedPorcupine;1
24/04/2024;2;25;0;07:18:00;N;CasaDiMartino;2024;spring;DomesticCat;1
24/04/2024;2;25;0;09:48:00;N;Bagnese;2024;spring;Blackbird;1
24/04/2024;2;25;0;09:48:00;N;Bagnese;2024;spring;Human;1
24/04/2024;2;25;0;18:48:00;N;Bagnese;2024;spring;DomesticCat;1
24/04/2024;2;25;0;19:25:00;N;Bagnese;2024;spring;RoeDeer;1
24/04/2024;2;25;0;21:15:00;N;Bagnese;2024;spring;RoeDeer;1
24/04/2024;2;25;0;21:15:00;N;Bagnese;2024;spring;CommonNightingale;1
24/04/2024;2;25;0;21:15:00;N;Bagnese;2024;spring;Human;1
24/04/2024;2;25;0;23:47:00;N;CasaDiMartino;2024;spring;CrestedPorcupine;1
25/04/2024;1;26;0;00:46:00;N;CasaDiMartino;2024;spring;CrestedPorcupine;1
25/04/2024;1;26;0;07:37:00;N;Bagnese;2024;spring;Blackbird;1
25/04/2024;1;26;0;07:37:00;N;Bagnese;2024;spring;Human;1
25/04/2024;1;26;0;07:37:00;N;Bagnese;2024;spring;HoodedCrow;1
25/04/2024;1;26;0;18:32:00;N;Bagnese;2024;spring;RoeDeer;1
25/04/2024;1;26;0;18:41:00;N;CasaDiMartino;2024;spring;DomesticDog;1
25/04/2024;1;26;0;23:54:00;N;CasaDiMartino;2024;spring;RedFox;1
25/04/2024;1;26;0;23:55:00;N;CasaDiMartino;2024;spring;RedFox;1
25/04/2024;1;26;0;23:58:00;N;CasaDiMartino;2024;spring;CrestedPorcupine;1
26/04/2024;1;27;30;06:08:00;N;Bottai;2024;spring;DomesticCat;1
26/04/2024;1;27;30;06:38:00;N;Bagnese;2024;spring;SongThrush;1
26/04/2024;1;27;30;06:38:00;N;Bagnese;2024;spring;Human;1
26/04/2024;1;27;30;08:44:00;N;CasaDiMartino;2024;spring;Blackbird;1
26/04/2024;1;27;30;09:00:00;N;Bagnese;2024;spring;Wall_Lizard;1
26/04/2024;1;27;30;09:00:00;N;Bagnese;2024;spring;RoeDeer;1
27/04/2024;1;28;30;06:17:00;N;Bagnese;2024;spring;RoeDeer;1
27/04/2024;1;28;30;06:41:00;N;Bagnese;2024;spring;RoeDeer;1
27/04/2024;1;28;30;06:45:00;N;Bagnese;2024;spring;Blackbird;1
28/04/2024;1;29;30;03:09:00;N;Bagnese;2024;spring;RoeDeer;1
29/04/2024;1;29;30;06:39:00;N;Bagnese;2024;spring;RoeDeer;1
29/04/2024;1;29;30;07:41:00;N;Bagnese;2024;spring;RoeDeer;1
29/04/2024;1;29;30;08:15:00;N;CasaDiMartino;2024;spring;DomesticCat;1
29/04/2024;1;29;30;09:20:00;N;Bagnese;2024;spring;RoeDeer;1
29/04/2024;1;29;30;23:27:00;N;CasaDiMartino;2024;spring;CrestedPorcupine;1
30/04/2024;1;1;30;00:42:00;N;CasaDiMartino;2024;spring;CrestedPorcupine;1
30/04/2024;1;1;30;04:24:00;N;CasaDiMartino;2024;spring;DomesticCat;1
30/04/2024;1;1;30;04:25:00;N;CasaDiMartino;2024;spring;DomesticCat;1
30/04/2024;1;1;30;04:39:00;N;CasaDiMartino;2024;spring;CrestedPorcupine;1
30/04/2024;1;1;30;05:15:00;N;Bagnese;2024;spring;RoeDeer;1
30/04/2024;1;1;30;19:47:00;N;CasaDiMartino;2024;spring;EuropeanBadger;1
30/04/2024;1;1;30;20:10:00;N;Bottai;2024;spring;EurasianRobin;1
30/04/2024;1;1;30;20:11:00;N;CasaDiMartino;2024;spring;EuropeanBadger;1
30/04/2024;1;1;30;20:19:00;N;Bagnese;2024;spring;RoeDeer;1
30/04/2024;1;1;30;23:44:00;N;CasaDiMartino;2024;spring;RedFox;1
30/04/2024;1;1;30;23:55:00;N;CasaDiMartino;2024;spring;RedFox;1
01/05/2024;1;2;30;09:30:00;N;Bagnese;2024;spring;RoeDeer;1
05/09/2023;2;23;0;01:26:38;N;Ponteallindiano2;2023;summer;CrestedPorcupine;2
11/11/2023;2;4;15;13:59:00;N;VillaStacchini2;2023;autumn;WoodPigeon;8
14/11/2023;3;7;20;09:12:00;N;VillaStacchini1;2023;autumn;CommonPheasant;1
16/11/2023;3;9;75;03:51:00;N;VillaStacchini1;2023;autumn;CrestedPorcupine;1
16/11/2023;3;9;75;06:57:00;N;VillaStacchini1;2023;autumn;StoneMarten;1
16/11/2023;3;9;75;13:48:00;N;VillaStacchini1;2023;autumn;RedSquirrel;1
16/11/2023;3;9;75;14:00:00;N;VillaStacchini1;2023;autumn;EurasianJay;2
16/11/2023;3;9;75;14:25:00;N;VillaStacchini1;2023;autumn;RedSquirrel;1
16/11/2023;3;9;75;14:41:00;N;VillaStacchini1;2023;autumn;EurasianJay;1
17/11/2023;4;10;75;09:00:00;N;VillaStacchini1;2023;autumn;CommonPheasant;1
17/11/2023;4;10;75;09:03:00;N;VillaStacchini1;2023;autumn;CommonPheasant;1
17/11/2023;4;10;75;22:00:00;N;VillaStacchini1;2023;autumn;StoneMarten;1
18/11/2023;4;11;75;10:37:00;N;VillaStacchini2;2023;autumn;Human;1
18/11/2023;4;11;75;12:53:00;N;VillaStacchini2;2023;autumn;RedSquirrel;1
19/11/2023;4;12;75;11:25:00;N;VillaStacchini2;2023;autumn;Human;1
20/11/2023;4;13;100;14:00:00;N;VillaStacchini1;2023;autumn;RedSquirrel;1
23/11/2023;4;16;100;16:31:00;N;VillaStacchini2;2023;autumn;Human;1
24/11/2023;3;17;80;08:57:00;N;VillaStacchini1;2023;autumn;CommonPheasant;1
24/11/2023;3;17;80;12:35:00;N;VillaStacchini2;2023;autumn;Human;1
25/11/2023;3;18;80;05:47:00;N;VillaStacchini1;2023;autumn;StoneMarten;1
26/11/2023;3;19;80;13:31:00;N;VillaStacchini1;2023;autumn;WoodPigeon;3
26/11/2023;3;19;80;13:35:00;N;VillaStacchini1;2023;autumn;WoodPigeon;3
28/11/2023;2;21;80;23:43:00;N;VillaStacchini1;2023;autumn;StoneMarten;1
29/11/2023;2;22;55;08:03:00;N;VillaStacchini1;2023;autumn;Blackbird;1
29/11/2023;2;22;55;15:49:00;N;VillaStacchini1;2023;autumn;WoodPigeon;1
30/11/2023;2;23;55;22:56:00;N;Sofia1;2023;autumn;DomesticCat;1
01/12/2023;2;24;55;06:08:00;N;VillaStacchini1;2023;autumn;StoneMarten;1
01/12/2023;2;24;55;07:45:00;N;Peretola;2023;autumn;CommonPheasant;1
01/12/2023;2;24;55;09:33:00;N;Sofia1;2023;autumn;DomesticCat;1
01/12/2023;2;24;55;10:00:00;N;Sofia1;2023;autumn;DomesticCat;1
01/12/2023;2;24;55;10:46:00;N;Sofia1;2023;autumn;DomesticCat;1
01/12/2023;2;24;55;10:53:00;N;Sofia1;2023;autumn;DomesticCat;1
01/12/2023;2;24;55;11:09:00;N;VillaStacchini2;2023;autumn;Human;1
01/12/2023;2;24;55;11:12:00;N;Sofia1;2023;autumn;DomesticCat;1
01/12/2023;2;24;55;11:50:00;N;Sofia1;2023;autumn;DomesticCat;1
01/12/2023;2;24;55;13:00:00;N;Sofia1;2023;autumn;DomesticCat;1
01/12/2023;2;24;55;13:57:00;N;Sofia1;2023;autumn;DomesticCat;1
01/12/2023;2;24;55;14:09:00;N;Sofia1;2023;autumn;DomesticCat;1
01/12/2023;2;24;55;16:24:00;N;Peretola;2023;autumn;Human;1
01/12/2023;2;24;55;16:29:00;N;Sofia1;2023;autumn;RoeDeer;1
01/12/2023;2;24;55;18:07:00;N;Capellino_1;2023;autumn;RedFox;1
01/12/2023;2;24;55;18:57:00;N;Fiesole;2023;autumn;Wildboar;2
01/12/2023;2;24;55;20:37:00;N;Peretola;2023;autumn;CrestedPorcupine;1
02/12/2023;2;25;55;01:01:00;N;Compiobbi;2023;autumn;Wildboar;1
02/12/2023;2;25;55;01:30:00;N;Fiesole;2023;autumn;CrestedPorcupine;1
02/12/2023;2;25;55;02:45:00;N;Compiobbi;2023;autumn;Wildboar;1
02/12/2023;2;25;55;02:52:00;N;Compiobbi;2023;autumn;Wildboar;1
02/12/2023;2;25;55;03:42:00;N;Fiesole;2023;autumn;CrestedPorcupine;2
02/12/2023;2;25;55;06:02:00;N;Sofia1;2023;autumn;RedFox;1
02/12/2023;2;25;55;06:36:00;N;Fiesole;2023;autumn;RedFox;1
02/12/2023;2;25;55;11:26:00;N;Peretola;2023;autumn;EurasianMagpie;1
02/12/2023;2;25;55;14:14:00;N;Sofia1;2023;autumn;DomesticCat;1
02/12/2023;2;25;55;14:16:00;N;Sofia1;2023;autumn;DomesticCat;1
02/12/2023;2;25;55;16:20:00;N;Sofia1;2023;autumn;DomesticCat;1
02/12/2023;2;25;55;16:20:00;N;Capellino_1;2023;autumn;Human;1
02/12/2023;2;25;55;16:20:00;N;Capellino_1;2023;autumn;DomesticDog;1
02/12/2023;2;25;55;18:08:00;N;Capellino_1;2023;autumn;RedFox;1
02/12/2023;2;25;55;18:34:00;N;Sofia1;2023;autumn;DomesticCat;1
02/12/2023;2;25;55;18:57:00;N;Sofia1;2023;autumn;DomesticCat;1
02/12/2023;2;25;55;20:15:00;N;Sofia1;2023;autumn;DomesticCat;1
02/12/2023;2;25;55;20:47:00;N;Fiesole;2023;autumn;StoneMarten;1
02/12/2023;2;25;55;21:37:00;N;Sofia1;2023;autumn;RedFox;1
02/12/2023;2;25;55;23:57:00;N;Sofia1;2023;autumn;DomesticCat;1
03/12/2023;1;26;30;00:12:00;N;Compiobbi;2023;autumn;CrestedPorcupine;1
03/12/2023;1;26;30;00:29:00;N;Capellino_1;2023;autumn;RedFox;1
03/12/2023;1;26;30;04:01:00;N;Compiobbi;2023;autumn;Wildboar;1
03/12/2023;1;26;30;04:04:00;N;Compiobbi;2023;autumn;Wildboar;1
03/12/2023;1;26;30;06:04:00;N;Compiobbi;2023;autumn;Wildboar;1
03/12/2023;1;26;30;10:00:00;N;VillaStacchini1;2023;autumn;CommonPheasant;1
03/12/2023;1;26;30;10:36:00;N;VillaStacchini1;2023;autumn;CommonPheasant;1
03/12/2023;1;26;30;10:40:00;N;Sofia1;2023;autumn;DomesticCat;1
03/12/2023;1;26;30;11:05:00;N;Peretola;2023;autumn;Human;1
03/12/2023;1;26;30;13:38:00;N;Compiobbi;2023;autumn;DomesticDog;1
03/12/2023;1;26;30;14:43:00;N;Sofia1;2023;autumn;DomesticCat;1
03/12/2023;1;26;30;14:56:00;N;Sofia1;2023;autumn;DomesticCat;1
03/12/2023;1;26;30;15:24:00;N;Sofia1;2023;autumn;DomesticCat;1
03/12/2023;1;26;30;15:38:00;N;Sofia1;2023;autumn;DomesticCat;1
03/12/2023;1;26;30;15:50:00;N;Sofia1;2023;autumn;DomesticCat;1
03/12/2023;1;26;30;18:46:00;N;Fiesole;2023;autumn;Wildboar;2
03/12/2023;1;26;30;19:37:00;N;Sofia1;2023;autumn;RedFox;1
03/12/2023;1;26;30;19:46:00;N;Fiesole;2023;autumn;Wildboar;1
03/12/2023;1;26;30;19:48:00;N;Fiesole;2023;autumn;Wildboar;2
03/12/2023;1;26;30;21:42:00;N;Sofia1;2023;autumn;RedFox;1
03/12/2023;1;26;30;23:14:00;N;Fiesole;2023;autumn;CrestedPorcupine;1
03/12/2023;1;26;30;23:47:00;N;Fiesole;2023;autumn;CrestedPorcupine;2
04/12/2023;1;27;30;00:06:00;N;VillaStacchini1;2023;autumn;StoneMarten;1
04/12/2023;1;27;30;00:31:00;N;Fiesole;2023;autumn;Wildboar;1
04/12/2023;1;27;30;09:59:00;N;Sofia1;2023;autumn;DomesticCat;1
04/12/2023;1;27;30;12:32:00;N;Sofia1;2023;autumn;EurasianMagpie;1
04/12/2023;1;27;30;14:00:00;N;VillaStacchini1;2023;autumn;RedSquirrel;1
04/12/2023;1;27;30;19:50:00;N;Sofia1;2023;autumn;FallowDeer;2
04/12/2023;1;27;30;20:16:00;N;Sofia1;2023;autumn;FallowDeer;2
04/12/2023;1;27;30;20:19:00;N;Sofia1;2023;autumn;FallowDeer;2
04/12/2023;1;27;30;20:22:00;N;Sofia1;2023;autumn;FallowDeer;2
04/12/2023;1;27;30;20:35:00;N;Sofia1;2023;autumn;FallowDeer;2
04/12/2023;1;27;30;20:38:00;N;Sofia1;2023;autumn;FallowDeer;2
04/12/2023;1;27;30;20:49:00;N;Sofia1;2023;autumn;FallowDeer;2
04/12/2023;1;27;30;20:50:00;N;Sofia1;2023;autumn;FallowDeer;2
04/12/2023;1;27;30;20:52:00;N;Sofia1;2023;autumn;FallowDeer;2
04/12/2023;1;27;30;20:55:00;N;Sofia1;2023;autumn;FallowDeer;2
04/12/2023;1;27;30;20:56:00;N;Sofia1;2023;autumn;FallowDeer;2
04/12/2023;1;27;30;21:02:00;N;Sofia1;2023;autumn;FallowDeer;2
04/12/2023;1;27;30;21:05:00;N;Sofia1;2023;autumn;FallowDeer;2
04/12/2023;1;27;30;21:12:00;N;Sofia1;2023;autumn;FallowDeer;2
04/12/2023;1;27;30;21:49:00;N;Fiesole;2023;autumn;Wildboar;1
04/12/2023;1;27;30;21:53:00;N;Sofia1;2023;autumn;DomesticCat;1
04/12/2023;1;27;30;22:29:00;N;Impruneta;2023;autumn;GreyWolf;1
04/12/2023;1;27;30;22:30:00;N;Impruneta;2023;autumn;GreyWolf;1
05/12/2023;1;28;30;00:09:00;N;VillaStacchini1;2023;autumn;StoneMarten;1
05/12/2023;1;28;30;03:05:00;N;Impruneta;2023;autumn;RedFox;1
05/12/2023;1;28;30;04:36:00;N;VillaStacchini1;2023;autumn;StoneMarten;1
05/12/2023;1;28;30;05:50:00;N;Sofia1;2023;autumn;DomesticCat;1
05/12/2023;1;28;30;08:53:00;N;Sofia1;2023;autumn;DomesticCat;1
05/12/2023;1;28;30;15:25:00;N;Sofia1;2023;autumn;RoeDeer;1
05/12/2023;1;28;30;22:21:00;N;Fiesole;2023;autumn;CrestedPorcupine;1
06/12/2023;1;29;50;00:45:00;N;Fiesole;2023;autumn;Wildboar;2
06/12/2023;1;29;50;11:09:00;N;VillaStacchini1;2023;autumn;CommonPheasant;1
06/12/2023;1;29;50;12:45:00;N;Sofia1;2023;autumn;DomesticCat;1
06/12/2023;1;29;50;15:12:00;N;Sofia1;2023;autumn;DomesticCat;1
06/12/2023;1;29;50;18:46:00;N;Fiesole;2023;autumn;CrestedPorcupine;2
06/12/2023;1;29;50;20:26:00;N;Fiesole;2023;autumn;Wildboar;1
06/12/2023;1;29;50;23:53:00;N;Compiobbi;2023;autumn;Wildboar;1
07/12/2023;1;1;50;00:09:00;N;Peretola;2023;autumn;ShortEaredOwl;1
07/12/2023;1;1;50;08:44:00;N;Fiesole;2023;autumn;Blackbird;1
07/12/2023;1;1;50;16:12:00;N;Sofia1;2023;autumn;DomesticCat;1
07/12/2023;1;1;50;18:21:00;N;Peretola;2023;autumn;ShortEaredOwl;1
07/12/2023;1;1;50;21:48:00;N;Compiobbi;2023;autumn;RedFox;1
07/12/2023;1;1;50;22:24:00;N;Compiobbi;2023;autumn;Wildboar;1
07/12/2023;1;1;50;22:28:00;N;Fiesole;2023;autumn;CrestedPorcupine;1
07/12/2023;1;1;50;23:34:00;N;Fiesole;2023;autumn;CrestedPorcupine;2
08/12/2023;1;2;50;00:45:00;N;Fiesole;2023;autumn;Wildboar;2
08/12/2023;1;2;50;02:28:00;N;Compiobbi;2023;autumn;Wildboar;1
08/12/2023;1;2;50;20:24:00;N;Fiesole;2023;autumn;CrestedPorcupine;2
08/12/2023;1;2;50;20:26:00;N;Fiesole;2023;autumn;Wildboar;1
08/12/2023;1;2;50;22:11:00;N;Fiesole;2023;autumn;Wildboar;1
09/12/2023;1;3;50;00:15:00;N;Compiobbi;2023;autumn;Wildboar;1
09/12/2023;1;3;50;01:17:00;N;VillaStacchini2;2023;autumn;Wildboar;1
09/12/2023;1;3;50;01:19:00;N;VillaStacchini2;2023;autumn;Wildboar;1
09/12/2023;1;3;50;01:22:00;N;VillaStacchini2;2023;autumn;Wildboar;1
09/12/2023;1;3;50;03:58:00;N;Fiesole;2023;autumn;DomesticCat;1
09/12/2023;1;3;50;19:24:00;N;Compiobbi;2023;autumn;RedFox;1
09/12/2023;1;3;50;22:18:00;N;Compiobbi;2023;autumn;Wildboar;1
09/12/2023;1;3;50;22:32:00;N;Impruneta;2023;autumn;GreyWolf;2
09/12/2023;1;3;50;22:46:00;N;Compiobbi;2023;autumn;Wildboar;1
09/12/2023;1;3;50;23:21:00;N;Compiobbi;2023;autumn;Wildboar;1
09/12/2023;1;3;50;23:25:00;N;Compiobbi;2023;autumn;Wildboar;1
09/12/2023;1;3;50;23:33:00;N;Fiesole;2023;autumn;CrestedPorcupine;2
09/12/2023;1;3;50;23:46:00;N;Compiobbi;2023;autumn;Wildboar;1
09/12/2023;1;3;50;23:47:00;N;Compiobbi;2023;autumn;Wildboar;1
09/12/2023;1;3;50;23:48:00;N;Compiobbi;2023;autumn;Wildboar;1
09/12/2023;1;3;50;23:49:00;N;Compiobbi;2023;autumn;Wildboar;1
09/12/2023;1;3;50;23:50:00;N;Compiobbi;2023;autumn;Wildboar;1
09/12/2023;1;3;50;23:51:00;N;Compiobbi;2023;autumn;Wildboar;1
09/12/2023;1;3;50;23:52:00;N;Compiobbi;2023;autumn;Wildboar;1
09/12/2023;1;3;50;23:53:00;N;Compiobbi;2023;autumn;Wildboar;1
10/12/2023;2;4;50;00:49:00;N;Fiesole;2023;autumn;Wildboar;1
10/12/2023;2;4;50;00:50:00;N;Fiesole;2023;autumn;CrestedPorcupine;2
10/12/2023;2;4;50;01:54:00;N;Fiesole;2023;autumn;WoodMouse;1
10/12/2023;2;4;50;03:28:00;N;Capellino_1;2023;autumn;RedFox;1
10/12/2023;2;4;50;17:39:00;N;Impruneta;2023;autumn;Blackbird;1
11/12/2023;2;5;100;01:58:00;N;Compiobbi;2023;autumn;RedFox;1
11/12/2023;2;5;100;02:11:00;N;Compiobbi;2023;autumn;Wildboar;1
11/12/2023;2;5;100;05:00:00;N;Compiobbi;2023;autumn;GreyWolf;1
11/12/2023;2;5;100;05:30:00;N;Compiobbi;2023;autumn;GreyWolf;2
11/12/2023;2;5;100;07:15:00;N;Compiobbi;2023;autumn;GreyWolf;1
11/12/2023;2;5;100;10:10:00;N;Compiobbi;2023;autumn;Wildboar;1
11/12/2023;2;5;100;11:39:00;N;Impruneta;2023;autumn;WoodPigeon;1
11/12/2023;2;5;100;22:21:00;N;Fiesole;2023;autumn;CrestedPorcupine;2
11/12/2023;2;5;100;23:32:00;N;VillaStacchini1;2023;autumn;StoneMarten;1
12/12/2023;2;6;100;05:05:00;N;Fiesole;2023;autumn;Wildboar;2
12/12/2023;2;6;100;05:06:00;N;Fiesole;2023;autumn;Wildboar;1
12/12/2023;2;6;100;05:07:00;N;Fiesole;2023;autumn;Wildboar;2
12/12/2023;2;6;100;05:08:00;N;Fiesole;2023;autumn;Wildboar;1
12/12/2023;2;6;100;05:09:00;N;Fiesole;2023;autumn;Wildboar;1
12/12/2023;2;6;100;05:10:00;N;Fiesole;2023;autumn;Wildboar;2
12/12/2023;2;6;100;05:11:00;N;Fiesole;2023;autumn;Wildboar;2
12/12/2023;2;6;100;05:14:00;N;Fiesole;2023;autumn;Wildboar;2
12/12/2023;2;6;100;06:03:00;N;Fiesole;2023;autumn;RedFox;1
12/12/2023;2;6;100;06:25:00;N;Fiesole;2023;autumn;Wildboar;1
12/12/2023;2;6;100;18:19:00;N;Impruneta;2023;autumn;GreyWolf;2
12/12/2023;2;6;100;19:29:00;N;Fiesole;2023;autumn;Wildboar;2
12/12/2023;2;6;100;19:33:00;N;Fiesole;2023;autumn;Wildboar;1
13/12/2023;3;7;100;18:30:00;N;Compiobbi;2023;autumn;RedFox;1
13/12/2023;3;7;100;19:24:00;N;Compiobbi;2023;autumn;RedFox;1
13/12/2023;3;7;100;20:03:00;N;Compiobbi;2023;autumn;Wildboar;1
13/12/2023;3;7;100;21:13:00;N;Fiesole;2023;autumn;StoneMarten;1
13/12/2023;3;7;100;23:20:00;N;Peretola;2023;autumn;LittleOwl;1
13/12/2023;3;7;100;23:22:00;N;Peretola;2023;autumn;ShortEaredOwl;1
14/12/2023;3;8;70;06:26:00;N;Impruneta;2023;autumn;RedFox;1
14/12/2023;3;8;70;08:52:00;N;Fiesole;2023;autumn;Blackbird;1
14/12/2023;3;8;70;08:58:00;N;Impruneta;2023;autumn;GreyWolf;2
14/12/2023;3;8;70;11:12:00;N;Peretola;2023;autumn;Human;1
14/12/2023;3;8;70;11:14:00;N;Peretola;2023;autumn;Human;1
14/12/2023;3;8;70;18:59:00;N;Fiesole;2023;autumn;CrestedPorcupine;1
14/12/2023;3;8;70;19:09:00;N;Fiesole;2023;autumn;Wildboar;1
14/12/2023;3;8;70;23:16:00;N;Fiesole;2023;autumn;RedFox;1
15/12/2023;3;9;35;02:25:00;N;Compiobbi;2023;autumn;Wildboar;1
15/12/2023;3;9;35;11:19:00;N;Impruneta;2023;autumn;EurasianMagpie;1
15/12/2023;3;9;35;12:45:00;N;VillaStacchini2;2023;autumn;WoodPigeon;11
15/12/2023;3;9;35;12:46:00;N;VillaStacchini2;2023;autumn;WoodPigeon;8
15/12/2023;3;9;35;16:39:00;N;Peretola;2023;autumn;CommonPheasant;1
15/12/2023;3;9;35;16:40:00;N;Peretola;2023;autumn;CommonPheasant;1
15/12/2023;3;9;35;19:35:00;N;Scandicci_Acciaiolo;2023;autumn;EuropeanHare;1
15/12/2023;3;9;35;19:38:00;N;Scandicci_Acciaiolo;2023;autumn;EuropeanHare;1
15/12/2023;3;9;35;20:44:00;N;Impruneta;2023;autumn;GreyWolf;1
15/12/2023;3;9;35;21:47:00;N;Scandicci_Acciaiolo;2023;autumn;EuropeanHare;1
16/12/2023;4;10;35;00:35:00;N;Fiesole;2023;autumn;CrestedPorcupine;2
16/12/2023;4;10;35;00:49:00;N;Compiobbi;2023;autumn;Wildboar;1
16/12/2023;4;10;35;01:12:00;N;Compiobbi;2023;autumn;Wildboar;1
16/12/2023;4;10;35;07:42:00;N;Scandicci_Acciaiolo;2023;autumn;EuropeanHare;2
16/12/2023;4;10;35;09:00:00;N;Capellino_1;2023;autumn;GreyHeron;1
16/12/2023;4;10;35;0,387951389;N;Capellino_1;2023;autumn;PigmyCormorant;1
16/12/2023;4;10;35;17:07:00;N;Capellino_1;2023;autumn;DomesticDog;1
16/12/2023;4;10;35;17:11:00;N;Capellino_1;2023;autumn;Human;2
16/12/2023;4;10;35;21:27:00;N;Fiesole;2023;autumn;CrestedPorcupine;1
17/12/2023;4;11;35;00:33:00;N;Fiesole;2023;autumn;CrestedPorcupine;1
17/12/2023;4;11;35;01:37:00;N;Scandicci_Acciaiolo;2023;autumn;EuropeanHare;1
17/12/2023;4;11;35;03:08:00;N;Fiesole;2023;autumn;Wildboar;1
17/12/2023;4;11;35;06:03:00;N;Fiesole;2023;autumn;Wildboar;1
17/12/2023;4;11;35;07:48:00;N;Scandicci_Acciaiolo;2023;autumn;EuropeanHare;2
17/12/2023;4;11;35;11:16:00;N;Compiobbi;2023;autumn;RoeDeer;2
17/12/2023;4;11;35;13:40:00;N;Impruneta;2023;autumn;EurasianMagpie;2
17/12/2023;4;11;35;14:52:00;N;Capellino_1;2023;autumn;PigmyCormorant;1
17/12/2023;4;11;35;14:53:00;N;Capellino_1;2023;autumn;PigmyCormorant;1
17/12/2023;4;11;35;14:55:00;N;Capellino_1;2023;autumn;PigmyCormorant;1
17/12/2023;4;11;35;14:55:00;N;Capellino_1;2023;autumn;RingNeckedParakeet;1
17/12/2023;4;11;35;15:01:00;N;Capellino_1;2023;autumn;PigmyCormorant;1
17/12/2023;4;11;35;15:02:00;N;Capellino_1;2023;autumn;PigmyCormorant;1
17/12/2023;4;11;35;15:29:00;N;Capellino_1;2023;autumn;PigmyCormorant;1
17/12/2023;4;11;35;15:30:00;N;Capellino_1;2023;autumn;PigmyCormorant;1
17/12/2023;4;11;35;16:16:00;N;Capellino_1;2023;autumn;PigmyCormorant;1
17/12/2023;4;11;35;16:50:00;N;Capellino_1;2023;autumn;PigmyCormorant;2
17/12/2023;4;11;35;16:51:00;N;Capellino_1;2023;autumn;PigmyCormorant;3
17/12/2023;4;11;35;16:54:00;N;Capellino_1;2023;autumn;PigmyCormorant;4
17/12/2023;4;11;35;16:56:00;N;Capellino_1;2023;autumn;PigmyCormorant;5
17/12/2023;4;11;35;17:00:00;N;Capellino_1;2023;autumn;PigmyCormorant;7
17/12/2023;4;11;35;17:11:00;N;Capellino_1;2023;autumn;DomesticDog;2
17/12/2023;4;11;35;21:43:00;N;Fiesole;2023;autumn;CrestedPorcupine;2
18/12/2023;4;12;60;00:10:00;N;Fiesole;2023;autumn;Wildboar;1
18/12/2023;4;12;60;00:45:00;N;Compiobbi;2023;autumn;RedFox;1
18/12/2023;4;12;60;02:45:00;N;Fiesole;2023;autumn;Wildboar;1
18/12/2023;4;12;60;07:33:00;N;Compiobbi;2023;autumn;Wildboar;1
18/12/2023;4;12;60;07:34:00;N;Scandicci_Acciaiolo;2023;autumn;EuropeanHare;2
18/12/2023;4;12;60;10:54:00;N;Impruneta;2023;autumn;WoodPigeon;1
18/12/2023;4;12;60;16:57:00;N;Capellino_1;2023;autumn;PigmyCormorant;1
18/12/2023;4;12;60;17:02:00;N;Capellino_1;2023;autumn;RingNeckedParakeet;1
18/12/2023;4;12;60;19:50:00;N;Fiesole;2023;autumn;Wildboar;1
18/12/2023;4;12;60;20:42:00;N;Fiesole;2023;autumn;Wildboar;1
19/12/2023;4;13;80;05:34:00;N;CasaDiMartino;2023;autumn;CrestedPorcupine;1
19/12/2023;4;13;80;20:04:00;N;CasaDiMartino;2023;autumn;EuropeanBadger;1
19/12/2023;4;13;80;20:32:00;N;CasaDiMartino;2023;autumn;CrestedPorcupine;2
19/12/2023;4;13;80;20:33:00;N;CasaDiMartino;2023;autumn;CrestedPorcupine;1
19/12/2023;4;13;80;21:20:00;N;CasaDiMartino;2023;autumn;CrestedPorcupine;2
19/12/2023;4;13;80;21:20:00;N;CasaDiMartino;2023;autumn;CrestedPorcupine;3
19/12/2023;4;13;80;21:24:00;N;CasaDiMartino;2023;autumn;CrestedPorcupine;2
19/12/2023;4;13;80;21:25:00;N;CasaDiMartino;2023;autumn;CrestedPorcupine;2
19/12/2023;4;13;80;21:51:00;N;CasaDiMartino;2023;autumn;CrestedPorcupine;1
19/12/2023;4;13;80;21:52:00;N;CasaDiMartino;2023;autumn;CrestedPorcupine;1
19/12/2023;4;13;60;00:24:00;N;Fiesole;2023;autumn;CrestedPorcupine;2
19/12/2023;4;13;60;03:29:00;N;Fiesole;2023;autumn;CrestedPorcupine;1
19/12/2023;4;13;60;09:55:00;N;Capellino_1;2023;autumn;Human;2
19/12/2023;4;13;60;10:07:00;N;Capellino_1;2023;autumn;Human;2
19/12/2023;4;13;60;10:20:00;N;Capellino_1;2023;autumn;Human;2
19/12/2023;4;13;60;11:33:00;N;Capellino_1;2023;autumn;RingNeckedParakeet;1
19/12/2023;4;13;60;12:41:00;N;Capellino_1;2023;autumn;HoodedCrow;1
19/12/2023;4;13;60;13:33:00;N;Capellino_1;2023;autumn;RingNeckedParakeet;1
19/12/2023;4;13;60;14:18:00;N;Capellino_1;2023;autumn;Human;2
19/12/2023;4;13;60;15:46:00;N;Capellino_1;2023;autumn;Human;1
19/12/2023;4;13;60;16:57:00;N;Capellino_1;2023;autumn;PigmyCormorant;5
19/12/2023;4;13;60;22:31:00;N;Fiesole;2023;autumn;Wildboar;1
20/12/2023;4;14;80;20:30:00;N;CasaDiMartino;2023;autumn;DomesticCat;1
20/12/2023;4;14;60;00:32:00;N;Scandicci_Acciaiolo;2023;autumn;EuropeanHare;2
20/12/2023;4;14;60;01:01:00;N;Scandicci_Acciaiolo;2023;autumn;EuropeanHare;1
20/12/2023;4;14;60;01:01:00;N;Scandicci_Acciaiolo;2023;autumn;EuropeanHare;2
20/12/2023;4;14;60;03:45:00;N;Fiesole;2023;autumn;Wildboar;1
20/12/2023;4;14;60;05:14:00;N;Fiesole;2023;autumn;Wildboar;1
20/12/2023;4;14;60;05:28:00;N;Scandicci_Acciaiolo;2023;autumn;EuropeanHare;2
20/12/2023;4;14;60;08:13:00;N;Scandicci_Acciaiolo;2023;autumn;EuropeanHare;3
20/12/2023;4;14;60;08:13:00;N;Compiobbi;2023;autumn;Wildboar;1
20/12/2023;4;14;60;11:47:00;N;Impruneta;2023;autumn;GreyWolf;1
20/12/2023;4;14;60;16:32:00;N;Peretola;2023;autumn;CommonPheasant;1
20/12/2023;4;14;60;19:54:00;N;Compiobbi;2023;autumn;RedFox;1
20/12/2023;4;14;60;23:23:00;N;Fiesole;2023;autumn;CrestedPorcupine;2
21/12/2023;4;15;30;11:33:00;N;Capellino_1;2023;winter;DomesticDog;2
21/12/2023;4;15;30;11:33:00;N;Capellino_1;2023;winter;Human;1
21/12/2023;4;15;30;02:00:00;N;Compiobbi;2023;winter;Wildboar;1
21/12/2023;4;15;30;02:05:00;N;Fiesole;2023;winter;Wildboar;1
21/12/2023;4;15;30;04:10:00;N;Fiesole;2023;winter;Wildboar;1
21/12/2023;4;15;30;05:26:00;N;Fiesole;2023;winter;CrestedPorcupine;2
21/12/2023;4;15;30;07:56:00;N;Scandicci_Acciaiolo;2023;winter;EuropeanHare;1
21/12/2023;4;15;30;08:55:00;N;Scandicci_Acciaiolo;2023;winter;EuropeanHare;2
21/12/2023;4;15;30;08:59:00;N;Scandicci_Acciaiolo;2023;winter;EuropeanHare;2
21/12/2023;4;15;30;09:00:00;N;Scandicci_Acciaiolo;2023;winter;EuropeanHare;1
21/12/2023;4;15;30;18:53:00;N;Scandicci_Acciaiolo;2023;winter;EuropeanHare;1
21/12/2023;4;15;30;18:57:00;N;Scandicci_Acciaiolo;2023;winter;EuropeanHare;1
21/12/2023;4;15;30;19:23:00;N;Peretola;2023;winter;LittleOwl;1
21/12/2023;4;15;30;20:00:00;N;Fiesole;2023;winter;WoodMouse;1
21/12/2023;4;15;30;23:12:00;N;Compiobbi;2023;winter;Wildboar;1
22/12/2023;4;16;30;01:39:00;N;Scandicci_Acciaiolo;2023;winter;EuropeanHare;1
22/12/2023;4;16;30;01:40:00;N;Scandicci_Acciaiolo;2023;winter;EuropeanHare;1
22/12/2023;4;16;30;01:41:00;N;Scandicci_Acciaiolo;2023;winter;EuropeanHare;1
22/12/2023;4;16;30;01:59:00;N;Fiesole;2023;winter;Wildboar;1
22/12/2023;4;16;30;02:09:00;N;Compiobbi;2023;winter;Wildboar;1
22/12/2023;4;16;30;03:11:00;N;Fiesole;2023;winter;Wildboar;1
22/12/2023;4;16;30;08:36:00;N;Scandicci_Acciaiolo;2023;winter;EurasianRobin;1
22/12/2023;4;16;30;08:52:00;N;Scandicci_Acciaiolo;2023;winter;Blackbird;2
22/12/2023;4;16;30;20:34:00;N;Compiobbi;2023;winter;GreyWolf;1
22/12/2023;4;16;30;20:34:00;N;Impruneta;2023;winter;GreyWolf;1
22/12/2023;4;16;30;20:50:00;N;Fiesole;2023;winter;Wildboar;1
22/12/2023;4;16;30;23:48:00;N;CasaDiMartino;2023;winter;EuropeanBadger;1
22/12/2023;4;16;30;23:48:00;N;CasaDiMartino;2023;winter;CrestedPorcupine;1
23/12/2023;3;17;30;05:10:00;N;Fiesole;2023;winter;CrestedPorcupine;2
24/12/2023;3;18;30;01:01:00;N;Compiobbi;2023;winter;Wildboar;1
24/12/2023;3;18;30;01:48:00;N;Compiobbi;2023;winter;Wildboar;1
24/12/2023;3;18;30;02:05:00;N;Compiobbi;2023;winter;GreyWolf;1
24/12/2023;3;18;30;02:05:00;N;Impruneta;2023;winter;GreyWolf;1
24/12/2023;3;18;30;07:36:00;N;Sofia1;2023;winter;SongThrush;1
24/12/2023;3;18;30;07:40:00;N;Sofia1;2023;winter;SongThrush;2
24/12/2023;3;18;30;07:42:00;N;Sofia1;2023;winter;Blackbird;1
24/12/2023;3;18;30;07:43:00;N;Peretola;2023;winter;DomesticDog;1
24/12/2023;3;18;30;07:45:00;N;Sofia1;2023;winter;SongThrush;1
24/12/2023;3;18;30;07:47:00;N;Sofia1;2023;winter;SongThrush;1
24/12/2023;3;18;30;07:55:00;N;Sofia1;2023;winter;SongThrush;3
24/12/2023;3;18;30;08:08:00;N;Sofia1;2023;winter;SongThrush;3
24/12/2023;3;18;30;08:28:00;N;Scandicci_Acciaiolo;2023;winter;CommonPheasant;1
24/12/2023;3;18;30;11:07:00;N;Sofia1;2023;winter;DomesticCat;1
24/12/2023;3;18;30;11:16:00;N;Sofia1;2023;winter;DomesticCat;1
24/12/2023;3;18;30;11:54:00;N;Sofia1;2023;winter;DomesticCat;1
24/12/2023;3;18;30;13:04:00;N;Sofia1;2023;winter;DomesticCat;1
24/12/2023;3;18;30;14:29:00;N;Sofia1;2023;winter;DomesticCat;1
24/12/2023;3;18;30;15:06:00;N;Sofia1;2023;winter;DomesticCat;1
24/12/2023;3;18;30;15:11:00;N;Sofia1;2023;winter;DomesticCat;1
24/12/2023;3;18;30;17:12:00;N;Sofia1;2023;winter;DomesticCat;1
24/12/2023;3;18;30;20:18:00;N;Fiesole;2023;winter;Wildboar;1
24/12/2023;3;18;30;20:31:00;N;CasaDiMartino;2023;winter;DomesticCat;1
24/12/2023;3;18;30;20:33:00;N;CasaDiMartino;2023;winter;DomesticCat;1
24/12/2023;3;18;30;21:31:00;N;Sofia1;2023;winter;RoeDeer;1
24/12/2023;3;18;30;21:39:00;N;VillaStacchini1;2023;winter;DomesticCat;1
24/12/2023;3;18;30;21:47:00;N;Fiesole;2023;winter;Wildboar;1
24/12/2023;3;18;30;22:32:00;N;Sofia1;2023;winter;RoeDeer;1
24/12/2023;3;18;30;23:32:00;N;Peretola;2023;winter;LittleOwl;1
25/12/2023;3;19;50;08:44:00;N;Impruneta;2023;winter;GreyWolf;2
25/12/2023;3;19;50;00:22:00;N;Sofia1;2023;winter;RoeDeer;1
25/12/2023;3;19;50;00:23:00;N;Sofia1;2023;winter;RoeDeer;1
25/12/2023;3;19;50;00:27:00;N;Sofia1;2023;winter;RoeDeer;1
25/12/2023;3;19;50;00:31:00;N;Sofia1;2023;winter;RoeDeer;1
25/12/2023;3;19;50;00:37:00;N;Sofia1;2023;winter;RoeDeer;1
25/12/2023;3;19;50;00:41:00;N;Sofia1;2023;winter;RoeDeer;1
25/12/2023;3;19;50;00:59:00;N;Fiesole;2023;winter;Wildboar;1
25/12/2023;3;19;50;01:01:00;N;Sofia1;2023;winter;RoeDeer;1
25/12/2023;3;19;50;01:08:00;N;Scandicci_Acciaiolo;2023;winter;EuropeanHare;1
25/12/2023;3;19;50;01:11:00;N;Sofia1;2023;winter;RoeDeer;1
25/12/2023;3;19;50;01:37:00;N;Sofia1;2023;winter;RoeDeer;1
25/12/2023;3;19;50;01:47:00;N;Sofia1;2023;winter;RoeDeer;1
25/12/2023;3;19;50;01:50:00;N;Sofia1;2023;winter;RoeDeer;1
25/12/2023;3;19;50;02:12:00;N;Sofia1;2023;winter;RoeDeer;1
25/12/2023;3;19;50;02:16:00;N;Sofia1;2023;winter;RoeDeer;1
25/12/2023;3;19;50;03:29:00;N;VillaStacchini1;2023;winter;EuropeanHare;1
25/12/2023;3;19;50;04:22:00;N;Compiobbi;2023;winter;Wildboar;1
25/12/2023;3;19;50;06:12:00;N;Sofia1;2023;winter;RedFox;1
25/12/2023;3;19;50;07:49:00;N;Sofia1;2023;winter;RoeDeer;1
25/12/2023;3;19;50;07:51:00;N;Sofia1;2023;winter;RoeDeer;1
25/12/2023;3;19;50;08:19:00;N;Scandicci_Acciaiolo;2023;winter;EurasianRobin;1
25/12/2023;3;19;50;09:31:00;N;Sofia1;2023;winter;DomesticCat;1
25/12/2023;3;19;50;12:49:00;N;Sofia1;2023;winter;DomesticCat;1
25/12/2023;3;19;50;17:17:00;N;Sofia1;2023;winter;DomesticCat;1
25/12/2023;3;19;50;19:16:00;N;Sofia1;2023;winter;DomesticCat;1
25/12/2023;3;19;50;20:23:00;N;Sofia1;2023;winter;DomesticCat;1
25/12/2023;3;19;50;21:23:00;N;CasaDiMartino;2023;winter;EuropeanBadger;1
26/12/2023;3;20;50;03:10:00;N;Compiobbi;2023;winter;Wildboar;1
26/12/2023;3;20;50;06:24:00;N;VillaStacchini1;2023;winter;Wildboar;1
26/12/2023;3;20;50;07:37:00;N;Scandicci_Acciaiolo;2023;winter;EuropeanHare;2
26/12/2023;3;20;50;10:50:00;N;Sofia1;2023;winter;DomesticCat;1
26/12/2023;3;20;50;11:05:00;N;Sofia1;2023;winter;DomesticCat;1
26/12/2023;3;20;50;15:04:00;N;Peretola;2023;winter;Blackbird;1
26/12/2023;3;20;50;16:09:00;N;Sofia1;2023;winter;DomesticCat;1
26/12/2023;3;20;50;18:12:00;N;Sofia1;2023;winter;RoeDeer;1
26/12/2023;3;20;50;19:09:00;N;Fiesole;2023;winter;DomesticCat;1
26/12/2023;3;20;50;19:42:00;N;Scandicci_Acciaiolo;2023;winter;EuropeanHare;1
26/12/2023;3;20;50;20:36:00;N;Fiesole;2023;winter;CrestedPorcupine;2
26/12/2023;3;20;50;21:22:00;N;Scandicci_Acciaiolo;2023;winter;EuropeanHare;1
26/12/2023;3;20;50;21:52:00;N;Sofia1;2023;winter;RedFox;1
26/12/2023;3;20;50;22:02:00;N;Fiesole;2023;winter;CrestedPorcupine;2
26/12/2023;3;20;50;22:56:00;N;Sofia1;2023;winter;DomesticCat;1
26/12/2023;3;20;50;23:49:00;N;Fiesole;2023;winter;Wildboar;1
27/12/2023;2;21;50;01:09:00;N;Fiesole;2023;winter;Wildboar;1
27/12/2023;2;21;50;01:51:00;N;Compiobbi;2023;winter;RedFox;1
27/12/2023;2;21;50;02:23:00;N;Compiobbi;2023;winter;Wildboar;1
27/12/2023;2;21;50;02:33:00;N;CasaDiMartino;2023;winter;EuropeanBadger;1
27/12/2023;2;21;50;05:20:00;N;Scandicci_Acciaiolo;2023;winter;EuropeanHare;1
27/12/2023;2;21;50;05:22:00;N;Scandicci_Acciaiolo;2023;winter;EuropeanHare;2
27/12/2023;2;21;50;05:57:00;N;Sofia1;2023;winter;DomesticCat;1
27/12/2023;2;21;50;06:26:00;N;Sofia1;2023;winter;DomesticCat;1
27/12/2023;2;21;50;08:41:00;N;Sofia1;2023;winter;RoeDeer;1
27/12/2023;2;21;50;10:07:00;N;Sofia1;2023;winter;DomesticCat;1
27/12/2023;2;21;50;10:57:00;N;Sofia1;2023;winter;DomesticCat;1
27/12/2023;2;21;50;11:11:00;N;Sofia1;2023;winter;DomesticCat;1
27/12/2023;2;21;50;11:38:00;N;VillaStacchini1;2023;winter;Human;1
27/12/2023;2;21;50;12:20:00;N;Compiobbi;2023;winter;HoodedCrow;1
27/12/2023;2;21;50;14:11:00;N;Sofia1;2023;winter;DomesticCat;1
27/12/2023;2;21;50;16:47:00;N;Sofia1;2023;winter;RoeDeer;1
27/12/2023;2;21;50;16:48:00;N;Sofia1;2023;winter;RoeDeer;1
27/12/2023;2;21;50;16:49:00;N;Sofia1;2023;winter;RoeDeer;1
27/12/2023;2;21;50;16:50:00;N;Sofia1;2023;winter;RoeDeer;1
27/12/2023;2;21;50;17:46:00;N;VillaStacchini1;2023;winter;CommonPheasant;1
27/12/2023;2;21;50;19:41:00;N;Compiobbi;2023;winter;GreyWolf;1
27/12/2023;2;21;50;19:41:00;N;Impruneta;2023;winter;GreyWolf;1
27/12/2023;2;21;50;19:43:00;N;CasaDiMartino;2023;winter;Human;3
27/12/2023;2;21;50;19:53:00;N;Sofia1;2023;winter;EuropeanBadger;1
27/12/2023;2;21;50;20:02:00;N;CasaDiMartino;2023;winter;Human;3
27/12/2023;2;21;50;22:29:00;N;Compiobbi;2023;winter;GreyWolf;1
27/12/2023;2;21;50;23:44:00;N;Compiobbi;2023;winter;GreyWolf;1
28/12/2023;2;22;10;00:43:00;N;Sofia1;2023;winter;RedFox;1
28/12/2023;2;22;10;01:40:00;N;Compiobbi;2023;winter;RedFox;1
28/12/2023;2;22;10;01:47:00;N;CasaDiMartino;2023;winter;EuropeanBadger;1
28/12/2023;2;22;10;02:09:00;N;Fiesole;2023;winter;Wildboar;1
28/12/2023;2;22;10;03:28:00;N;VillaStacchini1;2023;winter;EuropeanHare;1
28/12/2023;2;22;10;07:18:00;N;Sofia1;2023;winter;SongThrush;3
28/12/2023;2;22;10;07:19:00;N;Sofia1;2023;winter;Blackbird;2
28/12/2023;2;22;10;07:23:00;N;Sofia1;2023;winter;SongThrush;3
28/12/2023;2;22;10;07:37:00;N;Scandicci_Acciaiolo;2023;winter;EuropeanHare;2
28/12/2023;2;22;10;07:37:00;N;Scandicci_Acciaiolo;2023;winter;EuropeanHare;2
28/12/2023;2;22;10;09:15:00;N;Sofia1;2023;winter;DomesticCat;1
28/12/2023;2;22;10;09:18:00;N;Sofia1;2023;winter;DomesticCat;1
28/12/2023;2;22;10;09:43:00;N;Sofia1;2023;winter;DomesticCat;1
28/12/2023;2;22;10;10:31:00;N;Sofia1;2023;winter;DomesticCat;1
28/12/2023;2;22;10;13:15:00;N;VillaStacchini1;2023;winter;Human;1
28/12/2023;2;22;10;16:17:00;N;Sofia1;2023;winter;DomesticCat;1
28/12/2023;2;22;10;16:25:00;N;Sofia1;2023;winter;DomesticCat;1
28/12/2023;2;22;10;18:19:00;N;Compiobbi;2023;winter;GreyWolf;1
28/12/2023;2;22;10;20:18:00;N;CasaDiMartino;2023;winter;CrestedPorcupine;1
28/12/2023;2;23;10;22:32:00;N;Compiobbi;2023;winter;GreyWolf;1
29/12/2023;2;23;5;00:55:00;N;Impruneta;2023;winter;GreyWolf;1
29/12/2023;2;23;5;00:58:00;N;Fiesole;2023;winter;Wildboar;1
29/12/2023;2;23;5;02:15:00;N;Scandicci_Acciaiolo;2023;winter;EuropeanHare;1
29/12/2023;2;23;5;02:15:00;N;Impruneta;2023;winter;GreyWolf;2
29/12/2023;2;23;5;02:17:00;N;Fiesole;2023;winter;Wildboar;1
29/12/2023;2;23;5;08:58:00;N;Compiobbi;2023;winter;GreyWolf;1
29/12/2023;2;23;5;09:52:00;N;Sofia1;2023;winter;DomesticCat;1
29/12/2023;2;23;5;10:06:00;N;Sofia1;2023;winter;DomesticCat;1
29/12/2023;2;23;5;18:47:00;N;Scandicci_Acciaiolo;2023;winter;EuropeanHare;1
29/12/2023;2;23;5;19:47:00;N;Compiobbi;2023;winter;GreyWolf;1
29/12/2023;2;23;5;21:22:00;N;Fiesole;2023;winter;Wildboar;1
29/12/2023;2;23;5;21:35:00;N;CasaDiMartino;2023;winter;EuropeanBadger;1
29/12/2023;2;23;5;23:47:00;N;Compiobbi;2023;winter;GreyWolf;1
30/12/2023;2;24;5;00:35:00;N;Fiesole;2023;winter;RedFox;1
30/12/2023;2;24;5;00:55:00;N;Compiobbi;2023;winter;GreyWolf;1
30/12/2023;2;24;5;01:33:00;N;Compiobbi;2023;winter;RedFox;1
30/12/2023;2;24;5;02:15:00;N;Compiobbi;2023;winter;GreyWolf;1
30/12/2023;2;24;5;02:51:00;N;CasaDiMartino;2023;winter;RedFox;1
30/12/2023;2;24;5;03:12:00;N;CasaDiMartino;2023;winter;CrestedPorcupine;1
30/12/2023;2;24;5;03:13:00;N;CasaDiMartino;2023;winter;CrestedPorcupine;1
30/12/2023;2;24;5;05:00:00;N;CasaDiMartino;2023;winter;RedFox;1
30/12/2023;2;24;5;05:33:00;N;CasaDiMartino;2023;winter;RedFox;1
30/12/2023;2;24;5;07:32:00;N;Sofia1;2023;winter;SongThrush;3
30/12/2023;2;24;5;07:33:00;N;Sofia1;2023;winter;SongThrush;2
30/12/2023;2;24;5;07:38:00;N;Sofia1;2023;winter;Blackbird;1
30/12/2023;2;24;5;08:04:00;N;Peretola;2023;winter;DomesticDog;1
30/12/2023;2;24;5;10:17:00;N;Sofia1;2023;winter;DomesticCat;1
30/12/2023;2;24;5;10:37:00;N;Sofia1;2023;winter;DomesticCat;1
30/12/2023;2;24;5;13:43:00;N;VillaStacchini1;2023;winter;WoodPigeon;1
30/12/2023;2;24;5;14:20:00;N;VillaStacchini1;2023;winter;WoodPigeon;2
30/12/2023;2;24;5;16:56:00;N;Sofia1;2023;winter;DomesticCat;1
30/12/2023;2;24;5;19:05:00;N;VillaStacchini1;2023;winter;StoneMarten;1
30/12/2023;2;24;5;21:31:00;N;CasaDiMartino;2023;winter;DomesticCat;1
30/12/2023;2;24;5;22:05:00;N;Compiobbi;2023;winter;RedFox;1
31/12/2023;2;25;5;00:05:00;N;Compiobbi;2023;winter;RedFox;1
31/12/2023;2;25;5;03:27:00;N;VillaStacchini1;2023;winter;StoneMarten;1
31/12/2023;2;25;5;05:50:00;N;Fiesole;2023;winter;WoodMouse;1
31/12/2023;2;25;5;06:24:00;N;Scandicci_Acciaiolo;2023;winter;EuropeanHare;1
31/12/2023;2;25;5;07:28:00;N;Sofia1;2023;winter;SongThrush;3
31/12/2023;2;25;5;07:31:00;N;Sofia1;2023;winter;SongThrush;1
31/12/2023;2;25;5;07:51:00;N;Sofia1;2023;winter;SongThrush;1
31/12/2023;2;25;5;08:02:00;N;Peretola;2023;winter;DomesticDog;1
31/12/2023;2;25;5;08:06:00;N;Compiobbi;2023;winter;RedFox;1
31/12/2023;2;25;5;10:18:00;N;Sofia1;2023;winter;DomesticCat;1
31/12/2023;2;25;5;16:51:00;N;Peretola;2023;winter;Blackbird;1
31/12/2023;2;25;5;22:07:00;N;Scandicci_Acciaiolo;2023;winter;EuropeanHare;1
01/02/2023;4;12;100;17:30:00;N;SanCasciano4;2023;winter;RoeDeer;1
01/02/2023;4;12;100;17:30:00;N;TorrinoSantarosa;2023;winter;AegyptianGoose;1
02/02/2023;4;13;100;01:22:00;N;SanCasciano4;2023;winter;CrestedPorcupine;2
03/02/2023;4;14;100;08:55:00;D;Osmannoro;2023;winter;Human;2
03/02/2023;4;14;100;23:31:00;N;SanCasciano4;2023;winter;Wildboar;5
03/02/2023;4;14;100;23:32:00;N;SanCasciano4;2023;winter;Wildboar;3
04/02/2023;4;15;100;02:27:00;N;SanCasciano4;2023;winter;RedFox;1
04/02/2023;4;15;100;03:51:00;N;SanCasciano4;2023;winter;RedFox;1
05/02/2023;4;15;100;11:39:00;D;Osmannoro;2023;winter;Human;2
05/02/2023;4;15;100;18:36:00;N;SanCasciano4;2023;winter;RedFox;1
05/02/2023;4;15;100;23:40:00;N;SanCasciano4;2023;winter;RedFox;1
07/02/2023;3;17;75;03:18:00;N;SanCasciano4;2023;winter;CrestedPorcupine;1
10/02/2023;3;20;30;22:28:00;N;Cascine;2023;winter;StoneMarten;1
11/02/2023;2;21;40;09:01:00;D;CascineDelRiccio2;2023;winter;WoodPigeon;1
15/02/2023;2;25;0;14:03:00;D;Osmannoro;2023;winter;Human;2
16/02/2023;1;26;0;23:02:00;N;SanCasciano4;2023;winter;RedFox;1
17/02/2023;1;27;0;12:42:00;D;Osmannoro;2023;winter;Human;2
17/02/2023;1;27;0;16:22:00;D;Empoli_Serravalle;2023;winter;Human;1
17/02/2023;1;27;0;06:30:30;N;CascineDelRiccio2;2023;winter;HoodedCrow;2
17/02/2023;1;27;0;06:30:30;N;CascineDelRiccio2;2023;winter;WoodPigeon;2
17/02/2023;1;27;0;06:42:00;N;CascineDelRiccio2;2023;winter;WoodPigeon;3
17/02/2023;1;27;0;06:46:30;N;CascineDelRiccio2;2023;winter;WoodPigeon;3
17/02/2023;1;27;0;06:50:30;N;CascineDelRiccio2;2023;winter;EurasianMagpie;1
17/02/2023;1;27;0;06:50:30;N;CascineDelRiccio2;2023;winter;WoodPigeon;3
17/02/2023;1;27;0;06:54:30;N;CascineDelRiccio2;2023;winter;WoodPigeon;4
17/02/2023;1;27;0;06:59:00;N;CascineDelRiccio2;2023;winter;WoodPigeon;3
18/02/2023;1;28;15;08:15:00;D;Empoli_Serravalle;2023;winter;Human;1
18/02/2023;1;28;15;08:18:00;D;CascineDelRiccio2;2023;winter;WoodPigeon;2
18/02/2023;1;28;15;09:56:30;D;CascineDelRiccio2;2023;winter;WoodPigeon;1
18/02/2023;1;28;15;10:00:00;D;Osmannoro;2023;winter;Human;1
18/02/2023;1;28;15;10:27:00;D;CascineDelRiccio2;2023;winter;WoodPigeon;1
18/02/2023;1;28;15;15:36:00;D;Empoli_Serravalle;2023;winter;Human;1
18/02/2023;1;28;15;16:47:00;D;Osmannoro;2023;winter;Human;1
18/02/2023;1;28;15;07:58:00;N;CascineDelRiccio2;2023;winter;WoodPigeon;2
18/02/2023;1;28;15;22:57:00;N;Osmannoro;2023;winter;Hedgehog;1
18/02/2023;1;28;15;23:17:00;N;SanCasciano4;2023;winter;Wildboar;1
19/02/2023;1;29;80;08:08:00;D;Osmannoro;2023;winter;Human;1
19/02/2023;1;29;80;09:08:00;D;SanCasciano4;2023;winter;WoodPigeon;1
19/02/2023;1;29;80;10:18:00;D;Osmannoro;2023;winter;Human;1
19/02/2023;1;29;80;11:11:00;D;Empoli_Serravalle;2023;winter;CommonSandpiper;1
19/02/2023;1;29;80;01:39:00;N;SanCasciano4;2023;winter;Wildboar;1
19/02/2023;1;29;80;03:03:00;N;SanCasciano4;2023;winter;StoneMarten;1
20/02/2023;1;1;5;08:18:00;D;Osmannoro;2023;winter;Human;2
20/02/2023;1;1;5;13:40:00;D;SanCasciano4;2023;winter;RedFox;1
20/02/2023;1;1;5;15:39:00;D;SanCasciano4;2023;winter;RedFox;1
20/02/2023;1;1;5;07:32:00;N;Osmannoro;2023;winter;Human;1
20/02/2023;1;1;5;20:20:00;N;SanCasciano4;2023;winter;CrestedPorcupine;1
21/02/2023;1;3;5;09:05:00;D;Osmannoro;2023;winter;Human;2
21/02/2023;1;2;5;00:21:00;N;SanCasciano4;2023;winter;Wildboar;1
21/02/2023;1;2;5;00:53:00;N;SanCasciano4;2023;winter;RedFox;1
21/02/2023;1;2;5;00:54:00;N;SanCasciano4;2023;winter;RedFox;1
22/02/2023;1;3;5;08:24:00;D;Osmannoro;2023;winter;Human;1
22/02/2023;1;3;5;08:26:00;D;SanCasciano4;2023;winter;RoeDeer;1
22/02/2023;1;3;5;08:50:00;D;SanCasciano4;2023;winter;DomesticDog;1
22/02/2023;1;3;5;08:52:00;D;SanCasciano4;2023;winter;DomesticDog;1
22/02/2023;1;3;5;08:52:00;D;SanCasciano4;2023;winter;DomesticDog;1
22/02/2023;1;3;5;09:55:00;D;Osmannoro;2023;winter;Human;1
22/02/2023;1;3;5;14:14:00;D;Osmannoro;2023;winter;Human;1
22/02/2023;1;3;5;16:35:00;D;Osmannoro;2023;winter;Human;1
22/02/2023;1;3;5;05:55:00;N;Osmannoro;2023;winter;Human;1
22/02/2023;1;3;5;21:02:00;N;SanCasciano4;2023;winter;CrestedPorcupine;1
22/02/2023;1;3;5;21:06:00;N;SanCasciano4;2023;winter;CrestedPorcupine;1
23/02/2023;2;4;5;09:47:00;D;Osmannoro;2023;winter;Human;2
23/02/2023;2;4;5;14:24:00;D;SanCasciano4;2023;winter;EuropeanHare;1
23/02/2023;2;4;5;02:45:00;N;SanCasciano4;2023;winter;Wildboar;1
23/02/2023;2;4;5;06:12:00;N;Osmannoro;2023;winter;Human;1
23/02/2023;2;4;5;00:31:00;N;Baronta;2024;winter;RoeDeer;1
24/02/2023;2;5;5;11:59:00;D;Osmannoro;2023;winter;Human;2
24/02/2023;2;5;5;16:20:00;D;Osmannoro;2023;winter;Human;2
24/02/2023;2;5;5;16:47:00;D;SanCasciano4;2023;winter;RoeDeer;1
24/02/2023;2;5;5;16:51:00;D;SanCasciano4;2023;winter;RoeDeer;1
24/02/2023;2;5;5;16:52:00;D;SanCasciano4;2023;winter;RoeDeer;1
24/02/2023;2;5;5;16:53:00;D;SanCasciano4;2023;winter;RoeDeer;1
24/02/2023;2;5;5;16:54:00;D;SanCasciano4;2023;winter;RoeDeer;1
24/02/2023;2;5;5;16:55:00;D;SanCasciano4;2023;winter;RoeDeer;1
24/02/2023;2;5;5;16:56:00;D;SanCasciano4;2023;winter;RoeDeer;1
24/02/2023;2;5;5;16:57:00;D;SanCasciano4;2023;winter;RoeDeer;1
24/02/2023;2;5;5;16:58:00;D;SanCasciano4;2023;winter;RoeDeer;1
25/02/2023;2;6;15;13:27:00;D;Osmannoro;2023;winter;Human;1
25/02/2023;2;6;15;20:18:00;N;Osmannoro;2023;winter;Human;1
26/02/2023;3;7;15;19:46:00;N;Empoli_Serravalle;2023;winter;Mallard;4
27/02/2023;3;8;15;08:00:00;D;Osmannoro;2023;winter;Human;1
27/02/2023;3;8;15;09:27:00;D;Osmannoro;2023;winter;Human;1
27/02/2023;3;8;15;15:23:00;D;SanCasciano4;2023;winter;RoeDeer;1
27/02/2023;3;8;15;15:24:00;D;SanCasciano4;2023;winter;RoeDeer;1
27/02/2023;3;8;15;15:25:00;D;SanCasciano4;2023;winter;RoeDeer;1
27/02/2023;3;8;15;15:25:00;D;SanCasciano4;2023;winter;RoeDeer;1
27/02/2023;3;8;15;15:26:00;D;SanCasciano4;2023;winter;RoeDeer;1
27/02/2023;3;8;15;15:27:00;D;SanCasciano4;2023;winter;RoeDeer;2
27/02/2023;3;8;15;15:28:00;D;SanCasciano4;2023;winter;RoeDeer;2
27/02/2023;3;8;15;15:28:00;D;SanCasciano4;2023;winter;RoeDeer;2
27/02/2023;3;8;15;15:29:00;D;SanCasciano4;2023;winter;RoeDeer;2
27/02/2023;3;8;15;01:25:00;N;SanCasciano4;2023;winter;RedFox;1
27/02/2023;3;8;15;05:26:00;N;Osmannoro;2023;winter;Human;1
27/02/2023;3;8;15;22:45:00;N;SanCasciano4;2023;winter;RoeDeer;1
27/02/2023;3;8;15;22:45:00;N;SanCasciano4;2023;winter;RoeDeer;1
27/02/2023;3;8;15;22:46:00;N;SanCasciano4;2023;winter;RoeDeer;1
27/02/2023;3;8;15;22:48:00;N;SanCasciano4;2023;winter;RoeDeer;1
27/02/2023;3;8;15;14:00:00;N;Baronta;2024;winter;WoodPigeon;1
28/02/2023;3;9;15;12:53:00;D;Osmannoro;2023;winter;Human;1
28/02/2023;3;9;15;17:57:00;N;SanCasciano4;2023;winter;RoeDeer;1
28/02/2023;3;9;15;18:07:00;N;SanCasciano4;2023;winter;RoeDeer;1
28/02/2023;3;9;15;18:09:00;N;SanCasciano4;2023;winter;RoeDeer;1
28/02/2023;3;9;15;03:48:00;N;SanCasciano4;2023;winter;RoeDeer;1
28/02/2023;3;9;15;03:49:00;N;SanCasciano4;2023;winter;RoeDeer;1
28/02/2023;3;9;15;03:50:00;N;SanCasciano4;2023;winter;RoeDeer;1
28/02/2023;3;9;15;07:20:00;N;SanCasciano4;2023;winter;RoeDeer;2
28/02/2023;3;9;15;07:21:00;N;SanCasciano4;2023;winter;RoeDeer;1
28/02/2023;3;9;15;07:22:00;N;SanCasciano4;2023;winter;RoeDeer;2
28/02/2023;3;9;15;07:49:00;N;Osmannoro;2023;winter;Human;1
28/02/2023;3;9;15;18:15:00;N;SanCasciano4;2023;winter;RoeDeer;1
28/02/2023;3;9;15;18:15:30;N;SanCasciano4;2023;winter;RoeDeer;1
28/02/2023;3;9;15;23:00:00;N;SanCasciano4;2023;winter;EuropeanBadger;1
05/09/2023;2;23;0;01:26:08;N;Ponteallindiano2;2023;summer;CrestedPorcupine;3
31/12/2023;2;25;5;20:23:00;N;Bottai;2024;winter;WoodMouse;1
06/01/2024;1;3;40;06:03:00;N;Bottai;2024;winter;WoodMouse;1
14/01/2024;4;11;15;23:42:00;N;Bottai;2024;winter;WoodMouse;1
27/01/2024;2;24;5;14:04:00;N;Baronta;2024;winter;EurasianChaffinch;2
31/01/2024;1;28;100;03:12:00;N;Lastra2;2024;winter;RedFox;1
31/01/2024;1;28;100;03:15:00;N;Lastra2;2024;winter;Wildboar;1
31/01/2024;1;28;100;03:19:00;N;Lastra2;2024;winter;Wildboar;1
31/01/2024;1;28;100;17:43:00;N;Lastra2;2024;winter;DomesticDog;1
31/01/2024;1;28;100;17:44:00;N;Lastra2;2024;winter;DomesticDog;3
31/01/2024;1;28;100;18:45:00;N;Lastra2;2024;winter;DomesticDog;1
31/01/2024;1;28;100;18:45:00;N;Lastra2;2024;winter;DomesticDog;1
01/02/2024;1;29;100;07:48:00;N;Empoli_Serravalle;2024;winter;Shelduck;1
01/02/2024;1;29;100;14:47:00;N;CasaDiMartino;2024;winter;WoodPigeon;1
01/02/2024;1;29;100;14:57:00;N;CasaDiMartino;2024;winter;Human;1
01/02/2024;1;29;100;17:08:00;N;Lastra2;2024;winter;RoeDeer;2
01/02/2024;1;29;100;17:08:00;N;Lastra2;2024;winter;RoeDeer;2
01/02/2024;1;29;100;17:19:00;N;Lastra2;2024;winter;DomesticCat;1
01/02/2024;1;29;100;17:54:00;N;Empoli_Serravalle;2024;winter;Shelduck;1
01/02/2024;1;29;100;18:41:00;N;Lastra2;2024;winter;DomesticDog;1
01/02/2024;1;29;100;18:45:00;N;Empoli_Serravalle;2024;winter;EasternCottontail;1
01/02/2024;1;29;100;19:15:00;N;Lastra2;2024;winter;DomesticCat;1
01/02/2024;1;29;100;20:21:00;N;CasaDiMartino;2024;winter;DomesticCat;1
01/02/2024;1;29;100;20:26:00;N;Lastra2;2024;winter;DomesticCat;1
01/02/2024;1;29;100;20:31:00;N;CasaDiMartino;2024;winter;DomesticCat;1
01/02/2024;1;29;100;22:16:00;N;Lastra2;2024;winter;EuropeanBadger;1
02/02/2024;1;1;100;00:12:00;N;Lastra2;2024;winter;DomesticCat;1
02/02/2024;1;1;100;01:12:00;N;Fonte Mezzina;2024;winter;DomesticCat;1
02/02/2024;1;1;100;01:55:00;N;Lastra2;2024;winter;Wildboar;4
02/02/2024;1;1;100;01:55:00;N;Lastra2;2024;winter;Wildboar;5
02/02/2024;1;1;100;01:56:00;N;Lastra2;2024;winter;Wildboar;1
02/02/2024;1;1;100;01:57:00;N;Lastra2;2024;winter;DomesticCat;1
02/02/2024;1;1;100;03:25:00;N;Fonte Mezzina;2024;winter;DomesticCat;1
02/02/2024;1;1;100;10:00:00;N;Empoli_Serravalle;2024;winter;Shelduck;1
02/02/2024;1;1;100;11:38:00;N;Neto;2024;winter;WoodPigeon;4
02/02/2024;1;1;100;12:07:00;N;Lastra2;2024;winter;DomesticCat;1
02/02/2024;1;1;100;12:45:00;N;Neto;2024;winter;Mallard;2
02/02/2024;1;1;100;12:45:00;N;Neto;2024;winter;Blackbird;1
02/02/2024;1;1;100;12:57:00;N;Neto;2024;winter;WoodPigeon;2
02/02/2024;1;1;100;13:56:00;N;Lastra2;2024;winter;Human;1
02/02/2024;1;1;100;15:00:00;N;Lastra2;2024;winter;Human;1
02/02/2024;1;1;100;15:17:00;N;Neto;2024;winter;DomesticCat;1
02/02/2024;1;1;100;16:07:00;N;Lastra2;2024;winter;Human;1
02/02/2024;1;1;100;16:08:00;N;Empoli_Serravalle;2024;winter;Shelduck;1
02/02/2024;1;1;100;16:08:00;N;Lastra2;2024;winter;Human;1
02/02/2024;1;1;100;16:24:00;N;CasaDiMartino;2024;winter;DomesticDog;2
02/02/2024;1;1;100;17:25:00;N;Lastra2;2024;winter;Human;1
02/02/2024;1;1;100;18:05:00;N;Fonte Mezzina;2024;winter;FallowDeer;1
02/02/2024;1;1;100;19:08:00;N;Lastra2;2024;winter;Wildboar;1
02/02/2024;1;1;100;20:47:00;N;Fonte Mezzina;2024;winter;DomesticCat;1
02/02/2024;1;1;100;21:09:00;N;Lastra2;2024;winter;RedFox;1
02/02/2024;1;1;100;21:52:00;N;Lastra2;2024;winter;DomesticCat;1
02/02/2024;1;1;100;21:57:00;N;Lastra2;2024;winter;DomesticCat;1
02/02/2024;1;1;100;23:06:00;N;Lastra2;2024;winter;DomesticCat;1
02/02/2024;1;1;100;23:41:00;N;CasaDiMartino;2024;winter;RedFox;1
03/02/2024;1;2;100;00:12:00;N;Lastra2;2024;winter;RedFox;1
03/02/2024;1;2;100;02:33:00;N;Fonte Mezzina;2024;winter;DomesticCat;1
03/02/2024;1;2;100;03:40:00;N;Lastra2;2024;winter;RedFox;1
03/02/2024;1;2;100;05:13:00;N;CasaDiMartino;2024;winter;DomesticCat;1
03/02/2024;1;2;100;11:36:00;N;Lastra2;2024;winter;DomesticCat;1
03/02/2024;1;2;100;11:49:00;N;Lastra2;2024;winter;DomesticCat;1
03/02/2024;1;2;100;14:46:00;N;Lastra2;2024;winter;Human;1
03/02/2024;1;2;100;14:47:00;N;Lastra2;2024;winter;Human;1
03/02/2024;1;2;100;15:09:00;N;Lastra2;2024;winter;DomesticCat;1
03/02/2024;1;2;100;16:05:00;N;Lastra2;2024;winter;Human;1
03/02/2024;1;2;100;16:09:00;N;Empoli_Serravalle;2024;winter;Shelduck;1
03/02/2024;1;2;100;16:11:00;N;Empoli_Serravalle;2024;winter;Shelduck;1
03/02/2024;1;2;100;16:13:00;N;Empoli_Serravalle;2024;winter;Shelduck;1
03/02/2024;1;2;100;16:23:00;N;Empoli_Serravalle;2024;winter;Shelduck;1
03/02/2024;1;2;100;16:23:00;N;Lastra2;2024;winter;DomesticCat;1
03/02/2024;1;2;100;16:25:00;N;Empoli_Serravalle;2024;winter;Shelduck;1
03/02/2024;1;2;100;16:26:00;N;Empoli_Serravalle;2024;winter;Shelduck;1
03/02/2024;1;2;100;16:44:00;N;Lastra2;2024;winter;Human;1
03/02/2024;1;2;100;18:52:00;N;Lastra2;2024;winter;DomesticCat;1
03/02/2024;1;2;100;19:02:00;N;Lastra2;2024;winter;DomesticCat;1
03/02/2024;1;2;100;20:10:00;N;Fonte Mezzina;2024;winter;Wildboar;1
03/02/2024;1;2;100;20:27:00;N;Fonte Mezzina;2024;winter;DomesticCat;1
03/02/2024;1;2;100;21:03:00;N;Fonte Mezzina;2024;winter;FallowDeer;1
03/02/2024;1;2;100;23:15:00;N;Lastra2;2024;winter;CrestedPorcupine;1
03/02/2024;1;2;100;23:18:00;N;Lastra2;2024;winter;CrestedPorcupine;1
04/02/2024;1;3;90;00:15:00;N;Lastra2;2024;winter;CrestedPorcupine;1
04/02/2024;1;3;90;00:46:00;N;Fonte Mezzina;2024;winter;DomesticCat;1
04/02/2024;1;3;90;00:50:00;N;Lastra2;2024;winter;RedFox;1
04/02/2024;1;3;90;02:03:00;N;CasaDiMartino;2024;winter;CrestedPorcupine;1
04/02/2024;1;3;90;02:06:00;N;Impruneta;2024;winter;EuropeanHare;1
04/02/2024;1;3;90;05:51:00;N;Lastra2;2024;winter;RedFox;1
04/02/2024;1;3;90;08:39:00;N;Lastra2;2024;winter;DomesticDog;1
04/02/2024;1;3;90;08:46:00;N;Lastra2;2024;winter;Human;1
04/02/2024;1;3;90;11:16:00;N;Lastra2;2024;winter;Human;1
04/02/2024;1;3;90;16:23:00;N;Lastra2;2024;winter;Human;1
04/02/2024;1;3;90;16:28:00;N;Empoli_Serravalle;2024;winter;Shelduck;1
04/02/2024;1;3;90;16:30:00;N;Empoli_Serravalle;2024;winter;Shelduck;1
04/02/2024;1;3;90;16:34:00;N;Empoli_Serravalle;2024;winter;Shelduck;1
04/02/2024;1;3;90;16:35:00;N;Empoli_Serravalle;2024;winter;Shelduck;1
04/02/2024;1;3;90;16:36:00;N;Empoli_Serravalle;2024;winter;Shelduck;1
04/02/2024;1;3;90;16:49:00;N;Lastra2;2024;winter;Human;1
04/02/2024;1;3;90;19:20:00;N;Neto;2024;winter;DomesticCat;1
04/02/2024;1;3;90;19:20:00;N;Neto;2024;winter;Human;1
04/02/2024;1;3;90;19:20:00;N;Neto;2024;winter;Mallard;1
04/02/2024;1;3;90;19:59:00;N;CasaDiMartino;2024;winter;DomesticDog;1
04/02/2024;1;3;90;20:29:00;N;Lastra2;2024;winter;DomesticCat;1
04/02/2024;1;3;90;20:37:00;N;Fonte Mezzina;2024;winter;DomesticCat;1
04/02/2024;1;3;90;23:02:00;N;Fonte Mezzina;2024;winter;FallowDeer;1
05/02/2024;2;4;90;01:59:00;N;Impruneta;2024;winter;EuropeanHare;1
05/02/2024;2;4;90;02:05:00;N;Bottai;2024;winter;WoodMouse;1
05/02/2024;2;4;90;02:28:00;N;Fonte Mezzina;2024;winter;DomesticCat;1
05/02/2024;2;4;90;02:56:00;N;Fonte Mezzina;2024;winter;DomesticCat;1
05/02/2024;2;4;90;04:08:00;N;Impruneta;2024;winter;RedFox;1
05/02/2024;2;4;90;04:25:00;N;Lastra2;2024;winter;DomesticCat;1
05/02/2024;2;4;90;04:39:00;N;Impruneta;2024;winter;EuropeanHare;1
05/02/2024;2;4;90;06:28:00;N;Impruneta;2024;winter;RedFox;1
05/02/2024;2;4;90;08:55:00;N;Fonte Mezzina;2024;winter;Human;1
05/02/2024;2;4;90;12:03:00;N;Impruneta;2024;winter;Human;1
05/02/2024;2;4;90;16:39:00;N;Empoli_Serravalle;2024;winter;Shelduck;1
05/02/2024;2;4;90;16:40:00;N;Lastra2;2024;winter;Human;1
05/02/2024;2;4;90;17:42:00;N;Lastra2;2024;winter;Human;1
05/02/2024;2;4;90;19:02:00;N;Fonte Mezzina;2024;winter;DomesticCat;1
05/02/2024;2;4;90;21:04:00;N;Fonte Mezzina;2024;winter;Human;1
05/02/2024;2;4;90;23:04:00;N;Fonte Mezzina;2024;winter;Human;1
06/02/2024;2;5;90;00:06:00;N;Fonte Mezzina;2024;winter;DomesticCat;1
06/02/2024;2;5;90;01:15:00;N;CasaDiMartino;2024;winter;DomesticCat;1
06/02/2024;2;5;90;02:06:00;N;Bottai;2024;winter;WoodMouse;1
06/02/2024;2;5;90;02:20:00;N;Lastra2;2024;winter;Wildboar;2
06/02/2024;2;5;90;02:21:00;N;Lastra2;2024;winter;Wildboar;2
06/02/2024;2;5;90;02:22:00;N;Lastra2;2024;winter;Wildboar;2
06/02/2024;2;5;90;02:26:00;N;Fonte Mezzina;2024;winter;DomesticCat;1
06/02/2024;2;5;90;06:34:00;N;CasaDiMartino;2024;winter;DomesticCat;1
06/02/2024;2;5;90;16:24:00;N;Empoli_Serravalle;2024;winter;Human;2
06/02/2024;2;5;90;16:24:00;N;Empoli_Serravalle;2024;winter;Egret;1
06/02/2024;2;5;90;16:24:00;N;Empoli_Serravalle;2024;winter;DomesticGoose;3
06/02/2024;2;5;90;16:24:00;N;Empoli_Serravalle;2024;winter;Coypu;1
06/02/2024;2;5;90;16:28:00;N;Empoli_Serravalle;2024;winter;SwanGoose;1
06/02/2024;2;5;90;16:54:00;N;Empoli_Serravalle;2024;winter;Egret;1
06/02/2024;2;5;90;16:54:00;N;Empoli_Serravalle;2024;winter;Human;2
06/02/2024;2;5;90;17:10:00;N;Empoli_Serravalle;2024;winter;SwanGoose;1
06/02/2024;2;5;90;17:10:00;N;Empoli_Serravalle;2024;winter;DomesticGoose;3
06/02/2024;2;5;90;17:10:00;N;Empoli_Serravalle;2024;winter;DomesticDog;1
06/02/2024;2;5;90;17:10:00;N;Empoli_Serravalle;2024;winter;Coypu;1
06/02/2024;2;5;90;17:10:00;N;Empoli_Serravalle;2024;winter;Human;2
06/02/2024;2;5;90;17:17:00;N;Fonte Mezzina;2024;winter;DomesticCat;1
06/02/2024;2;5;90;20:23:00;N;CasaDiMartino;2024;winter;DomesticCat;1
06/02/2024;2;5;90;20:36:00;N;CasaDiMartino;2024;winter;DomesticCat;1
06/02/2024;2;5;90;20:58:00;N;Empoli_Serravalle;2024;winter;Mallard;1
06/02/2024;2;5;90;21:02:00;N;Empoli_Serravalle;2024;winter;Coypu;1
06/02/2024;2;5;90;21:30:00;N;CasaDiMartino;2024;winter;DomesticCat;1
06/02/2024;2;5;90;21:38:00;N;CasaDiMartino;2024;winter;Human;1
06/02/2024;2;5;90;21:58:00;N;Empoli_Serravalle;2024;winter;Coypu;1
06/02/2024;2;5;90;22:05:00;N;CasaDiMartino;2024;winter;Human;2
06/02/2024;2;5;90;22:23:00;N;CasaDiMartino;2024;winter;Human;1
06/02/2024;2;5;90;22:44:00;N;Empoli_Serravalle;2024;winter;RedFox;1
06/02/2024;2;5;90;22:57:00;N;CasaDiMartino;2024;winter;Human;1
06/02/2024;2;5;90;23:16:00;N;Empoli_Serravalle;2024;winter;RedFox;1
07/02/2024;2;6;80;01:16:00;N;Empoli_Serravalle;2024;winter;Coypu;1
07/02/2024;2;6;80;01:29:00;N;Empoli_Serravalle;2024;winter;Coypu;1
07/02/2024;2;6;80;01:29:00;N;Empoli_Serravalle;2024;winter;LittleOwl;1
07/02/2024;2;6;80;02:02:00;N;Impruneta;2024;winter;EuropeanHare;1
07/02/2024;2;6;80;02:05:00;N;Empoli_Serravalle;2024;winter;Coypu;1
07/02/2024;2;6;80;02:07:00;N;Bottai;2024;winter;WoodMouse;1
07/02/2024;2;6;80;02:22:00;N;Lastra2;2024;winter;Wildboar;2
07/02/2024;2;6;80;02:22:00;N;Lastra2;2024;winter;Wildboar;2
07/02/2024;2;6;80;02:34:00;N;Bottai;2024;winter;WoodMouse;1
07/02/2024;2;6;80;02:34:00;N;Bottai;2024;winter;WoodMouse;1
07/02/2024;2;6;80;02:36:00;N;Bottai;2024;winter;WoodMouse;1
07/02/2024;2;6;80;03:15:00;N;Empoli_Serravalle;2024;winter;Coypu;1
07/02/2024;2;6;80;03:30:00;N;Impruneta;2024;winter;EuropeanHare;1
07/02/2024;2;6;80;03:41:00;N;CasaDiMartino;2024;winter;DomesticCat;1
07/02/2024;2;6;80;03:55:00;N;Lastra2;2024;winter;DomesticCat;1
07/02/2024;2;6;80;03:55:00;N;Fonte Mezzina;2024;winter;Human;1
07/02/2024;2;6;80;04:39:00;N;Lastra2;2024;winter;EuropeanBadger;1
07/02/2024;2;6;80;04:58:00;N;Bottai;2024;winter;BlackRat;1
07/02/2024;2;6;80;05:23:00;N;Lastra2;2024;winter;Wildboar;2
07/02/2024;2;6;80;05:30:00;N;Bottai;2024;winter;WoodMouse;1
07/02/2024;2;6;80;05:58:00;N;Impruneta;2024;winter;RedFox;1
07/02/2024;2;6;80;06:11:00;N;Impruneta;2024;winter;RedFox;1
07/02/2024;2;6;80;08:01:00;N;Empoli_Serravalle;2024;winter;Coypu;1
07/02/2024;2;6;80;08:24:00;N;Empoli_Serravalle;2024;winter;RockPigeon;2
07/02/2024;2;6;80;08:24:00;N;Empoli_Serravalle;2024;winter;Human;2
07/02/2024;2;6;80;08:24:00;N;Empoli_Serravalle;2024;winter;DomesticDog;1
07/02/2024;2;6;80;08:24:00;N;Empoli_Serravalle;2024;winter;DomesticGoose;3
07/02/2024;2;6;80;08:24:00;N;Empoli_Serravalle;2024;winter;EurasianMagpie;1
07/02/2024;2;6;80;09:30:00;N;Empoli_Serravalle;2024;winter;DomesticGoose;3
07/02/2024;2;6;80;09:30:00;N;Empoli_Serravalle;2024;winter;DomesticDog;2
07/02/2024;2;6;80;09:30:00;N;Empoli_Serravalle;2024;winter;Mallard;2
07/02/2024;2;6;80;09:30:00;N;Empoli_Serravalle;2024;winter;Human;2
07/02/2024;2;6;80;09:37:00;N;Empoli_Serravalle;2024;winter;Coypu;1
07/02/2024;2;6;80;09:38:00;N;Empoli_Serravalle;2024;winter;Egret;1
07/02/2024;2;6;80;09:38:00;N;Empoli_Serravalle;2024;winter;Mallard;3
07/02/2024;2;6;80;09:41:00;N;Empoli_Serravalle;2024;winter;GreyHeron;1
07/02/2024;2;6;80;11:01:00;N;Impruneta;2024;winter;Human;1
07/02/2024;2;6;80;15:00:00;N;Lastra2;2024;winter;DomesticDog;1
07/02/2024;2;6;80;16:12:00;N;Empoli_Serravalle;2024;winter;Coypu;1
07/02/2024;2;6;80;16:12:00;N;Empoli_Serravalle;2024;winter;DomesticGoose;3
07/02/2024;2;6;80;16:12:00;N;Empoli_Serravalle;2024;winter;SwanGoose;1
07/02/2024;2;6;80;16:12:00;N;Empoli_Serravalle;2024;winter;Human;2
07/02/2024;2;6;80;16:18:00;N;Empoli_Serravalle;2024;winter;DomesticDog;1
07/02/2024;2;6;80;16:41:00;N;Lastra2;2024;winter;Human;1
07/02/2024;2;6;80;17:14:00;N;Empoli_Serravalle;2024;winter;Egret;1
07/02/2024;2;6;80;18:31:00;N;Empoli_Serravalle;2024;winter;Human;1
07/02/2024;2;6;80;18:31:00;N;Empoli_Serravalle;2024;winter;DomesticDog;1
07/02/2024;2;6;80;18:31:00;N;Empoli_Serravalle;2024;winter;Coypu;1
07/02/2024;2;6;80;18:41:00;N;Empoli_Serravalle;2024;winter;Coypu;1
07/02/2024;2;6;80;18:41:00;N;Empoli_Serravalle;2024;winter;Human;2
07/02/2024;2;6;80;19:35:00;N;Empoli_Serravalle;2024;winter;Coypu;1
07/02/2024;2;6;80;20:00:00;N;Bottai;2024;winter;WoodMouse;1
07/02/2024;2;6;80;20:42:00;N;Bottai;2024;winter;WoodMouse;1
07/02/2024;2;6;80;20:44:00;N;Lastra2;2024;winter;Human;2
07/02/2024;2;6;80;20:45:00;N;Lastra2;2024;winter;Wildboar;1
07/02/2024;2;6;80;20:45:00;N;Lastra2;2024;winter;Wildboar;2
07/02/2024;2;6;80;20:45:00;N;Lastra2;2024;winter;Wildboar;2
07/02/2024;2;6;80;20:49:00;N;Lastra2;2024;winter;Wildboar;1
07/02/2024;2;6;80;20:49:00;N;Lastra2;2024;winter;Wildboar;1
07/02/2024;2;6;80;20:50:00;N;Lastra2;2024;winter;Wildboar;3
07/02/2024;2;6;80;20:52:00;N;Lastra2;2024;winter;Wildboar;1
07/02/2024;2;6;80;20:55:00;N;Lastra2;2024;winter;Wildboar;9
07/02/2024;2;6;80;20:56:00;N;Lastra2;2024;winter;Wildboar;4
07/02/2024;2;6;80;21:29:00;N;Lastra2;2024;winter;Wildboar;1
07/02/2024;2;6;80;21:30:00;N;Lastra2;2024;winter;Wildboar;1
07/02/2024;2;6;80;21:34:00;N;Lastra2;2024;winter;Wildboar;1
07/02/2024;2;6;80;21:35:00;N;Lastra2;2024;winter;Wildboar;1
07/02/2024;2;6;80;21:35:00;N;Lastra2;2024;winter;Wildboar;1
07/02/2024;2;6;80;22:55:00;N;Bottai;2024;winter;WoodMouse;1
08/02/2024;3;7;80;00:02:00;N;Fonte Mezzina;2024;winter;DomesticCat;1
08/02/2024;3;7;80;00:31:00;N;Empoli_Serravalle;2024;winter;Coypu;1
08/02/2024;3;7;80;00:49:00;N;Empoli_Serravalle;2024;winter;Coypu;1
08/02/2024;3;7;80;00:59:00;N;Empoli_Serravalle;2024;winter;Coypu;1
08/02/2024;3;7;80;01:13:00;N;Empoli_Serravalle;2024;winter;Coypu;1
08/02/2024;3;7;80;01:19:00;N;Lastra2;2024;winter;Wildboar;2
08/02/2024;3;7;80;01:19:00;N;Lastra2;2024;winter;Wildboar;1
08/02/2024;3;7;80;02:10:00;N;Fonte Mezzina;2024;winter;DomesticCat;1
08/02/2024;3;7;80;02:40:00;N;Fonte Mezzina;2024;winter;DomesticCat;1
08/02/2024;3;7;80;02:50:00;N;Bottai;2024;winter;WoodMouse;1
08/02/2024;3;7;80;03:26:00;N;Lastra2;2024;winter;CrestedPorcupine;1
08/02/2024;3;7;80;03:34:00;N;Fonte Mezzina;2024;winter;DomesticCat;1
08/02/2024;3;7;80;05:00:00;N;Bottai;2024;winter;BlackRat;1
08/02/2024;3;7;80;05:13:00;N;Fonte Mezzina;2024;winter;DomesticCat;1
08/02/2024;3;7;80;05:30:00;N;Bottai;2024;winter;WoodMouse;1
08/02/2024;3;7;80;05:32:00;N;CasaDiMartino;2024;winter;EuropeanBadger;1
08/02/2024;3;7;80;05:43:00;N;CasaDiMartino;2024;winter;EuropeanBadger;1
08/02/2024;3;7;80;05:50:00;N;Bottai;2024;winter;WoodMouse;1
08/02/2024;3;7;80;07:45:00;N;Empoli_Serravalle;2024;winter;Coypu;1
08/02/2024;3;7;80;07:45:00;N;Empoli_Serravalle;2024;winter;GreenWoodpecker;1
08/02/2024;3;7;80;08:05:00;N;Empoli_Serravalle;2024;winter;BlackHeadedGull;1
08/02/2024;3;7;80;08:19:00;N;Empoli_Serravalle;2024;winter;Egret;1
08/02/2024;3;7;80;08:19:00;N;Empoli_Serravalle;2024;winter;Human;3
08/02/2024;3;7;80;08:19:00;N;Empoli_Serravalle;2024;winter;MuscovyDuck;2
08/02/2024;3;7;80;08:19:00;N;Empoli_Serravalle;2024;winter;DomesticGoose;3
08/02/2024;3;7;80;08:19:00;N;Empoli_Serravalle;2024;winter;SwanGoose;1
08/02/2024;3;7;80;08:19:00;N;Empoli_Serravalle;2024;winter;DomesticDog;3
08/02/2024;3;7;80;08:20:00;N;Empoli_Serravalle;2024;winter;Mallard;2
08/02/2024;3;7;80;08:20:00;N;Empoli_Serravalle;2024;winter;BlackHeadedGull;1
08/02/2024;3;7;80;08:23:00;N;Empoli_Serravalle;2024;winter;Shelduck;1
08/02/2024;3;7;80;09:10:00;N;Empoli_Serravalle;2024;winter;Human;1
08/02/2024;3;7;80;09:10:00;N;Empoli_Serravalle;2024;winter;DomesticDog;1
08/02/2024;3;7;80;09:10:00;N;Empoli_Serravalle;2024;winter;Mallard;2
08/02/2024;3;7;80;09:10:00;N;Empoli_Serravalle;2024;winter;Shelduck;1
08/02/2024;3;7;80;09:10:00;N;Empoli_Serravalle;2024;winter;DomesticGoose;3
08/02/2024;3;7;80;09:10:00;N;Empoli_Serravalle;2024;winter;MuscovyDuck;1
08/02/2024;3;7;80;09:10:00;N;Empoli_Serravalle;2024;winter;BlackHeadedGull;1
08/02/2024;3;7;80;09:16:00;N;Empoli_Serravalle;2024;winter;Coypu;1
08/02/2024;3;7;80;09:36:00;N;Empoli_Serravalle;2024;winter;DomesticDog;1
08/02/2024;3;7;80;09:36:00;N;Empoli_Serravalle;2024;winter;Human;1
08/02/2024;3;7;80;09:40:00;N;Empoli_Serravalle;2024;winter;SwanGoose;1
08/02/2024;3;7;80;09:43:00;N;Empoli_Serravalle;2024;winter;Coypu;1
08/02/2024;3;7;80;09:43:00;N;Empoli_Serravalle;2024;winter;Human;1
08/02/2024;3;7;80;09:44:00;N;Empoli_Serravalle;2024;winter;DomesticDog;1
08/02/2024;3;7;80;09:48:00;N;Empoli_Serravalle;2024;winter;Mallard;2
08/02/2024;3;7;80;09:48:00;N;Empoli_Serravalle;2024;winter;Egret;1
08/02/2024;3;7;80;17:48:00;N;Lastra2;2024;winter;Human;1
08/02/2024;3;7;80;18:49:00;N;Fonte Mezzina;2024;winter;DomesticCat;1
08/02/2024;3;7;80;19:42:00;N;Lastra2;2024;winter;CrestedPorcupine;1
08/02/2024;3;7;80;19:44:00;N;Bottai;2024;winter;WoodMouse;1
08/02/2024;3;7;80;20:42:00;N;Bottai;2024;winter;WoodMouse;1
08/02/2024;3;7;80;20:57:00;N;Bottai;2024;winter;WoodMouse;1
08/02/2024;3;7;80;21:11:00;N;Fonte Mezzina;2024;winter;Human;1
08/02/2024;3;7;80;22:46:00;N;Fonte Mezzina;2024;winter;DomesticCat;1
08/02/2024;3;7;80;23:26:00;N;Fonte Mezzina;2024;winter;DomesticCat;1
08/02/2024;3;7;80;23:48:00;N;Fonte Mezzina;2024;winter;DomesticCat;1
09/02/2024;3;8;100;01:45:00;N;Bottai;2024;winter;WoodMouse;1
09/02/2024;3;8;100;02:13:00;N;Fonte Mezzina;2024;winter;DomesticCat;1
09/02/2024;3;8;100;02:36:00;N;Bottai;2024;winter;WoodMouse;1
09/02/2024;3;8;100;03:21:00;N;Empoli_Serravalle;2024;winter;RedFox;1
09/02/2024;3;8;100;04:25:00;N;Fonte Mezzina;2024;winter;Wildboar;2
09/02/2024;3;8;100;04:59:00;N;Bottai;2024;winter;BlackRat;1
09/02/2024;3;8;100;05:15:00;N;Empoli_Serravalle;2024;winter;RedFox;1
09/02/2024;3;8;100;05:44:00;N;Tavarnuzze;2024;winter;Human;1
09/02/2024;3;8;100;05:44:00;N;Tavarnuzze;2024;winter;Wildboar;1
09/02/2024;3;8;100;08:04:00;N;Fonte Mezzina;2024;winter;Wildboar;1
09/02/2024;3;8;100;08:22:00;N;Empoli_Serravalle;2024;winter;DomesticGoose;3
09/02/2024;3;8;100;08:22:00;N;Empoli_Serravalle;2024;winter;SwanGoose;1
09/02/2024;3;8;100;08:25:00;N;Empoli_Serravalle;2024;winter;Mallard;1
09/02/2024;3;8;100;08:26:00;N;Empoli_Serravalle;2024;winter;WhiteWagtail;1
09/02/2024;3;8;100;08:30:00;N;Empoli_Serravalle;2024;winter;Cormorant;1
09/02/2024;3;8;100;08:56:00;N;Empoli_Serravalle;2024;winter;DomesticGoose;3
09/02/2024;3;8;100;08:56:00;N;Empoli_Serravalle;2024;winter;SwanGoose;1
09/02/2024;3;8;100;08:56:00;N;Empoli_Serravalle;2024;winter;Coypu;1
09/02/2024;3;8;100;08:56:00;N;Empoli_Serravalle;2024;winter;Mallard;4
09/02/2024;3;8;100;09:04:00;N;Empoli_Serravalle;2024;winter;Human;1
09/02/2024;3;8;100;09:04:00;N;Empoli_Serravalle;2024;winter;BlackHeadedGull;1
09/02/2024;3;8;100;09:31:00;N;Empoli_Serravalle;2024;winter;DomesticGoose;3
09/02/2024;3;8;100;09:31:00;N;Empoli_Serravalle;2024;winter;SwanGoose;1
09/02/2024;3;8;100;09:31:00;N;Empoli_Serravalle;2024;winter;Coypu;1
09/02/2024;3;8;100;09:31:00;N;Empoli_Serravalle;2024;winter;Human;3
09/02/2024;3;8;100;09:34:00;N;Empoli_Serravalle;2024;winter;Mallard;3
09/02/2024;3;8;100;09:37:00;N;Empoli_Serravalle;2024;winter;BlackHeadedGull;1
09/02/2024;3;8;100;09:41:00;N;Empoli_Serravalle;2024;winter;Human;1
09/02/2024;3;8;100;09:41:00;N;Empoli_Serravalle;2024;winter;Coypu;1
09/02/2024;3;8;100;09:44:00;N;Empoli_Serravalle;2024;winter;Egret;1
09/02/2024;3;8;100;16:06:00;N;Empoli_Serravalle;2024;winter;Human;1
09/02/2024;3;8;100;16:06:00;N;Empoli_Serravalle;2024;winter;DomesticDog;1
09/02/2024;3;8;100;18:13:00;N;Lastra2;2024;winter;Human;1
09/02/2024;3;8;100;20:09:00;N;Bottai;2024;winter;WoodMouse;1
09/02/2024;3;8;100;20:57:00;N;Bottai;2024;winter;WoodMouse;1
09/02/2024;3;8;100;21:18:00;N;Lastra2;2024;winter;Wildboar;1
09/02/2024;3;8;100;21:18:00;N;Lastra2;2024;winter;Wildboar;3
09/02/2024;3;8;100;21:19:00;N;Bottai;2024;winter;WoodMouse;1
09/02/2024;3;8;100;21:19:00;N;Lastra2;2024;winter;Wildboar;2
09/02/2024;3;8;100;21:19:00;N;Lastra2;2024;winter;Wildboar;2
09/02/2024;3;8;100;21:20:00;N;Lastra2;2024;winter;Wildboar;3
09/02/2024;3;8;100;21:22:00;N;Lastra2;2024;winter;Wildboar;2
09/02/2024;3;8;100;21:22:00;N;Lastra2;2024;winter;Wildboar;2
09/02/2024;3;8;100;21:26:00;N;Lastra2;2024;winter;Wildboar;2
09/02/2024;3;8;100;21:28:00;N;Lastra2;2024;winter;Wildboar;4
09/02/2024;3;8;100;22:39:00;N;Lastra2;2024;winter;EuropeanBadger;1
10/02/2024;3;9;25;00:13:00;N;Empoli_Serravalle;2024;winter;Coypu;1
10/02/2024;3;9;25;00:16:00;N;Empoli_Serravalle;2024;winter;Coypu;1
10/02/2024;3;9;25;00:31:00;N;Fonte Mezzina;2024;winter;FallowDeer;1
10/02/2024;3;9;25;01:06:00;N;Bottai;2024;winter;WoodMouse;1
10/02/2024;3;9;25;01:54:00;N;Bottai;2024;winter;WoodMouse;1
10/02/2024;3;9;25;02:04:00;N;Bottai;2024;winter;WoodMouse;1
10/02/2024;3;9;25;02:10:00;N;CasaDiMartino;2024;winter;CrestedPorcupine;3
10/02/2024;3;9;25;02:11:00;N;CasaDiMartino;2024;winter;CrestedPorcupine;3
10/02/2024;3;9;25;02:50:00;N;Bottai;2024;winter;WoodMouse;1
10/02/2024;3;9;25;05:11:00;N;Bottai;2024;winter;BlackRat;1
10/02/2024;3;9;25;05:36:00;N;CasaDiMartino;2024;winter;CrestedPorcupine;2
10/02/2024;3;9;25;06:11:00;N;Lastra2;2024;winter;RedFox;1
10/02/2024;3;9;25;06:28:00;N;Lastra2;2024;winter;CrestedPorcupine;1
10/02/2024;3;9;25;08:40:00;N;Lastra2;2024;winter;Human;1
10/02/2024;3;9;25;09:13:00;N;Empoli_Serravalle;2024;winter;DomesticGoose;3
10/02/2024;3;9;25;09:13:00;N;Empoli_Serravalle;2024;winter;SwanGoose;1
10/02/2024;3;9;25;09:13:00;N;Empoli_Serravalle;2024;winter;Coypu;1
10/02/2024;3;9;25;09:22:00;N;Empoli_Serravalle;2024;winter;Egret;1
10/02/2024;3;9;25;09:22:00;N;Empoli_Serravalle;2024;winter;Mallard;1
10/02/2024;3;9;25;16:11:00;N;Empoli_Serravalle;2024;winter;GreyHeron;1
10/02/2024;3;9;25;16:11:00;N;Empoli_Serravalle;2024;winter;Coypu;1
10/02/2024;3;9;25;17:11:00;N;Empoli_Serravalle;2024;winter;GreyHeron;1
10/02/2024;3;9;25;17:11:00;N;Empoli_Serravalle;2024;winter;Coypu;1
10/02/2024;3;9;25;18:02:00;N;Empoli_Serravalle;2024;winter;Coypu;1
10/02/2024;3;9;25;18:20:00;N;Lastra2;2024;winter;DomesticDog;1
10/02/2024;3;9;25;18:22:00;N;Lastra2;2024;winter;DomesticDog;1
10/02/2024;3;9;25;20:52:00;N;Fonte Mezzina;2024;winter;Human;1
10/02/2024;3;9;25;23:31:00;N;Fonte Mezzina;2024;winter;DomesticCat;1
11/02/2024;4;10;25;03:20:00;N;Empoli_Serravalle;2024;winter;Coypu;1
11/02/2024;4;10;25;03:33:00;N;Empoli_Serravalle;2024;winter;Coypu;1
11/02/2024;4;10;25;03:46:00;N;Empoli_Serravalle;2024;winter;RedFox;1
11/02/2024;4;10;25;04:08:00;N;Empoli_Serravalle;2024;winter;Coypu;1
11/02/2024;4;10;25;04:19:00;N;Lastra2;2024;winter;Wildboar;1
11/02/2024;4;10;25;04:21:00;N;Lastra2;2024;winter;Wildboar;2
11/02/2024;4;10;25;04:23:00;N;Bottai;2024;winter;WoodMouse;1
11/02/2024;4;10;25;04:23:00;N;Bottai;2024;winter;BlackRat;1
11/02/2024;4;10;25;04:26:00;N;Lastra2;2024;winter;Wildboar;3
11/02/2024;4;10;25;04:26:00;N;Lastra2;2024;winter;Wildboar;2
11/02/2024;4;10;25;05:12:00;N;Bottai;2024;winter;BlackRat;1
11/02/2024;4;10;25;05:47:00;N;Empoli_Serravalle;2024;winter;Coypu;1
11/02/2024;4;10;25;06:05:00;N;CasaDiMartino;2024;winter;EuropeanBadger;1
11/02/2024;4;10;25;08:40:00;N;Empoli_Serravalle;2024;winter;GreyHeron;1
11/02/2024;4;10;25;08:52:00;N;Empoli_Serravalle;2024;winter;Human;1
11/02/2024;4;10;25;08:52:00;N;Empoli_Serravalle;2024;winter;BlackHeadedGull;1
11/02/2024;4;10;25;09:40:00;N;Empoli_Serravalle;2024;winter;DomesticDog;1
11/02/2024;4;10;25;16:32:00;N;Empoli_Serravalle;2024;winter;DomesticGoose;3
11/02/2024;4;10;25;16:32:00;N;Empoli_Serravalle;2024;winter;Human;1
11/02/2024;4;10;25;16:32:00;N;Empoli_Serravalle;2024;winter;DomesticDog;1
11/02/2024;4;10;25;16:34:00;N;Empoli_Serravalle;2024;winter;Coypu;1
11/02/2024;4;10;25;16:34:00;N;Empoli_Serravalle;2024;winter;Human;2
11/02/2024;4;10;25;16:51:00;N;Empoli_Serravalle;2024;winter;Mallard;2
11/02/2024;4;10;25;16:51:00;N;Empoli_Serravalle;2024;winter;Human;5
11/02/2024;4;10;25;16:58:00;N;Empoli_Serravalle;2024;winter;Coypu;1
11/02/2024;4;10;25;17:03:00;N;Empoli_Serravalle;2024;winter;Coypu;1
11/02/2024;4;10;25;17:03:00;N;Empoli_Serravalle;2024;winter;Human;12
11/02/2024;4;10;25;17:03:00;N;Empoli_Serravalle;2024;winter;DomesticGoose;3
11/02/2024;4;10;25;17:09:00;N;Empoli_Serravalle;2024;winter;Coypu;1
11/02/2024;4;10;25;17:16:00;N;Empoli_Serravalle;2024;winter;Mallard;2
11/02/2024;4;10;25;17:20:00;N;Empoli_Serravalle;2024;winter;SwanGoose;1
11/02/2024;4;10;25;17:30:00;N;Empoli_Serravalle;2024;winter;Human;4
11/02/2024;4;10;25;17:45:00;N;Fonte Mezzina;2024;winter;Human;1
11/02/2024;4;10;25;17:46:00;N;Empoli_Serravalle;2024;winter;DomesticGoose;3
11/02/2024;4;10;25;17:46:00;N;Empoli_Serravalle;2024;winter;SwanGoose;1
11/02/2024;4;10;25;18:11:00;N;Empoli_Serravalle;2024;winter;Coypu;1
11/02/2024;4;10;25;19:10:00;N;Neto;2024;winter;DomesticCat;1
11/02/2024;4;10;25;19:48:00;N;Empoli_Serravalle;2024;winter;Coypu;1
11/02/2024;4;10;25;21:15:00;N;Fonte Mezzina;2024;winter;Human;1
11/02/2024;4;10;25;21:18:00;N;Empoli_Serravalle;2024;winter;Coypu;1
11/02/2024;4;10;25;22:17:00;N;CasaDiMartino;2024;winter;DomesticCat;1
12/02/2024;4;11;25;00:34:00;N;Empoli_Serravalle;2024;winter;RedFox;1
12/02/2024;4;11;25;00:57:00;N;Empoli_Serravalle;2024;winter;Coypu;1
12/02/2024;4;11;25;02:37:00;N;Lastra2;2024;winter;Wildboar;1
12/02/2024;4;11;25;02:38:00;N;Lastra2;2024;winter;Wildboar;4
12/02/2024;4;11;25;02:38:00;N;Lastra2;2024;winter;Wildboar;4
12/02/2024;4;11;25;02:39:00;N;Lastra2;2024;winter;Wildboar;4
12/02/2024;4;11;25;02:39:00;N;Lastra2;2024;winter;Wildboar;4
12/02/2024;4;11;25;02:39:00;N;Lastra2;2024;winter;Wildboar;4
12/02/2024;4;11;25;02:40:00;N;Lastra2;2024;winter;Wildboar;4
12/02/2024;4;11;25;02:40:00;N;Lastra2;2024;winter;Wildboar;1
12/02/2024;4;11;25;03:36:00;N;CasaDiMartino;2024;winter;DomesticCat;1
12/02/2024;4;11;25;03:40:00;N;Lastra2;2024;winter;Wildboar;1
12/02/2024;4;11;25;03:41:00;N;Lastra2;2024;winter;Wildboar;1
12/02/2024;4;11;25;03:41:00;N;Lastra2;2024;winter;Wildboar;1
12/02/2024;4;11;25;03:42:00;N;Lastra2;2024;winter;Wildboar;3
12/02/2024;4;11;25;03:48:00;N;Lastra2;2024;winter;DomesticDog;2
12/02/2024;4;11;25;08:02:00;N;Lastra2;2024;winter;Human;1
12/02/2024;4;11;25;08:34:00;N;Empoli_Serravalle;2024;winter;Mallard;5
12/02/2024;4;11;25;08:34:00;N;Empoli_Serravalle;2024;winter;Shelduck;1
12/02/2024;4;11;25;08:34:00;N;Empoli_Serravalle;2024;winter;GreyHeron;1
12/02/2024;4;11;25;08:34:00;N;Empoli_Serravalle;2024;winter;Human;3
12/02/2024;4;11;25;08:34:00;N;Empoli_Serravalle;2024;winter;RockPigeon;1
12/02/2024;4;11;25;08:38:00;N;Empoli_Serravalle;2024;winter;DomesticDog;1
12/02/2024;4;11;25;08:46:00;N;Empoli_Serravalle;2024;winter;Coypu;1
12/02/2024;4;11;25;10:44:00;N;Lastra2;2024;winter;Human;1
12/02/2024;4;11;25;15:40:00;N;Lastra2;2024;winter;Human;1
12/02/2024;4;11;25;16:01:00;N;Empoli_Serravalle;2024;winter;Human;2
12/02/2024;4;11;25;16:04:00;N;Empoli_Serravalle;2024;winter;DomesticDog;1
12/02/2024;4;11;25;16:25:00;N;Empoli_Serravalle;2024;winter;Coypu;1
12/02/2024;4;11;25;16:35:00;N;Lastra2;2024;winter;Human;1
12/02/2024;4;11;25;16:46:00;N;Lastra2;2024;winter;Human;1
12/02/2024;4;11;25;17:29:00;N;Empoli_Serravalle;2024;winter;Human;2
12/02/2024;4;11;25;17:35:00;N;Lastra2;2024;winter;Human;1
12/02/2024;4;11;25;17:36:00;N;Lastra2;2024;winter;Human;2
12/02/2024;4;11;25;17:36:00;N;Lastra2;2024;winter;Human;2
12/02/2024;4;11;25;17:36:00;N;Lastra2;2024;winter;Human;2
12/02/2024;4;11;25;17:38:00;N;Empoli_Serravalle;2024;winter;Coypu;1
12/02/2024;4;11;25;17:59:00;N;Empoli_Serravalle;2024;winter;Coypu;1
12/02/2024;4;11;25;19:21:00;N;Lastra2;2024;winter;DomesticCat;1
12/02/2024;4;11;25;19:22:00;N;Lastra2;2024;winter;DomesticCat;1
12/02/2024;4;11;25;19:22:00;N;Lastra2;2024;winter;DomesticCat;1
12/02/2024;4;11;25;19:22:00;N;Lastra2;2024;winter;Wildboar;4
12/02/2024;4;11;25;19:23:00;N;Lastra2;2024;winter;Wildboar;3
12/02/2024;4;11;25;19:24:00;N;Lastra2;2024;winter;Wildboar;2
12/02/2024;4;11;25;19:24:00;N;Lastra2;2024;winter;Wildboar;3
12/02/2024;4;11;25;19:24:00;N;Lastra2;2024;winter;Wildboar;2
12/02/2024;4;11;25;19:25:00;N;Lastra2;2024;winter;Wildboar;3
12/02/2024;4;11;25;19:25:00;N;Lastra2;2024;winter;Wildboar;2
12/02/2024;4;11;25;19:26:00;N;Lastra2;2024;winter;Wildboar;1
12/02/2024;4;11;25;20:33:00;N;Empoli_Serravalle;2024;winter;Coypu;1
12/02/2024;4;11;25;21:37:00;N;Empoli_Serravalle;2024;winter;Coypu;1
12/02/2024;4;11;25;21:53:00;N;Empoli_Serravalle;2024;winter;Coypu;1
12/02/2024;4;11;25;22:54:00;N;Empoli_Serravalle;2024;winter;Coypu;1
13/02/2024;4;12;50;02:53:00;N;CasaDiMartino;2024;winter;CrestedPorcupine;1
13/02/2024;4;12;50;03:11:00;N;Bottai;2024;winter;BlackRat;1
13/02/2024;4;12;50;04:21:00;N;Empoli_Serravalle;2024;winter;Coypu;1
13/02/2024;4;12;50;07:38:00;N;Empoli_Serravalle;2024;winter;Shelduck;1
13/02/2024;4;12;50;07:38:00;N;Empoli_Serravalle;2024;winter;MuscovyDuck;1
13/02/2024;4;12;50;07:38:00;N;Empoli_Serravalle;2024;winter;BlackHeadedGull;1
13/02/2024;4;12;50;07:38:00;N;Empoli_Serravalle;2024;winter;Human;2
13/02/2024;4;12;50;07:38:00;N;Empoli_Serravalle;2024;winter;DomesticDog;1
13/02/2024;4;12;50;07:38:00;N;Empoli_Serravalle;2024;winter;RockPigeon;1
13/02/2024;4;12;50;08:15:00;N;Empoli_Serravalle;2024;winter;SwanGoose;1
13/02/2024;4;12;50;08:15:00;N;Empoli_Serravalle;2024;winter;DomesticGoose;3
13/02/2024;4;12;50;08:17:00;N;Empoli_Serravalle;2024;winter;Mallard;1
13/02/2024;4;12;50;08:23:00;N;Empoli_Serravalle;2024;winter;Shelduck;1
13/02/2024;4;12;50;08:23:00;N;Empoli_Serravalle;2024;winter;MuscovyDuck;1
13/02/2024;4;12;50;08:38:00;N;Empoli_Serravalle;2024;winter;RockPigeon;4
13/02/2024;4;12;50;08:38:00;N;Empoli_Serravalle;2024;winter;Human;1
13/02/2024;4;12;50;08:38:00;N;Empoli_Serravalle;2024;winter;DomesticDog;2
13/02/2024;4;12;50;09:10:00;N;Empoli_Serravalle;2024;winter;Mallard;2
13/02/2024;4;12;50;09:10:00;N;Empoli_Serravalle;2024;winter;Shelduck;1
13/02/2024;4;12;50;09:10:00;N;Empoli_Serravalle;2024;winter;MuscovyDuck;1
13/02/2024;4;12;50;09:10:00;N;Empoli_Serravalle;2024;winter;DomesticGoose;1
13/02/2024;4;12;50;09:37:00;N;Empoli_Serravalle;2024;winter;Mallard;2
13/02/2024;4;12;50;09:37:00;N;Empoli_Serravalle;2024;winter;DomesticGoose;1
13/02/2024;4;12;50;09:44:00;N;Empoli_Serravalle;2024;winter;Human;1
13/02/2024;4;12;50;15:05:00;N;Lastra2;2024;winter;Human;1
13/02/2024;4;12;50;15:07:00;N;Lastra2;2024;winter;DomesticDog;2
13/02/2024;4;12;50;15:08:00;N;Lastra2;2024;winter;DomesticDog;2
13/02/2024;4;12;50;16:02:00;N;Neto;2024;winter;RedSquirrel;1
13/02/2024;4;12;50;16:02:00;N;Neto;2024;winter;Blackbird;2
13/02/2024;4;12;50;16:06:00;N;Empoli_Serravalle;2024;winter;DomesticGoose;3
13/02/2024;4;12;50;16:06:00;N;Empoli_Serravalle;2024;winter;RockPigeon;16
13/02/2024;4;12;50;16:12:00;N;Empoli_Serravalle;2024;winter;SwanGoose;1
13/02/2024;4;12;50;16:12:00;N;Empoli_Serravalle;2024;winter;Human;2
13/02/2024;4;12;50;16:14:00;N;Empoli_Serravalle;2024;winter;Coypu;1
13/02/2024;4;12;50;16:14:00;N;AsmanaWellness;2024;winter;Blackbird;1
13/02/2024;4;12;50;16:21:00;N;Empoli_Serravalle;2024;winter;SwanGoose;1
13/02/2024;4;12;50;16:38:00;N;Bottai;2024;winter;Blackcap;1
13/02/2024;4;12;50;16:43:00;N;Empoli_Serravalle;2024;winter;DomesticGoose;1
13/02/2024;4;12;50;16:43:00;N;Empoli_Serravalle;2024;winter;Human;2
13/02/2024;4;12;50;16:43:00;N;Empoli_Serravalle;2024;winter;Coypu;1
13/02/2024;4;12;50;16:52:00;N;Empoli_Serravalle;2024;winter;RockPigeon;15
13/02/2024;4;12;50;16:59:00;N;Empoli_Serravalle;2024;winter;SwanGoose;1
13/02/2024;4;12;50;16:59:00;N;Empoli_Serravalle;2024;winter;Coypu;1
13/02/2024;4;12;50;16:59:00;N;Lastra2;2024;winter;DomesticDog;2
13/02/2024;4;12;50;17:14:00;N;Empoli_Serravalle;2024;winter;Egret;1
13/02/2024;4;12;50;17:25:00;N;Empoli_Serravalle;2024;winter;Coypu;1
13/02/2024;4;12;50;17:40:00;N;Empoli_Serravalle;2024;winter;Coypu;1
13/02/2024;4;12;50;17:41:00;N;Empoli_Serravalle;2024;winter;Mallard;2
13/02/2024;4;12;50;17:42:00;N;Empoli_Serravalle;2024;winter;CattleEgret;2
13/02/2024;4;12;50;17:46:00;N;Empoli_Serravalle;2024;winter;GreyHeron;1
13/02/2024;4;12;50;17:48:00;N;Empoli_Serravalle;2024;winter;Egret;1
13/02/2024;4;12;50;17:48:00;N;Empoli_Serravalle;2024;winter;Human;3
13/02/2024;4;12;50;18:06:00;N;Empoli_Serravalle;2024;winter;Mallard;7
13/02/2024;4;12;50;18:23:00;N;Empoli_Serravalle;2024;winter;Egret;1
13/02/2024;4;12;50;18:34:00;N;Empoli_Serravalle;2024;winter;Coypu;1
13/02/2024;4;12;50;18:46:00;N;Empoli_Serravalle;2024;winter;GreyHeron;1
13/02/2024;4;12;50;18:57:00;N;Empoli_Serravalle;2024;winter;Coypu;1
13/02/2024;4;12;50;19:19:00;N;Lastra2;2024;winter;Wildboar;1
13/02/2024;4;12;50;19:23:00;N;Neto;2024;winter;DomesticCat;1
13/02/2024;4;12;50;19:27:00;N;Lastra2;2024;winter;Wildboar;3
13/02/2024;4;12;50;19:42:00;N;Lastra2;2024;winter;Wildboar;4
13/02/2024;4;12;50;19:52:00;N;Empoli_Serravalle;2024;winter;GreyHeron;1
13/02/2024;4;12;50;19:56:00;N;Lastra2;2024;winter;Wildboar;1
13/02/2024;4;12;50;23:17:00;N;Lastra2;2024;winter;RedFox;1
14/02/2024;4;13;50;03:18:00;N;Lastra2;2024;winter;RedFox;1
14/02/2024;4;13;50;03:38:00;N;Lastra2;2024;winter;RedFox;1
14/02/2024;4;13;50;04:23:00;N;Bottai;2024;winter;EurasianRobin;1
14/02/2024;4;13;50;13:36:00;N;Neto;2024;winter;RedSquirrel;1
14/02/2024;4;13;50;13:36:00;N;Neto;2024;winter;Human;1
14/02/2024;4;13;50;17:36:00;N;Lastra2;2024;winter;DomesticDog;1
14/02/2024;4;13;50;19:20:00;N;Lastra2;2024;winter;Wildboar;1
14/02/2024;4;13;50;19:20:00;N;Lastra2;2024;winter;Wildboar;1
14/02/2024;4;13;50;19:21:00;N;Lastra2;2024;winter;Wildboar;1
14/02/2024;4;13;50;19:21:00;N;Lastra2;2024;winter;Wildboar;1
14/02/2024;4;13;50;19:22:00;N;Lastra2;2024;winter;Wildboar;2
14/02/2024;4;13;50;22:37:00;N;Lastra2;2024;winter;RedFox;1
15/02/2024;4;14;50;01:20:00;N;Lastra2;2024;winter;Wildboar;7
15/02/2024;4;14;50;01:55:00;N;Bottai;2024;winter;BlackRat;1
15/02/2024;4;14;50;03:16:00;N;Bottai;2024;winter;BlackRat;1
15/02/2024;4;14;50;08:43:00;N;Lastra2;2024;winter;Human;2
15/02/2024;4;14;50;11:57:00;N;AsmanaWellness;2024;winter;DomesticRabbit;1
15/02/2024;4;14;50;12:05:00;N;Lastra2;2024;winter;Human;1
15/02/2024;4;14;50;12:05:00;N;Lastra2;2024;winter;Human;1
15/02/2024;4;14;50;12:19:00;N;AsmanaWellness;2024;winter;DomesticRabbit;1
15/02/2024;4;14;50;13:10:00;N;Bottai;2024;winter;Blackbird;1
15/02/2024;4;14;50;13:40:00;N;Lastra2;2024;winter;Human;1
15/02/2024;4;14;50;13:54:00;N;Bottai;2024;winter;Blackbird;1
15/02/2024;4;14;50;15:43:00;N;AsmanaWellness;2024;winter;DomesticRabbit;1
15/02/2024;4;14;50;16:02:00;N;Lastra2;2024;winter;Human;1
15/02/2024;4;14;50;16:15:00;N;AsmanaWellness;2024;winter;DomesticRabbit;1
15/02/2024;4;14;50;16:45:00;N;Neto;2024;winter;Human;1
15/02/2024;4;14;50;17:40:00;N;AsmanaWellness;2024;winter;DomesticRabbit;1
15/02/2024;4;14;50;21:56:00;N;Lastra2;2024;winter;RedFox;1
16/02/2024;4;15;50;01:20:00;N;CasaDiMartino;2024;winter;DomesticCat;1
16/02/2024;4;15;50;05:39:00;N;CasaDiMartino;2024;winter;CrestedPorcupine;1
16/02/2024;4;15;50;09:06:00;N;AsmanaWellness;2024;winter;DomesticRabbit;1
16/02/2024;4;15;50;10:43:00;N;AsmanaWellness;2024;winter;DomesticRabbit;1
16/02/2024;4;15;50;11:23:00;N;Neto;2024;winter;WoodPigeon;2
16/02/2024;4;15;50;11:23:00;N;Neto;2024;winter;Human;2
16/02/2024;4;15;50;11:43:00;N;AsmanaWellness;2024;winter;DomesticRabbit;1
16/02/2024;4;15;50;12:13:00;N;Neto;2024;winter;Mallard;1
16/02/2024;4;15;50;12:34:00;N;Lastra2;2024;winter;DomesticDog;1
16/02/2024;4;15;50;12:39:00;N;AsmanaWellness;2024;winter;DomesticRabbit;1
16/02/2024;4;15;50;14:45:00;N;Bottai;2024;winter;Blackbird;1
16/02/2024;4;15;50;14:47:00;N;AsmanaWellness;2024;winter;DomesticRabbit;1
16/02/2024;4;15;50;16:16:00;N;AsmanaWellness;2024;winter;DomesticRabbit;1
16/02/2024;4;15;50;16:45:00;N;Bottai;2024;winter;EurasianRobin;1
16/02/2024;4;15;50;17:34:00;N;AsmanaWellness;2024;winter;DomesticRabbit;1
16/02/2024;4;15;50;17:35:00;N;Lastra2;2024;winter;Human;1
16/02/2024;4;15;50;19:09:00;N;CasaDiMartino;2024;winter;CrestedPorcupine;1
16/02/2024;4;15;50;20:59:00;N;Bottai;2024;winter;GreyWolf;1
16/02/2024;4;15;50;23:47:00;N;Bottai;2024;winter;BlackRat;1
17/02/2024;4;16;50;00:27:00;N;Lastra2;2024;winter;Wildboar;1
17/02/2024;4;16;50;00:42:00;N;Lastra2;2024;winter;CrestedPorcupine;1
17/02/2024;4;16;50;00:42:00;N;Lastra2;2024;winter;RedFox;1
17/02/2024;4;16;50;00:49:00;N;Lastra2;2024;winter;CrestedPorcupine;1
17/02/2024;4;16;50;01:12:00;N;Bottai;2024;winter;BlackRat;1
17/02/2024;4;16;50;03:03:00;N;CasaDiMartino;2024;winter;CrestedPorcupine;1
17/02/2024;4;16;50;03:52:00;N;CasaDiMartino;2024;winter;CrestedPorcupine;1
17/02/2024;4;16;50;05:48:00;N;CasaDiMartino;2024;winter;CrestedPorcupine;1
17/02/2024;4;16;50;05:50:00;N;CasaDiMartino;2024;winter;CrestedPorcupine;1
17/02/2024;4;16;50;10:00:00;N;Sofia1;2024;winter;DomesticCat;1
17/02/2024;4;16;50;12:56:00;N;Neto;2024;winter;WoodPigeon;2
17/02/2024;4;16;50;12:56:00;N;Neto;2024;winter;Blackbird;1
17/02/2024;4;16;50;12:56:00;N;Neto;2024;winter;RockPigeon;2
17/02/2024;4;16;50;14:22:00;N;Lastra2;2024;winter;DomesticDog;1
17/02/2024;4;16;50;14:57:00;N;AsmanaWellness;2024;winter;DomesticRabbit;1
17/02/2024;4;16;50;16:14:00;N;Empoli_Serravalle;2024;winter;DomesticGoose;1
17/02/2024;4;16;50;16:14:00;N;Empoli_Serravalle;2024;winter;SwanGoose;1
17/02/2024;4;16;50;16:14:00;N;Empoli_Serravalle;2024;winter;Human;2
17/02/2024;4;16;50;16:14:00;N;Empoli_Serravalle;2024;winter;Mallard;2
17/02/2024;4;16;50;16:23:00;N;Empoli_Serravalle;2024;winter;Coypu;1
17/02/2024;4;16;50;16:24:00;N;AsmanaWellness;2024;winter;DomesticRabbit;1
17/02/2024;4;16;50;16:44:00;N;Empoli_Serravalle;2024;winter;Human;2
17/02/2024;4;16;50;16:44:00;N;Empoli_Serravalle;2024;winter;DomesticGoose;3
17/02/2024;4;16;50;16:44:00;N;Empoli_Serravalle;2024;winter;SwanGoose;1
17/02/2024;4;16;50;17:20:00;N;Empoli_Serravalle;2024;winter;Human;6
17/02/2024;4;16;50;17:20:00;N;Empoli_Serravalle;2024;winter;DomesticGoose;3
17/02/2024;4;16;50;17:20:00;N;Empoli_Serravalle;2024;winter;SwanGoose;1
17/02/2024;4;16;50;17:20:00;N;Empoli_Serravalle;2024;winter;DomesticDog;1
17/02/2024;4;16;50;17:21:00;N;Neto;2024;winter;GreenWoodpecker;1
17/02/2024;4;16;50;17:28:00;N;Empoli_Serravalle;2024;winter;Coypu;1
17/02/2024;4;16;50;17:50:00;N;Empoli_Serravalle;2024;winter;DomesticGoose;1
17/02/2024;4;16;50;17:50:00;N;Empoli_Serravalle;2024;winter;Human;2
17/02/2024;4;16;50;17:53:00;N;Empoli_Serravalle;2024;winter;SwanGoose;1
17/02/2024;4;16;50;20:37:00;N;CasaDiMartino;2024;winter;DomesticCat;1
17/02/2024;4;16;50;20:55:00;N;Lastra2;2024;winter;Wildboar;1
17/02/2024;4;16;50;20:55:00;N;Lastra2;2024;winter;Wildboar;2
17/02/2024;4;16;50;20:56:00;N;Lastra2;2024;winter;Wildboar;2
17/02/2024;4;16;50;20:57:00;N;Lastra2;2024;winter;Wildboar;1
17/02/2024;4;16;50;20:57:00;N;Lastra2;2024;winter;Wildboar;1
17/02/2024;4;16;50;21:30:00;N;Lastra2;2024;winter;Wildboar;1
17/02/2024;4;16;50;22:31:00;N;CasaDiMartino;2024;winter;CrestedPorcupine;1
18/02/2024;3;17;50;00:27:00;N;Lastra2;2024;winter;Wildboar;3
18/02/2024;3;17;50;00:28:00;N;Lastra2;2024;winter;Wildboar;1
18/02/2024;3;17;50;00:28:00;N;Lastra2;2024;winter;Wildboar;1
18/02/2024;3;17;50;00:56:00;N;Lastra2;2024;winter;Wildboar;1
18/02/2024;3;17;50;00:57:00;N;Lastra2;2024;winter;Wildboar;1
18/02/2024;3;17;50;05:09:00;N;Lastra2;2024;winter;Wildboar;1
18/02/2024;3;17;50;05:36:00;N;Lastra2;2024;winter;RedFox;1
18/02/2024;3;17;50;09:10:00;N;Bottai;2024;winter;EurasianRobin;1
18/02/2024;3;17;50;11:03:00;N;Neto;2024;winter;Blackbird;3
18/02/2024;3;17;50;11:03:00;N;Neto;2024;winter;WoodPigeon;1
18/02/2024;3;17;50;11:24:00;N;Lastra2;2024;winter;Human;1
18/02/2024;3;17;50;11:51:00;N;Neto;2024;winter;RedSquirrel;1
18/02/2024;3;17;50;11:51:00;N;Neto;2024;winter;Human;2
18/02/2024;3;17;50;13:28:00;N;Baronta;2024;winter;DomesticCat;1
18/02/2024;3;17;50;14:42:00;N;Lastra2;2024;winter;DomesticCat;1
18/02/2024;3;17;50;14:51:00;N;Lastra2;2024;winter;Human;1
18/02/2024;3;17;50;15:51:00;N;Baronta;2024;winter;EurasianRobin;1
18/02/2024;3;17;50;16:00:00;N;Lastra2;2024;winter;Human;1
18/02/2024;3;17;50;16:02:00;N;Lastra2;2024;winter;Human;1
18/02/2024;3;17;50;16:02:00;N;Lastra2;2024;winter;Human;1
18/02/2024;3;17;50;16:02:00;N;Lastra2;2024;winter;Human;1
18/02/2024;3;17;50;16:05:00;N;Lastra2;2024;winter;Human;1
18/02/2024;3;17;50;16:05:00;N;Lastra2;2024;winter;Human;1
18/02/2024;3;17;50;16:06:00;N;Lastra2;2024;winter;Human;1
18/02/2024;3;17;50;16:06:00;N;Lastra2;2024;winter;Human;2
18/02/2024;3;17;50;16:06:00;N;Lastra2;2024;winter;Human;2
18/02/2024;3;17;50;16:35:00;N;Baronta;2024;winter;RedFox;1
18/02/2024;3;17;50;16:57:00;N;Baronta;2024;winter;SongThrush;1
18/02/2024;3;17;50;17:44:00;N;AsmanaWellness;2024;winter;EurasianRobin;1
18/02/2024;3;17;50;17:47:00;N;Baronta;2024;winter;EurasianRobin;1
18/02/2024;3;17;50;18:31:00;N;Neto;2024;winter;EurasianMagpie;1
18/02/2024;3;17;50;20:54:00;N;Lastra2;2024;winter;EuropeanBadger;1
18/02/2024;3;17;50;21:13:00;N;CasaDiMartino;2024;winter;CrestedPorcupine;1
18/02/2024;3;17;50;23:28:00;N;Lastra2;2024;winter;RedFox;1
19/02/2024;3;18;50;00:26:00;N;Lastra2;2024;winter;Wildboar;1
19/02/2024;3;18;50;00:27:00;N;Lastra2;2024;winter;Wildboar;3
19/02/2024;3;18;50;00:28:00;N;Lastra2;2024;winter;Wildboar;2
19/02/2024;3;18;50;00:30:00;N;Lastra2;2024;winter;Wildboar;2
19/02/2024;3;18;50;00:31:00;N;Lastra2;2024;winter;Wildboar;1
19/02/2024;3;18;50;00:32:00;N;Lastra2;2024;winter;Wildboar;1
19/02/2024;3;18;50;00:32:00;N;Lastra2;2024;winter;Wildboar;1
19/02/2024;3;18;50;00:41:00;N;Lastra2;2024;winter;Wildboar;1
19/02/2024;3;18;50;01:19:00;N;Lastra2;2024;winter;Wildboar;1
19/02/2024;3;18;50;01:23:00;N;Lastra2;2024;winter;Wildboar;1
19/02/2024;3;18;50;01:24:00;N;Lastra2;2024;winter;Wildboar;1
19/02/2024;3;18;50;02:24:00;N;Tavarnuzze;2024;winter;Wildboar;2
19/02/2024;3;18;50;03:26:00;N;Lastra2;2024;winter;Wildboar;1
19/02/2024;3;18;50;06:09:00;N;CasaDiMartino;2024;winter;CrestedPorcupine;1
19/02/2024;3;18;50;06:25:00;N;Lastra2;2024;winter;RedFox;1
19/02/2024;3;18;50;06:44:00;N;Baronta;2024;winter;EurasianRobin;1
19/02/2024;3;18;50;06:50:00;N;Tavarnuzze;2024;winter;EurasianRobin;1
19/02/2024;3;18;50;08:31:00;N;Lastra2;2024;winter;Human;2
19/02/2024;3;18;50;10:27:00;N;Lastra2;2024;winter;Human;1
19/02/2024;3;18;50;11:07:00;N;Lastra2;2024;winter;Human;1
19/02/2024;3;18;50;12:20:00;N;Lastra2;2024;winter;Human;1
19/02/2024;3;18;50;14:12:00;N;Lastra2;2024;winter;Human;2
19/02/2024;3;18;50;14:27:00;N;Lastra2;2024;winter;DomesticDog;1
19/02/2024;3;18;50;14:42:00;N;Baronta;2024;winter;EurasianRobin;1
19/02/2024;3;18;50;17:57:00;N;Empoli_Serravalle;2024;winter;Mallard;7
19/02/2024;3;18;50;18:00:00;N;Empoli_Serravalle;2024;winter;Coypu;1
19/02/2024;3;18;50;18:01:00;N;AsmanaWellness;2024;winter;DomesticRabbit;1
19/02/2024;3;18;50;18:09:00;N;Empoli_Serravalle;2024;winter;Human;1
19/02/2024;3;18;50;18:09:00;N;Empoli_Serravalle;2024;winter;DomesticDog;1
19/02/2024;3;18;50;18:13:00;N;Empoli_Serravalle;2024;winter;Mallard;2
19/02/2024;3;18;50;18:24:00;N;Empoli_Serravalle;2024;winter;DomesticDog;1
19/02/2024;3;18;50;18:42:00;N;Empoli_Serravalle;2024;winter;Human;1
19/02/2024;3;18;50;18:44:00;N;Empoli_Serravalle;2024;winter;Mallard;3
19/02/2024;3;18;50;18:59:00;N;Lastra2;2024;winter;Human;1
19/02/2024;3;18;50;19:04:00;N;Empoli_Serravalle;2024;winter;Coypu;1
19/02/2024;3;18;50;20:53:00;N;Empoli_Serravalle;2024;winter;Mallard;3
19/02/2024;3;18;50;20:53:00;N;CasaDiMartino;2024;winter;CrestedPorcupine;1
19/02/2024;3;18;50;21:26:00;N;Neto;2024;winter;DomesticCat;1
19/02/2024;3;18;50;21:37:00;N;Empoli_Serravalle;2024;winter;Coypu;1
19/02/2024;3;18;50;22:15:00;N;Empoli_Serravalle;2024;winter;Coypu;1
19/02/2024;3;18;50;22:58:00;N;Empoli_Serravalle;2024;winter;Coypu;1
19/02/2024;3;18;50;23:30:00;N;Empoli_Serravalle;2024;winter;Coypu;1
20/02/2024;3;19;50;00:08:00;N;Baronta;2024;winter;EuropeanBadger;1
20/02/2024;3;19;50;02:10:00;N;Empoli_Serravalle;2024;winter;Coypu;1
20/02/2024;3;19;50;02:26:00;N;Empoli_Serravalle;2024;winter;RedFox;1
20/02/2024;3;19;50;07:12:00;N;Empoli_Serravalle;2024;winter;EurasianMagpie;2
20/02/2024;3;19;50;07:16:00;N;Empoli_Serravalle;2024;winter;Coypu;1
20/02/2024;3;19;50;07:16:00;N;Empoli_Serravalle;2024;winter;RockPigeon;1
20/02/2024;3;19;50;07:16:00;N;Empoli_Serravalle;2024;winter;Human;1
20/02/2024;3;19;50;07:28:00;N;Empoli_Serravalle;2024;winter;DomesticGoose;3
20/02/2024;3;19;50;07:28:00;N;Empoli_Serravalle;2024;winter;SwanGoose;1
20/02/2024;3;19;50;07:28:00;N;Empoli_Serravalle;2024;winter;Mallard;3
20/02/2024;3;19;50;07:28:00;N;Baronta;2024;winter;SongThrush;1
20/02/2024;3;19;50;07:47:00;N;Empoli_Serravalle;2024;winter;RockPigeon;1
20/02/2024;3;19;50;08:13:00;N;Empoli_Serravalle;2024;winter;Human;2
20/02/2024;3;19;50;08:13:00;N;Empoli_Serravalle;2024;winter;DomesticDog;1
20/02/2024;3;19;50;08:14:00;N;Empoli_Serravalle;2024;winter;CommonSandpiper;1
20/02/2024;3;19;50;08:23:00;N;Empoli_Serravalle;2024;winter;Mallard;6
20/02/2024;3;19;50;08:23:00;N;Empoli_Serravalle;2024;winter;WhiteWagtail;1
20/02/2024;3;19;50;08:25:00;N;Empoli_Serravalle;2024;winter;DomesticDog;1
20/02/2024;3;19;50;08:29:00;N;Empoli_Serravalle;2024;winter;ItalianSparrow;1
20/02/2024;3;19;50;08:48:00;N;Empoli_Serravalle;2024;winter;DomesticGoose;2
20/02/2024;3;19;50;08:55:00;N;Empoli_Serravalle;2024;winter;Mallard;2
20/02/2024;3;19;50;08:57:00;N;Empoli_Serravalle;2024;winter;RockPigeon;1
20/02/2024;3;19;50;08:59:00;N;Empoli_Serravalle;2024;winter;SwanGoose;1
20/02/2024;3;19;50;09:01:00;N;Empoli_Serravalle;2024;winter;Human;2
20/02/2024;3;19;50;09:14:00;N;Empoli_Serravalle;2024;winter;DomesticDog;1
20/02/2024;3;19;50;09:17:00;N;Empoli_Serravalle;2024;winter;ItalianSparrow;2
20/02/2024;3;19;50;09:17:00;N;Empoli_Serravalle;2024;winter;Mallard;7
20/02/2024;3;19;50;09:23:00;N;Empoli_Serravalle;2024;winter;YellowLeggedGull;2
20/02/2024;3;19;50;09:23:00;N;Empoli_Serravalle;2024;winter;Shelduck;1
20/02/2024;3;19;50;09:23:00;N;Empoli_Serravalle;2024;winter;RockPigeon;41
20/02/2024;3;19;50;09:23:00;N;Empoli_Serravalle;2024;winter;BlackHeadedGull;1
20/02/2024;3;19;50;09:44:00;N;Empoli_Serravalle;2024;winter;DomesticGoose;3
20/02/2024;3;19;50;09:44:00;N;Empoli_Serravalle;2024;winter;SwanGoose;1
20/02/2024;3;19;50;09:46:00;N;Empoli_Serravalle;2024;winter;Human;1
20/02/2024;3;19;50;09:52:00;N;Empoli_Serravalle;2024;winter;Mallard;8
20/02/2024;3;19;50;10:25:00;N;Baronta;2024;winter;SongThrush;1
20/02/2024;3;19;50;10:35:00;N;Baronta;2024;winter;EurasianRobin;1
20/02/2024;3;19;50;14:29:00;N;Lastra2;2024;winter;DomesticDog;1
20/02/2024;3;19;50;15:01:00;N;Neto;2024;winter;DomesticCat;1
20/02/2024;3;19;50;15:41:00;N;Baronta;2024;winter;EurasianRobin;1
20/02/2024;3;19;50;16:00:00;N;Empoli_Serravalle;2024;winter;SwanGoose;1
20/02/2024;3;19;50;16:00:00;N;Empoli_Serravalle;2024;winter;DomesticGoose;3
20/02/2024;3;19;50;16:00:00;N;Empoli_Serravalle;2024;winter;Human;3
20/02/2024;3;19;50;16:00:00;N;Empoli_Serravalle;2024;winter;BlackHeadedGull;1
20/02/2024;3;19;50;16:08:00;N;Empoli_Serravalle;2024;winter;ItalianSparrow;1
20/02/2024;3;19;50;16:13:00;N;Empoli_Serravalle;2024;winter;WhiteWagtail;1
20/02/2024;3;19;50;16:19:00;N;Empoli_Serravalle;2024;winter;Mallard;2
20/02/2024;3;19;50;16:20:00;N;Empoli_Serravalle;2024;winter;RockPigeon;3
20/02/2024;3;19;50;16:20:00;N;Empoli_Serravalle;2024;winter;YellowLeggedGull;1
20/02/2024;3;19;50;16:20:00;N;Empoli_Serravalle;2024;winter;Human;1
20/02/2024;3;19;50;16:23:00;N;Lastra2;2024;winter;Human;1
20/02/2024;3;19;50;16:29:00;N;Empoli_Serravalle;2024;winter;Egret;1
20/02/2024;3;19;50;16:38:00;N;Empoli_Serravalle;2024;winter;DomesticGoose;2
20/02/2024;3;19;50;16:38:00;N;Empoli_Serravalle;2024;winter;DomesticDog;1
20/02/2024;3;19;50;16:45:00;N;Lastra2;2024;winter;Human;1
20/02/2024;3;19;50;16:49:00;N;Empoli_Serravalle;2024;winter;Mallard;3
20/02/2024;3;19;50;16:49:00;N;Empoli_Serravalle;2024;winter;SwanGoose;1
20/02/2024;3;19;50;16:52:00;N;Empoli_Serravalle;2024;winter;Human;1
20/02/2024;3;19;50;16:52:00;N;Empoli_Serravalle;2024;winter;DomesticDog;1
20/02/2024;3;19;50;17:02:00;N;Empoli_Serravalle;2024;winter;DomesticGoose;3
20/02/2024;3;19;50;17:11:00;N;Empoli_Serravalle;2024;winter;DomesticDog;1
20/02/2024;3;19;50;17:36:00;N;Neto;2024;winter;WoodPigeon;2
20/02/2024;3;19;50;17:44:00;N;Lastra2;2024;winter;Human;1
20/02/2024;3;19;50;18:16:00;N;Tavarnuzze;2024;winter;EurasianRobin;1
20/02/2024;3;19;50;18:29:00;N;AsmanaWellness;2024;winter;DomesticRabbit;1
20/02/2024;3;19;50;19:22:00;N;Baronta;2024;winter;RoeDeer;1
20/02/2024;3;19;50;19:29:00;N;CasaDiMartino;2024;winter;EuropeanBadger;1
20/02/2024;3;19;50;19:33:00;N;Lastra2;2024;winter;RoeDeer;1
20/02/2024;3;19;50;19:52:00;N;Lastra2;2024;winter;Wildboar;1
20/02/2024;3;19;50;19:53:00;N;Lastra2;2024;winter;Wildboar;1
20/02/2024;3;19;50;19:55:00;N;Lastra2;2024;winter;Wildboar;1
20/02/2024;3;19;50;19:56:00;N;Lastra2;2024;winter;Wildboar;6
20/02/2024;3;19;50;19:59:00;N;Lastra2;2024;winter;Wildboar;1
20/02/2024;3;19;50;19:59:00;N;Lastra2;2024;winter;Wildboar;3
20/02/2024;3;19;50;20:12:00;N;CasaDiMartino;2024;winter;EuropeanBadger;1
20/02/2024;3;19;50;21:45:00;N;Baronta;2024;winter;RoeDeer;1
20/02/2024;3;19;50;22:06:00;N;Lastra2;2024;winter;Wildboar;2
21/02/2024;3;20;100;07:34:00;N;Baronta;2024;winter;SongThrush;1
21/02/2024;3;20;100;08:17:00;N;Baronta;2024;winter;SongThrush;1
21/02/2024;3;20;100;09:12:00;N;Baronta;2024;winter;SongThrush;1
21/02/2024;3;20;100;09:23:00;N;Tavarnuzze;2024;winter;EurasianRobin;1
21/02/2024;3;20;100;12:34:00;N;Baronta;2024;winter;SongThrush;1
21/02/2024;3;20;100;13:41:00;N;AsmanaWellness;2024;winter;Blackbird;1
21/02/2024;3;20;100;13:41:00;N;Bottai;2024;winter;DomesticCat;1
21/02/2024;3;20;100;15:16:00;N;Bottai;2024;winter;EurasianRobin;1
21/02/2024;3;20;100;15:31:00;N;Neto;2024;winter;WoodPigeon;2
21/02/2024;3;20;100;16:25:00;N;Lastra2;2024;winter;Human;2
21/02/2024;3;20;100;16:25:00;N;Lastra2;2024;winter;Human;2
21/02/2024;3;20;100;17:14:00;N;Neto;2024;winter;Human;1
21/02/2024;3;20;100;18:05:00;N;Tavarnuzze;2024;winter;EurasianRobin;1
21/02/2024;3;20;100;18:25:00;N;Lastra2;2024;winter;Human;3
21/02/2024;3;20;100;18:47:00;N;AsmanaWellness;2024;winter;DomesticRabbit;1
21/02/2024;3;20;100;20:38:00;N;CasaDiMartino;2024;winter;CrestedPorcupine;1
21/02/2024;3;20;100;23:20:00;N;CasaDiMartino;2024;winter;CrestedPorcupine;1
22/02/2024;2;21;100;01:22:00;N;Baronta;2024;winter;EuropeanBadger;1
22/02/2024;2;21;100;01:51:00;N;Tavarnuzze;2024;winter;Wildboar;2
22/02/2024;2;21;100;02:18:00;N;Baronta;2024;winter;EuropeanBadger;1
22/02/2024;2;21;100;04:52:00;N;Lastra2;2024;winter;Wildboar;1
22/02/2024;2;21;100;05:13:00;N;Baronta;2024;winter;RedFox;1
22/02/2024;2;21;100;05:23:00;N;Baronta;2024;winter;EuropeanBadger;1
22/02/2024;2;21;100;06:18:00;N;CasaDiMartino;2024;winter;CrestedPorcupine;1
22/02/2024;2;21;100;07:07:00;N;Baronta;2024;winter;SongThrush;1
22/02/2024;2;21;100;08:33:00;N;Baronta;2024;winter;RoeDeer;1
22/02/2024;2;21;100;08:37:00;N;Baronta;2024;winter;Wildboar;1
22/02/2024;2;21;100;08:43:00;N;Baronta;2024;winter;DomesticDog;1
22/02/2024;2;21;100;13:41:00;N;AsmanaWellness;2024;winter;EurasianMagpie;1
22/02/2024;2;21;100;14:16:00;N;AsmanaWellness;2024;winter;EurasianMagpie;1
22/02/2024;2;21;100;15:56:00;N;Baronta;2024;winter;DomesticCat;1
22/02/2024;2;21;100;17:21:00;N;AsmanaWellness;2024;winter;DomesticRabbit;1
22/02/2024;2;21;100;18:24:00;N;Neto;2024;winter;WoodPigeon;1
22/02/2024;2;21;100;18:24:00;N;Neto;2024;winter;EurasianMagpie;1
22/02/2024;2;21;100;18:25:00;N;Lastra2;2024;winter;Human;2
22/02/2024;2;21;100;18:45:00;N;Lastra2;2024;winter;Human;1
22/02/2024;2;21;100;20:22:00;N;Baronta;2024;winter;StoneMarten;1
22/02/2024;2;21;100;23:07:00;N;CasaDiMartino;2024;winter;EuropeanBadger;1
22/02/2024;2;21;100;23:15:00;N;Lastra2;2024;winter;RedFox;1
23/02/2024;2;22;100;01:05:00;N;Lastra2;2024;winter;Wildboar;1
23/02/2024;2;22;100;01:27:00;N;CasaDiMartino;2024;winter;CrestedPorcupine;1
23/02/2024;2;22;100;01:54:00;N;CasaDiMartino;2024;winter;CrestedPorcupine;1
23/02/2024;2;22;100;04:55:00;N;Tavarnuzze;2024;winter;Wildboar;2
23/02/2024;2;22;100;05:02:00;N;Lastra2;2024;winter;Wildboar;6
23/02/2024;2;22;100;05:27:00;N;Lastra2;2024;winter;GreyWolf;1
23/02/2024;2;22;100;05:35:00;N;Baronta;2024;winter;RedFox;1
23/02/2024;2;22;100;06:52:00;N;Lastra2;2024;winter;DomesticCat;1
23/02/2024;2;22;100;07:55:00;N;AsmanaWellness;2024;winter;EurasianMagpie;1
23/02/2024;2;22;100;08:01:00;N;AsmanaWellness;2024;winter;DomesticRabbit;1
23/02/2024;2;22;100;10:08:00;N;AsmanaWellness;2024;winter;EurasianMagpie;1
23/02/2024;2;22;100;10:33:00;N;AsmanaWellness;2024;winter;DomesticRabbit;1
23/02/2024;2;22;100;10:38:00;N;AsmanaWellness;2024;winter;EurasianMagpie;1
23/02/2024;2;22;100;11:24:00;N;AsmanaWellness;2024;winter;DomesticRabbit;1
23/02/2024;2;22;100;13:28:00;N;Lastra2;2024;winter;Human;1
23/02/2024;2;22;100;15:24:00;N;Baronta;2024;winter;SongThrush;1
23/02/2024;2;22;100;16:58:00;N;AsmanaWellness;2024;winter;DomesticRabbit;1
23/02/2024;2;22;100;17:13:00;N;Empoli_Serravalle;2024;winter;Coypu;1
23/02/2024;2;22;100;17:58:00;N;Empoli_Serravalle;2024;winter;Coypu;1
23/02/2024;2;22;100;18:10:00;N;Tavarnuzze;2024;winter;Wildboar;2
23/02/2024;2;22;100;18:46:00;N;Empoli_Serravalle;2024;winter;Coypu;1
23/02/2024;2;22;100;19:24:00;N;Baronta;2024;winter;DomesticCat;1
23/02/2024;2;22;100;21:13:00;N;Empoli_Serravalle;2024;winter;RedFox;1
23/02/2024;2;22;100;21:15:00;N;Lastra2;2024;winter;Wildboar;1
23/02/2024;2;22;100;22:39:00;N;Empoli_Serravalle;2024;winter;Coypu;1
23/02/2024;2;22;100;22:41:00;N;Empoli_Serravalle;2024;winter;Coypu;1
23/02/2024;2;22;100;23:05:00;N;Empoli_Serravalle;2024;winter;Coypu;1
24/02/2024;2;23;100;00:07:00;N;Empoli_Serravalle;2024;winter;Coypu;1
24/02/2024;2;23;100;00:20:00;N;Empoli_Serravalle;2024;winter;LittleOwl;1
24/02/2024;2;23;100;00:24:00;N;Baronta;2024;winter;BlackRat;1
24/02/2024;2;23;100;00:41:00;N;Empoli_Serravalle;2024;winter;NightHeron;1
24/02/2024;2;23;100;00:41:00;N;Empoli_Serravalle;2024;winter;Coypu;1
24/02/2024;2;23;100;01:05:00;N;Lastra2;2024;winter;Wildboar;1
24/02/2024;2;23;100;01:39:00;N;Empoli_Serravalle;2024;winter;Coypu;1
24/02/2024;2;23;100;02:08:00;N;Empoli_Serravalle;2024;winter;Coypu;1
24/02/2024;2;23;100;02:41:00;N;Empoli_Serravalle;2024;winter;Coypu;1
24/02/2024;2;23;100;02:48:00;N;Lastra2;2024;winter;Wildboar;1
24/02/2024;2;23;100;02:49:00;N;Lastra2;2024;winter;Wildboar;1
24/02/2024;2;23;100;03:31:00;N;Lastra2;2024;winter;"Wildboar	";1
24/02/2024;2;23;100;03:32:00;N;Lastra2;2024;winter;Wildboar;2
24/02/2024;2;23;100;03:32:00;N;Lastra2;2024;winter;Wildboar;1
24/02/2024;2;23;100;03:33:00;N;Lastra2;2024;winter;Wildboar;1
24/02/2024;2;23;100;03:54:00;N;Empoli_Serravalle;2024;winter;Coypu;1
24/02/2024;2;23;100;04:16:00;N;Empoli_Serravalle;2024;winter;Coypu;1
24/02/2024;2;23;100;04:39:00;N;Baronta;2024;winter;EuropeanBadger;1
24/02/2024;2;23;100;05:33:00;N;Empoli_Serravalle;2024;winter;Coypu;1
24/02/2024;2;23;100;06:07:00;N;Empoli_Serravalle;2024;winter;Coypu;1
24/02/2024;2;23;100;07:11:00;N;Empoli_Serravalle;2024;winter;EurasianMagpie;1
24/02/2024;2;23;100;07:11:00;N;Empoli_Serravalle;2024;winter;Coypu;1
24/02/2024;2;23;100;07:42:00;N;Empoli_Serravalle;2024;winter;Coypu;1
24/02/2024;2;23;100;07:49:00;N;Baronta;2024;winter;SongThrush;1
24/02/2024;2;23;100;08:15:00;N;Lastra2;2024;winter;Wildboar;1
24/02/2024;2;23;100;08:29:00;N;Empoli_Serravalle;2024;winter;Coypu;2
24/02/2024;2;23;100;08:33:00;N;Empoli_Serravalle;2024;winter;Mallard;2
24/02/2024;2;23;100;08:35:00;N;Baronta;2024;winter;SongThrush;1
24/02/2024;2;23;100;08:40:00;N;Empoli_Serravalle;2024;winter;Human;7
24/02/2024;2;23;100;08:40:00;N;Empoli_Serravalle;2024;winter;DomesticDog;4
24/02/2024;2;23;100;08:56:00;N;Empoli_Serravalle;2024;winter;Coypu;1
24/02/2024;2;23;100;09:32:00;N;Baronta;2024;winter;SongThrush;1
24/02/2024;2;23;100;10:50:00;N;Baronta;2024;winter;Blackbird;1
24/02/2024;2;23;100;12:16:00;N;Baronta;2024;winter;DomesticCat;1
24/02/2024;2;23;100;15:01:00;N;Baronta;2024;winter;SongThrush;1
24/02/2024;2;23;100;16:00:00;N;Empoli_Serravalle;2024;winter;Coypu;2
24/02/2024;2;23;100;16:00:00;N;Empoli_Serravalle;2024;winter;DomesticGoose;3
24/02/2024;2;23;100;16:00:00;N;Empoli_Serravalle;2024;winter;SwanGoose;1
24/02/2024;2;23;100;16:02:00;N;Empoli_Serravalle;2024;winter;Mallard;1
24/02/2024;2;23;100;16:07:00;N;Baronta;2024;winter;SongThrush;1
24/02/2024;2;23;100;16:08:00;N;Empoli_Serravalle;2024;winter;Human;2
24/02/2024;2;23;100;16:08:00;N;Empoli_Serravalle;2024;winter;RockPigeon;12
24/02/2024;2;23;100;16:26:00;N;Empoli_Serravalle;2024;winter;Coypu;1
24/02/2024;2;23;100;16:27:00;N;Neto;2024;winter;WoodPigeon;1
24/02/2024;2;23;100;16:36:00;N;Empoli_Serravalle;2024;winter;DomesticGoose;3
24/02/2024;2;23;100;16:36:00;N;Empoli_Serravalle;2024;winter;SwanGoose;1
24/02/2024;2;23;100;16:36:00;N;Empoli_Serravalle;2024;winter;Human;2
24/02/2024;2;23;100;16:36:00;N;Empoli_Serravalle;2024;winter;DomesticDog;1
24/02/2024;2;23;100;16:40:00;N;Empoli_Serravalle;2024;winter;RockPigeon;1
24/02/2024;2;23;100;16:50:00;N;Empoli_Serravalle;2024;winter;Coypu;1
24/02/2024;2;23;100;17:10:00;N;Empoli_Serravalle;2024;winter;Human;1
24/02/2024;2;23;100;17:10:00;N;Empoli_Serravalle;2024;winter;DomesticDog;1
24/02/2024;2;23;100;17:23:00;N;Empoli_Serravalle;2024;winter;Coypu;1
24/02/2024;2;23;100;17:23:00;N;Empoli_Serravalle;2024;winter;Human;2
24/02/2024;2;23;100;17:28:00;N;Baronta;2024;winter;SongThrush;1
24/02/2024;2;23;100;17:31:00;N;AsmanaWellness;2024;winter;DomesticRabbit;1
24/02/2024;2;23;100;19:27:00;N;Empoli_Serravalle;2024;winter;Coypu;1
24/02/2024;2;23;100;19:56:00;N;Empoli_Serravalle;2024;winter;Coypu;1
24/02/2024;2;23;100;22:03:00;N;Empoli_Serravalle;2024;winter;Coypu;1
24/02/2024;2;23;100;22:40:00;N;Empoli_Serravalle;2024;winter;Coypu;1
24/02/2024;2;23;100;23:04:00;N;Empoli_Serravalle;2024;winter;Coypu;1
25/02/2024;2;24;75;02:11:00;N;Empoli_Serravalle;2024;winter;Coypu;1
25/02/2024;2;24;75;02:39:00;N;AsmanaWellness;2024;winter;RedFox;1
25/02/2024;2;24;75;02:40:00;N;Baronta;2024;winter;EuropeanBadger;1
25/02/2024;2;24;75;02:52:00;N;Empoli_Serravalle;2024;winter;Coypu;1
25/02/2024;2;24;75;03:18:00;N;Lastra2;2024;winter;Wildboar;2
25/02/2024;2;24;75;03:20:00;N;Lastra2;2024;winter;Wildboar;1
25/02/2024;2;24;75;03:20:00;N;Lastra2;2024;winter;Wildboar;1
25/02/2024;2;24;75;03:21:00;N;Lastra2;2024;winter;Wildboar;1
25/02/2024;2;24;75;03:25:00;N;Empoli_Serravalle;2024;winter;RedFox;1
25/02/2024;2;24;75;03:39:00;N;Lastra2;2024;winter;Wildboar;1
25/02/2024;2;24;75;03:40:00;N;Lastra2;2024;winter;Wildboar;1
25/02/2024;2;24;75;03:53:00;N;Baronta;2024;winter;RedFox;1
25/02/2024;2;24;75;04:44:00;N;Lastra2;2024;winter;RedFox;1
25/02/2024;2;24;75;04:45:00;N;Empoli_Serravalle;2024;winter;Coypu;1
25/02/2024;2;24;75;07:30:00;N;Tavarnuzze;2024;winter;EurasianRobin;1
25/02/2024;2;24;75;07:37:00;N;Empoli_Serravalle;2024;winter;Mallard;2
25/02/2024;2;24;75;07:53:00;N;Empoli_Serravalle;2024;winter;Egret;1
25/02/2024;2;24;75;08:25:00;N;Lastra2;2024;winter;DomesticDog;1
25/02/2024;2;24;75;08:29:00;N;Empoli_Serravalle;2024;winter;Coypu;1
25/02/2024;2;24;75;08:39:00;N;Lastra2;2024;winter;Human;2
25/02/2024;2;24;75;09:33:00;N;Empoli_Serravalle;2024;winter;Mallard;1
25/02/2024;2;24;75;09:35:00;N;Empoli_Serravalle;2024;winter;DomesticGoose;3
25/02/2024;2;24;75;09:37:00;N;Empoli_Serravalle;2024;winter;SwanGoose;1
25/02/2024;2;24;75;09:37:00;N;Empoli_Serravalle;2024;winter;Human;1
25/02/2024;2;24;75;09:54:00;N;Empoli_Serravalle;2024;winter;Coypu;1
25/02/2024;2;24;75;12:13:00;N;Bottai;2024;winter;EurasianRobin;1
25/02/2024;2;24;75;12:54:00;N;Lastra2;2024;winter;Human;1
25/02/2024;2;24;75;15:13:00;N;Neto;2024;winter;WoodPigeon;2
25/02/2024;2;24;75;15:13:00;N;Neto;2024;winter;Blackbird;1
25/02/2024;2;24;75;15:31:00;N;Neto;2024;winter;DomesticCat;1
25/02/2024;2;24;75;15:49:00;N;Bottai;2024;winter;EurasianRobin;1
25/02/2024;2;24;75;16:02:00;N;Empoli_Serravalle;2024;winter;Human;4
25/02/2024;2;24;75;16:03:00;N;Empoli_Serravalle;2024;winter;Egret;1
25/02/2024;2;24;75;16:25:00;N;Baronta;2024;winter;DomesticCat;1
25/02/2024;2;24;75;16:25:00;N;Empoli_Serravalle;2024;winter;RockPigeon;1
25/02/2024;2;24;75;16:39:00;N;Empoli_Serravalle;2024;winter;DomesticDog;3
25/02/2024;2;24;75;16:39:00;N;Empoli_Serravalle;2024;winter;Human;8
25/02/2024;2;24;75;16:43:00;N;Empoli_Serravalle;2024;winter;Coypu;1
25/02/2024;2;24;75;16:43:00;N;Empoli_Serravalle;2024;winter;DomesticGoose;3
25/02/2024;2;24;75;16:48:00;N;Empoli_Serravalle;2024;winter;SwanGoose;1
25/02/2024;2;24;75;16:52:00;N;Empoli_Serravalle;2024;winter;Mallard;2
25/02/2024;2;24;75;17:12:00;N;Empoli_Serravalle;2024;winter;Coypu;1
25/02/2024;2;24;75;17:15:00;N;Empoli_Serravalle;2024;winter;DomesticGoose;3
25/02/2024;2;24;75;17:15:00;N;Empoli_Serravalle;2024;winter;SwanGoose;1
25/02/2024;2;24;75;17:15:00;N;Empoli_Serravalle;2024;winter;Mallard;2
25/02/2024;2;24;75;17:21:00;N;Empoli_Serravalle;2024;winter;Human;13
25/02/2024;2;24;75;17:22:00;N;Baronta;2024;winter;SongThrush;1
25/02/2024;2;24;75;17:38:00;N;Empoli_Serravalle;2024;winter;AmericanPondSlider;1
25/02/2024;2;24;75;17:41:00;N;Empoli_Serravalle;2024;winter;Coypu;1
25/02/2024;2;24;75;17:44:00;N;Empoli_Serravalle;2024;winter;DomesticGoose;3
25/02/2024;2;24;75;17:44:00;N;Empoli_Serravalle;2024;winter;Human;3
25/02/2024;2;24;75;17:44:00;N;Empoli_Serravalle;2024;winter;Mallard;2
25/02/2024;2;24;75;17:45:00;N;Empoli_Serravalle;2024;winter;SwanGoose;1
25/02/2024;2;24;75;17:47:00;N;Neto;2024;winter;WoodPigeon;1
25/02/2024;2;24;75;17:47:00;N;Neto;2024;winter;Human;1
25/02/2024;2;24;75;17:52:00;N;Empoli_Serravalle;2024;winter;DomesticDog;1
25/02/2024;2;24;75;18:09:00;N;Empoli_Serravalle;2024;winter;Coypu;1
25/02/2024;2;24;75;18:11:00;N;Empoli_Serravalle;2024;winter;GreyHeron;1
25/02/2024;2;24;75;18:14:00;N;Empoli_Serravalle;2024;winter;Human;1
25/02/2024;2;24;75;18:14:00;N;Empoli_Serravalle;2024;winter;DomesticDog;1
25/02/2024;2;24;75;18:15:00;N;AsmanaWellness;2024;winter;DomesticRabbit;1
25/02/2024;2;24;75;18:16:00;N;Empoli_Serravalle;2024;winter;DomesticGoose;3
25/02/2024;2;24;75;18:16:00;N;Empoli_Serravalle;2024;winter;SwanGoose;1
25/02/2024;2;24;75;18:16:00;N;Empoli_Serravalle;2024;winter;Mallard;2
25/02/2024;2;24;75;18:29:00;N;Empoli_Serravalle;2024;winter;GreyHeron;1
25/02/2024;2;24;75;18:33:00;N;Empoli_Serravalle;2024;winter;Human;2
25/02/2024;2;24;75;18:37:00;N;Empoli_Serravalle;2024;winter;Mallard;1
25/02/2024;2;24;75;18:55:00;N;Empoli_Serravalle;2024;winter;Coypu;1
25/02/2024;2;24;75;19:12:00;N;Empoli_Serravalle;2024;winter;Coypu;1
25/02/2024;2;24;75;20:13:00;N;Empoli_Serravalle;2024;winter;Mallard;2
25/02/2024;2;24;75;22:35:00;N;Empoli_Serravalle;2024;winter;Coypu;1
25/02/2024;2;24;75;23:55:00;N;Empoli_Serravalle;2024;winter;Coypu;1
26/02/2024;2;25;75;00:40:00;N;Lastra2;2024;winter;CrestedPorcupine;1
26/02/2024;2;25;75;00:44:00;N;Empoli_Serravalle;2024;winter;Coypu;1
26/02/2024;2;25;75;01:03:00;N;Empoli_Serravalle;2024;winter;RedFox;1
26/02/2024;2;25;75;01:03:00;N;Empoli_Serravalle;2024;winter;Coypu;1
26/02/2024;2;25;75;01:30:00;N;Empoli_Serravalle;2024;winter;Coypu;1
26/02/2024;2;25;75;02:14:00;N;Lastra2;2024;winter;Wildboar;1
26/02/2024;2;25;75;02:14:00;N;Lastra2;2024;winter;Wildboar;1
26/02/2024;2;25;75;02:44:00;N;Empoli_Serravalle;2024;winter;Coypu;1
26/02/2024;2;25;75;03:29:00;N;Lastra2;2024;winter;Wildboar;1
26/02/2024;2;25;75;04:26:00;N;Empoli_Serravalle;2024;winter;Coypu;1
26/02/2024;2;25;75;06:15:00;N;Lastra2;2024;winter;RedFox;1
26/02/2024;2;25;75;07:11:00;N;Empoli_Serravalle;2024;winter;YellowLeggedGull;1
26/02/2024;2;25;75;07:11:00;N;Empoli_Serravalle;2024;winter;EurasianMagpie;2
26/02/2024;2;25;75;07:26:00;N;Empoli_Serravalle;2024;winter;BlackHeadedGull;1
26/02/2024;2;25;75;07:26:00;N;Empoli_Serravalle;2024;winter;GreyHeron;1
26/02/2024;2;25;75;07:26:00;N;Empoli_Serravalle;2024;winter;RockPigeon;1
26/02/2024;2;25;75;07:33:00;N;Empoli_Serravalle;2024;winter;WhiteWagtail;1
26/02/2024;2;25;75;07:35:00;N;Empoli_Serravalle;2024;winter;Mallard;2
26/02/2024;2;25;75;08:22:00;N;Empoli_Serravalle;2024;winter;RockPigeon;19
26/02/2024;2;25;75;08:23:00;N;Lastra2;2024;winter;Human;2
26/02/2024;2;25;75;08:23:00;N;Lastra2;2024;winter;DomesticDog;1
26/02/2024;2;25;75;08:29:00;N;Empoli_Serravalle;2024;winter;Coypu;1
26/02/2024;2;25;75;08:29:00;N;Empoli_Serravalle;2024;winter;Mallard;4
26/02/2024;2;25;75;08:29:00;N;Empoli_Serravalle;2024;winter;RockPigeon;1
26/02/2024;2;25;75;08:29:00;N;Empoli_Serravalle;2024;winter;EurasianMagpie;2
26/02/2024;2;25;75;08:31:00;N;Empoli_Serravalle;2024;winter;Human;1
26/02/2024;2;25;75;08:33:00;N;Empoli_Serravalle;2024;winter;DomesticDog;1
26/02/2024;2;25;75;08:47:00;N;Empoli_Serravalle;2024;winter;YellowLeggedGull;1
26/02/2024;2;25;75;15:21:00;N;AsmanaWellness;2024;winter;Blackbird;1
26/02/2024;2;25;75;15:33:00;N;Lastra2;2024;winter;Human;1
26/02/2024;2;25;75;17:22:00;N;Baronta;2024;winter;SongThrush;1
26/02/2024;2;25;75;17:22:00;N;Lastra2;2024;winter;Human;2
26/02/2024;2;25;75;17:23:00;N;Lastra2;2024;winter;Human;2
26/02/2024;2;25;75;17:54:00;N;Lastra2;2024;winter;Human;4
26/02/2024;2;25;75;17:54:00;N;Lastra2;2024;winter;Human;4
26/02/2024;2;25;75;17:55:00;N;Lastra2;2024;winter;Human;3
26/02/2024;2;25;75;17:55:00;N;Lastra2;2024;winter;Human;3
26/02/2024;2;25;75;17:55:00;N;Lastra2;2024;winter;Human;2
26/02/2024;2;25;75;20:04:00;N;Lastra2;2024;winter;CrestedPorcupine;2
26/02/2024;2;25;75;20:29:00;N;Baronta;2024;winter;RedFox;1
26/02/2024;2;25;75;22:00:00;N;Lastra2;2024;winter;RedFox;1
26/02/2024;2;25;75;22:18:00;N;Lastra2;2024;winter;RedFox;1
27/02/2024;1;26;75;00:00:00;N;Lastra2;2024;winter;Wildboar;1
27/02/2024;1;26;75;00:01:00;N;Lastra2;2024;winter;Wildboar;2
27/02/2024;1;26;75;00:01:00;N;Lastra2;2024;winter;Wildboar;3
27/02/2024;1;26;75;00:01:00;N;Lastra2;2024;winter;Wildboar;3
27/02/2024;1;26;75;00:02:00;N;Lastra2;2024;winter;Wildboar;1
27/02/2024;1;26;75;00:03:00;N;Lastra2;2024;winter;Wildboar;1
27/02/2024;1;26;75;00:04:00;N;Lastra2;2024;winter;Wildboar;2
27/02/2024;1;26;75;00:09:00;N;CasaDiMartino;2024;winter;CrestedPorcupine;1
27/02/2024;1;26;75;00:35:00;N;Lastra2;2024;winter;EuropeanBadger;1
27/02/2024;1;26;75;03:33:00;N;Lastra2;2024;winter;RedFox;1
27/02/2024;1;26;75;04:17:00;N;Lastra2;2024;winter;Wildboar;1
27/02/2024;1;26;75;06:09:00;N;Lastra2;2024;winter;DomesticDog;1
27/02/2024;1;26;75;13:26:00;N;Baronta;2024;winter;SongThrush;1
27/02/2024;1;26;75;15:24:00;N;Baronta;2024;winter;SongThrush;1
27/02/2024;1;26;75;17:18:00;N;Baronta;2024;winter;SongThrush;1
28/02/2024;1;27;75;01:07:00;N;CasaDiMartino;2024;winter;CrestedPorcupine;1
28/02/2024;1;27;75;01:10:00;N;CasaDiMartino;2024;winter;RedFox;1
28/02/2024;1;27;75;02:27:00;N;Neto;2024;winter;DomesticCat;1
28/02/2024;1;27;75;02:41:00;N;Lastra2;2024;winter;Wildboar;1
28/02/2024;1;27;75;03:14:00;N;Lastra2;2024;winter;RedFox;1
28/02/2024;1;27;75;07:51:00;N;Baronta;2024;winter;SongThrush;1
28/02/2024;1;27;75;08:38:00;N;Baronta;2024;winter;SongThrush;1
28/02/2024;1;27;75;11:22:00;N;Baronta;2024;winter;SongThrush;1
28/02/2024;1;27;75;12:47:00;N;Baronta;2024;winter;EurasianRobin;1
28/02/2024;1;27;75;13:30:00;N;Bottai;2024;winter;EurasianRobin;1
28/02/2024;1;27;75;13:36:00;N;Lastra2;2024;winter;Human;1
28/02/2024;1;27;75;13:36:00;N;Lastra2;2024;winter;DomesticDog;2
28/02/2024;1;27;75;14:17:00;N;Baronta;2024;winter;DomesticCat;1
28/02/2024;1;27;75;15:25:00;N;Baronta;2024;winter;SongThrush;1
28/02/2024;1;27;75;17:07:00;N;Baronta;2024;winter;SongThrush;1
28/02/2024;1;27;75;18:52:00;N;CasaDiMartino;2024;winter;DomesticCat;1
28/02/2024;1;27;75;23:12:00;N;Lastra2;2024;winter;DomesticCat;1
28/02/2024;1;27;75;23:37:00;N;Baronta;2024;winter;EuropeanBadger;1
29/02/2024;1;28;75;01:20:00;N;Baronta;2024;winter;EuropeanBadger;1
29/02/2024;1;28;75;01:59:00;N;Baronta;2024;winter;DomesticCat;1
29/02/2024;1;28;75;02:35:00;N;Baronta;2024;winter;EuropeanBadger;1
29/02/2024;1;28;75;02:41:00;N;Lastra2;2024;winter;Wildboar;1
29/02/2024;1;28;75;03:24:00;N;Tavarnuzze;2024;winter;Wildboar;1
29/02/2024;1;28;75;03:44:00;N;CasaDiMartino;2024;winter;DomesticCat;1
29/02/2024;1;28;75;05:40:00;N;Lastra2;2024;winter;Wildboar;1
29/02/2024;1;28;75;05:40:00;N;Lastra2;2024;winter;Wildboar;1
29/02/2024;1;28;75;05:52:00;N;Lastra2;2024;winter;Wildboar;6
29/02/2024;1;28;75;06:18:00;N;Lastra2;2024;winter;DomesticDog;1
29/02/2024;1;28;75;07:30:00;N;Baronta;2024;winter;SongThrush;1
29/02/2024;1;28;75;07:43:00;N;AsmanaWellness;2024;winter;EurasianRobin;1
29/02/2024;1;28;75;10:00:00;N;Baronta;2024;winter;SongThrush;1
29/02/2024;1;28;75;12:18:00;N;Neto;2024;winter;RingNeckedParakeet;1
29/02/2024;1;28;75;14:32:00;N;Bottai;2024;winter;EurasianRobin;1
29/02/2024;1;28;75;14:38:00;N;Lastra2;2024;winter;Human;1
29/02/2024;1;28;75;15:13:00;N;Baronta;2024;winter;SongThrush;1
29/02/2024;1;28;75;15:52:00;N;AsmanaWellness;2024;winter;EurasianRobin;1
29/02/2024;1;28;75;17:47:00;N;Baronta;2024;winter;SongThrush;1
29/02/2024;1;28;75;18:24:00;N;Baronta;2024;winter;SongThrush;1
29/02/2024;1;28;75;21:32:00;N;Baronta;2024;winter;DomesticCat;1
29/02/2024;1;28;75;22:24:00;N;Lastra2;2024;winter;RedFox;1
01/03/2024;1;29;75;07:37:00;N;Baronta;2024;winter;RedFox;1
02/03/2024;1;1;80;04:40:00;N;Baronta;2024;winter;RedFox;1
02/03/2024;1;1;80;10:10:00;N;Baronta;2024;winter;DomesticCat;1
03/03/2024;1;2;80;16:35:00;N;Baronta;2024;winter;Whitethroat;1
05/09/2023;2;23;0;23:21:51;N;Ponteallindiano2;2023;summer;CrestedPorcupine;1
31/12/2023;2;25;5;21:29:00;N;Fiesole;2023;winter;Wildboar;1
01/01/2024;1;26;0;02:20:00;N;Scandicci_Acciaiolo;2024;winter;EuropeanHare;1
01/01/2024;1;26;0;02:35:00;N;VillaStacchini1;2024;winter;StoneMarten;1
01/01/2024;1;26;0;02:53:00;N;Fiesole;2024;winter;CrestedPorcupine;1
01/01/2024;1;26;0;05:15:00;N;Fiesole;2024;winter;Wildboar;1
01/01/2024;1;26;0;07:23:00;N;Sofia1;2024;winter;Blackbird;1
01/01/2024;1;26;0;07:24:00;N;Sofia1;2024;winter;SongThrush;1
01/01/2024;1;26;0;07:30:00;N;Sofia1;2024;winter;SongThrush;2
01/01/2024;1;26;0;07:40:00;N;Sofia1;2024;winter;SongThrush;2
01/01/2024;1;26;0;07:45:00;N;Sofia1;2024;winter;SongThrush;2
01/01/2024;1;26;0;07:47:00;N;Sofia1;2024;winter;SongThrush;1
01/01/2024;1;26;0;22:21:00;N;Fiesole;2024;winter;Wildboar;3
01/01/2024;1;26;0;23:29:00;N;CasaDiMartino;2024;winter;EuropeanBadger;1
02/01/2024;1;27;0;00:19:00;N;CasaDiMartino;2024;winter;EuropeanBadger;1
02/01/2024;1;27;0;03:04:00;N;CasaDiMartino;2024;winter;DomesticCat;1
02/01/2024;1;27;0;03:20:00;N;Fiesole;2024;winter;Wildboar;4
02/01/2024;1;27;0;03:33:00;N;Compiobbi;2024;winter;Wildboar;1
02/01/2024;1;27;0;03:34:00;N;CasaDiMartino;2024;winter;CrestedPorcupine;1
02/01/2024;1;27;0;03:35:00;N;CasaDiMartino;2024;winter;DomesticCat;1
02/01/2024;1;27;0;04:17:00;N;CasaDiMartino;2024;winter;CrestedPorcupine;1
02/01/2024;1;27;0;04:19:00;N;CasaDiMartino;2024;winter;CrestedPorcupine;1
02/01/2024;1;27;0;04:20:00;N;Fiesole;2024;winter;Wildboar;1
02/01/2024;1;27;0;04:36:00;N;CasaDiMartino;2024;winter;CrestedPorcupine;1
02/01/2024;1;27;0;07:21:00;N;Sofia1;2024;winter;SongThrush;1
02/01/2024;1;27;0;07:26:00;N;Sofia1;2024;winter;SongThrush;2
02/01/2024;1;27;0;07:27:00;N;Sofia1;2024;winter;SongThrush;1
02/01/2024;1;27;0;07:40:00;N;Sofia1;2024;winter;SongThrush;2
02/01/2024;1;27;0;07:41:00;N;Sofia1;2024;winter;EurasianChaffinch;1
02/01/2024;1;27;0;07:43:00;N;Sofia1;2024;winter;SongThrush;2
02/01/2024;1;27;0;07:43:00;N;Sofia1;2024;winter;EurasianChaffinch;1
02/01/2024;1;27;0;08:52:00;N;CasaDiMartino;2024;winter;DomesticCat;1
02/01/2024;1;27;0;17:57:00;N;Peretola;2024;winter;LittleOwl;1
02/01/2024;1;27;0;18:06:00;N;Peretola;2024;winter;LittleOwl;1
02/01/2024;1;27;0;18:52:00;N;Peretola;2024;winter;LittleOwl;1
02/01/2024;1;27;0;19:54:00;N;Peretola;2024;winter;LittleOwl;1
02/01/2024;1;27;0;20:12:00;N;CasaDiMartino;2024;winter;EuropeanBadger;1
02/01/2024;1;27;0;20:13:00;N;Fiesole;2024;winter;Wildboar;2
02/01/2024;1;27;0;21:13:00;N;Compiobbi;2024;winter;RedFox;1
02/01/2024;1;27;0;21:43:00;N;Peretola;2024;winter;LittleOwl;1
03/01/2024;1;29;0;01:02:00;N;CasaDiMartino;2024;winter;RedFox;1
03/01/2024;1;29;0;01:24:00;N;CasaDiMartino;2024;winter;RedFox;1
03/01/2024;1;29;0;02:21:00;N;CasaDiMartino;2024;winter;CrestedPorcupine;1
03/01/2024;1;29;0;02:51:00;N;CasaDiMartino;2024;winter;CrestedPorcupine;2
03/01/2024;1;29;0;02:59:00;N;CasaDiMartino;2024;winter;CrestedPorcupine;2
03/01/2024;1;29;0;03:02:00;N;CasaDiMartino;2024;winter;CrestedPorcupine;2
03/01/2024;1;29;0;03:02:00;N;CasaDiMartino;2024;winter;RedFox;1
03/01/2024;1;29;0;03:03:00;N;CasaDiMartino;2024;winter;CrestedPorcupine;2
03/01/2024;1;29;0;03:04:00;N;CasaDiMartino;2024;winter;CrestedPorcupine;2
03/01/2024;1;29;0;03:10:00;N;CasaDiMartino;2024;winter;CrestedPorcupine;2
03/01/2024;1;29;0;03:10:00;N;Compiobbi;2024;winter;Wildboar;1
03/01/2024;1;29;0;03:11:00;N;CasaDiMartino;2024;winter;CrestedPorcupine;2
03/01/2024;1;29;0;03:12:00;N;CasaDiMartino;2024;winter;CrestedPorcupine;2
03/01/2024;1;29;0;03:12:00;N;CasaDiMartino;2024;winter;CrestedPorcupine;2
03/01/2024;1;29;0;03:13:00;N;CasaDiMartino;2024;winter;CrestedPorcupine;2
03/01/2024;1;29;0;03:24:00;N;CasaDiMartino;2024;winter;CrestedPorcupine;1
03/01/2024;1;29;0;04:35:00;N;CasaDiMartino;2024;winter;RedFox;1
03/01/2024;1;29;0;04:56:00;N;Fiesole;2024;winter;Wildboar;1
03/01/2024;1;29;0;05:12:00;N;Fiesole;2024;winter;Wildboar;5
03/01/2024;1;29;0;06:50:00;N;Sofia1;2024;winter;DomesticCat;1
03/01/2024;1;29;0;07:26:00;N;Sofia1;2024;winter;SongThrush;3
03/01/2024;1;29;0;07:27:00;N;Sofia1;2024;winter;SongThrush;2
03/01/2024;1;29;0;07:28:00;N;Sofia1;2024;winter;SongThrush;1
03/01/2024;1;29;0;07:32:00;N;Sofia1;2024;winter;SongThrush;1
03/01/2024;1;29;0;07:41:00;N;CasaDiMartino;2024;winter;RedFox;1
03/01/2024;1;29;0;07:51:00;N;CasaDiMartino;2024;winter;RedFox;1
03/01/2024;1;29;0;07:52:00;N;Sofia1;2024;winter;SongThrush;1
03/01/2024;1;29;0;08:30:00;N;Scandicci_Acciaiolo;2024;winter;CommonPheasant;1
03/01/2024;1;29;0;08:44:00;N;CasaDiMartino;2024;winter;DomesticDog;1
03/01/2024;1;29;0;12:05:00;N;Sofia1;2024;winter;DomesticCat;1
03/01/2024;1;29;0;15:09:00;N;Sofia1;2024;winter;DomesticCat;1
03/01/2024;1;29;0;15:27:00;N;Sofia1;2024;winter;DomesticCat;1
03/01/2024;1;29;0;15:51:00;N;Sofia1;2024;winter;DomesticCat;1
03/01/2024;1;29;0;16:00:00;N;Sofia1;2024;winter;DomesticCat;1
03/01/2024;1;29;0;18:14:00;N;Sofia1;2024;winter;DomesticCat;1
03/01/2024;1;29;0;21:42:00;N;Scandicci_Acciaiolo;2024;winter;EuropeanHare;1
03/01/2024;1;29;0;23:20:00;N;Peretola;2024;winter;RedFox;1
04/01/2024;1;1;40;00:04:00;N;Compiobbi;2024;winter;RedFox;1
04/01/2024;1;1;40;01:01:00;N;CasaDiMartino;2024;winter;RedFox;1
04/01/2024;1;1;40;02:37:00;N;Fiesole;2024;winter;Wildboar;3
04/01/2024;1;1;40;04:40:00;N;CasaDiMartino;2024;winter;DomesticCat;1
04/01/2024;1;1;40;04:59:00;N;Fiesole;2024;winter;Wildboar;4
04/01/2024;1;1;40;05:04:00;N;Fiesole;2024;winter;Wildboar;1
04/01/2024;1;1;40;05:05:00;N;Fiesole;2024;winter;Wildboar;1
04/01/2024;1;1;40;06:51:00;N;Sofia1;2024;winter;DomesticCat;1
04/01/2024;1;1;40;07:17:00;N;Sofia1;2024;winter;SongThrush;1
04/01/2024;1;1;40;07:18:00;N;Sofia1;2024;winter;SongThrush;1
04/01/2024;1;1;40;07:21:00;N;Sofia1;2024;winter;SongThrush;1
04/01/2024;1;1;40;07:21:00;N;Sofia1;2024;winter;Blackbird;1
04/01/2024;1;1;40;07:22:00;N;Sofia1;2024;winter;Blackbird;1
04/01/2024;1;1;40;07:27:00;N;Sofia1;2024;winter;SongThrush;1
04/01/2024;1;1;40;07:28:00;N;Sofia1;2024;winter;SongThrush;2
04/01/2024;1;1;40;07:29:00;N;CasaDiMartino;2024;winter;RedFox;1
04/01/2024;1;1;40;08:10:00;N;CasaDiMartino;2024;winter;RedFox;1
04/01/2024;1;1;40;12:44:00;N;Sofia1;2024;winter;DomesticCat;1
04/01/2024;1;1;40;13:34:00;N;Sofia1;2024;winter;DomesticCat;1
04/01/2024;1;1;40;17:29:00;N;Sofia1;2024;winter;DomesticCat;1
04/01/2024;1;1;40;17:49:00;N;Sofia1;2024;winter;DomesticCat;1
04/01/2024;1;1;40;19:13:00;N;Impruneta;2024;winter;RedFox;1
04/01/2024;1;1;40;19:28:00;N;Scandicci_Acciaiolo;2024;winter;EuropeanHare;1
04/01/2024;1;1;40;20:15:00;N;Fiesole;2024;winter;Wildboar;1
04/01/2024;1;1;40;21:06:00;N;Sofia1;2024;winter;FallowDeer;2
04/01/2024;1;1;40;21:07:00;N;Sofia1;2024;winter;FallowDeer;2
04/01/2024;1;1;40;21:14:00;N;Sofia1;2024;winter;FallowDeer;2
04/01/2024;1;1;40;21:15:00;N;Sofia1;2024;winter;FallowDeer;2
04/01/2024;1;1;40;21:19:00;N;Sofia1;2024;winter;FallowDeer;2
04/01/2024;1;1;40;21:22:00;N;Sofia1;2024;winter;FallowDeer;2
04/01/2024;1;1;40;22:21:00;N;Fiesole;2024;winter;Wildboar;3
04/01/2024;1;1;40;23:49:00;N;Fiesole;2024;winter;Wildboar;2
04/01/2024;1;1;40;23:50:00;N;Fiesole;2024;winter;Wildboar;1
04/01/2024;1;1;40;23:58:00;N;Compiobbi;2024;winter;RedFox;1
05/01/2024;1;2;40;02:15:00;N;Compiobbi;2024;winter;RedFox;1
05/01/2024;1;2;40;16:44:00;N;Lastra1;2024;winter;DomesticDog;1
05/01/2024;1;2;40;20:19:00;N;Compiobbi;2024;winter;Wildboar;2
05/01/2024;1;2;40;23:19:00;N;Lastra1;2024;winter;RedFox;1
05/01/2024;1;2;40;23:59:00;N;Sofia1;2024;winter;RedFox;1
06/01/2024;1;3;40;01:25:00;N;Lastra1;2024;winter;RedFox;1
06/01/2024;1;3;40;01:55:00;N;Lastra2;2024;winter;Wildboar;1
06/01/2024;1;3;40;02:02:00;N;Compiobbi;2024;winter;RedFox;1
06/01/2024;1;3;40;02:29:00;N;Sofia1;2024;winter;DomesticCat;1
06/01/2024;1;3;40;02:51:00;N;Sofia1;2024;winter;DomesticCat;1
06/01/2024;1;3;40;02:51:00;N;Fiesole;2024;winter;Wildboar;2
06/01/2024;1;3;40;04:29:00;N;Compiobbi;2024;winter;Wildboar;1
06/01/2024;1;3;40;04:58:00;N;Lastra1;2024;winter;RedFox;1
06/01/2024;1;3;40;05:03:00;N;Compiobbi;2024;winter;Wildboar;2
06/01/2024;1;3;40;07:06:00;N;Sofia1;2024;winter;DomesticCat;1
06/01/2024;1;3;40;07:43:00;N;Fiesole;2024;winter;RedFox;1
06/01/2024;1;3;40;07:43:00;N;Fiesole;2024;winter;CommonToad;1
06/01/2024;1;3;40;18:18:00;N;Impruneta;2024;winter;EuropeanHare;1
06/01/2024;1;3;40;20:07:00;N;Compiobbi;2024;winter;RedFox;1
07/01/2024;2;4;20;06:04:00;N;Compiobbi;2024;winter;RedFox;1
07/01/2024;2;4;20;06:04:00;N;Impruneta;2024;winter;CrestedPorcupine;2
07/01/2024;2;4;20;06:06:00;N;Compiobbi;2024;winter;RedFox;1
07/01/2024;2;4;20;06:11:00;N;Impruneta;2024;winter;RedFox;1
07/01/2024;2;4;20;11:45:00;N;Lastra2;2024;winter;Fieldfare;1
07/01/2024;2;4;20;12:30:00;N;Lastra2;2024;winter;Human;1
07/01/2024;2;4;20;17:18:00;N;Lastra2;2024;winter;Human;1
07/01/2024;2;4;20;17:24:00;N;Lastra2;2024;winter;Human;1
07/01/2024;2;4;20;19:50:00;N;Impruneta;2024;winter;EuropeanHare;1
07/01/2024;2;4;20;22:09:00;N;Compiobbi;2024;winter;RedFox;1
07/01/2024;2;4;20;22:28:00;N;Impruneta;2024;winter;DomesticCat;1
08/01/2024;2;5;20;01:18:00;N;Compiobbi;2024;winter;RedFox;1
08/01/2024;2;5;20;03:37:00;N;Compiobbi;2024;winter;Wildboar;1
08/01/2024;2;5;20;03:54:00;N;Compiobbi;2024;winter;Wildboar;1
08/01/2024;2;5;20;07:01:00;N;Lastra2;2024;winter;Wildboar;1
08/01/2024;2;5;20;13:20:00;N;Neto;2024;winter;DomesticCat;1
08/01/2024;2;5;20;13:52:00;N;Lastra2;2024;winter;Human;1
08/01/2024;2;5;20;16:02:00;N;Empoli_Serravalle;2024;winter;Egret;1
08/01/2024;2;5;20;16:12:00;N;Empoli_Serravalle;2024;winter;Coypu;1
08/01/2024;2;5;20;16:43:00;N;Empoli_Serravalle;2024;winter;Coypu;1
08/01/2024;2;5;20;16:58:00;N;Empoli_Serravalle;2024;winter;Mallard;2
08/01/2024;2;5;20;17:40:00;N;Empoli_Serravalle;2024;winter;DomesticDog;1
08/01/2024;2;5;20;18:13:00;N;Empoli_Serravalle;2024;winter;Coypu;1
08/01/2024;2;5;20;18:17:00;N;Impruneta;2024;winter;EuropeanHare;1
08/01/2024;2;5;20;21:57:00;N;Impruneta;2024;winter;RedFox;1
08/01/2024;2;5;20;22:52:00;N;Lastra2;2024;winter;EasternCottontail;1
09/01/2024;2;6;20;01:25:00;N;Empoli_Serravalle;2024;winter;Coypu;1
09/01/2024;2;6;20;01:43:00;N;Lastra2;2024;winter;CrestedPorcupine;2
09/01/2024;2;6;20;03:59:00;N;Empoli_Serravalle;2024;winter;Coypu;1
09/01/2024;2;6;20;04:22:00;N;Impruneta;2024;winter;CrestedPorcupine;1
09/01/2024;2;6;20;07:06:00;N;Empoli_Serravalle;2024;winter;GreyHeron;1
09/01/2024;2;6;20;07:55:00;N;Empoli_Serravalle;2024;winter;Coypu;1
09/01/2024;2;6;20;07:56:00;N;Compiobbi;2024;winter;RedFox;1
09/01/2024;2;6;20;08:21:00;N;Empoli_Serravalle;2024;winter;Mallard;1
09/01/2024;2;6;20;08:26:00;N;Empoli_Serravalle;2024;winter;Mallard;2
09/01/2024;2;6;20;08:37:00;N;Empoli_Serravalle;2024;winter;Mallard;1
09/01/2024;2;6;20;08:39:00;N;Empoli_Serravalle;2024;winter;Mallard;2
09/01/2024;2;6;20;08:40:00;N;Empoli_Serravalle;2024;winter;Mallard;2
09/01/2024;2;6;20;08:41:00;N;Empoli_Serravalle;2024;winter;Mallard;2
09/01/2024;2;6;20;08:50:00;N;Empoli_Serravalle;2024;winter;Coypu;1
09/01/2024;2;6;20;08:54:00;N;Empoli_Serravalle;2024;winter;Coypu;1
09/01/2024;2;6;20;08:56:00;N;Empoli_Serravalle;2024;winter;Coypu;1
09/01/2024;2;6;20;09:23:00;N;Empoli_Serravalle;2024;winter;Mallard;1
09/01/2024;2;6;20;09:25:00;N;Empoli_Serravalle;2024;winter;Mallard;2
09/01/2024;2;6;20;09:51:00;N;Empoli_Serravalle;2024;winter;Human;1
09/01/2024;2;6;20;09:54:00;N;Lastra2;2024;winter;DomesticDog;1
09/01/2024;2;6;20;09:54:00;N;Lastra2;2024;winter;DomesticDog;2
09/01/2024;2;6;20;10:00:00;N;Empoli_Serravalle;2024;winter;Human;1
09/01/2024;2;6;20;10:03:00;N;Lastra2;2024;winter;DomesticDog;1
09/01/2024;2;6;20;11:18:00;N;Lastra2;2024;winter;Human;1
09/01/2024;2;6;20;11:31:00;N;Lastra2;2024;winter;Human;1
09/01/2024;2;6;20;11:32:00;N;Lastra2;2024;winter;Human;1
09/01/2024;2;6;20;16:08:00;N;Empoli_Serravalle;2024;winter;Human;1
09/01/2024;2;6;20;16:09:00;N;Empoli_Serravalle;2024;winter;Human;1
09/01/2024;2;6;20;16:11:00;N;Empoli_Serravalle;2024;winter;Human;1
09/01/2024;2;6;20;16:13:00;N;Empoli_Serravalle;2024;winter;Human;1
09/01/2024;2;6;20;16:15:00;N;Empoli_Serravalle;2024;winter;Coypu;1
09/01/2024;2;6;20;16:16:00;N;Empoli_Serravalle;2024;winter;Coypu;1
09/01/2024;2;6;20;16:19:00;N;Empoli_Serravalle;2024;winter;Coypu;1
09/01/2024;2;6;20;16:21:00;N;Empoli_Serravalle;2024;winter;Coypu;1
09/01/2024;2;6;20;16:23:00;N;Empoli_Serravalle;2024;winter;Human;1
09/01/2024;2;6;20;16:25:00;N;Empoli_Serravalle;2024;winter;Human;1
09/01/2024;2;6;20;16:26:00;N;Empoli_Serravalle;2024;winter;Human;1
09/01/2024;2;6;20;16:28:00;N;Empoli_Serravalle;2024;winter;Human;1
09/01/2024;2;6;20;16:30:00;N;Empoli_Serravalle;2024;winter;Human;3
09/01/2024;2;6;20;16:34:00;N;Empoli_Serravalle;2024;winter;Human;1
09/01/2024;2;6;20;16:35:00;N;Empoli_Serravalle;2024;winter;Human;4
09/01/2024;2;6;20;16:36:00;N;Empoli_Serravalle;2024;winter;Human;1
09/01/2024;2;6;20;16:38:00;N;Empoli_Serravalle;2024;winter;Egret;1
09/01/2024;2;6;20;16:39:00;N;Empoli_Serravalle;2024;winter;Human;4
09/01/2024;2;6;20;16:40:00;N;Empoli_Serravalle;2024;winter;Human;1
09/01/2024;2;6;20;16:44:00;N;Empoli_Serravalle;2024;winter;Human;4
09/01/2024;2;6;20;16:46:00;N;Empoli_Serravalle;2024;winter;GreyHeron;1
09/01/2024;2;6;20;16:49:00;N;Empoli_Serravalle;2024;winter;Human;1
09/01/2024;2;6;20;16:52:00;N;Empoli_Serravalle;2024;winter;Human;2
09/01/2024;2;6;20;17:00:00;N;Empoli_Serravalle;2024;winter;Human;1
09/01/2024;2;6;20;17:01:00;N;Empoli_Serravalle;2024;winter;Human;3
09/01/2024;2;6;20;17:03:00;N;Empoli_Serravalle;2024;winter;Human;1
09/01/2024;2;6;20;17:05:00;N;Empoli_Serravalle;2024;winter;Human;1
09/01/2024;2;6;20;17:06:00;N;Empoli_Serravalle;2024;winter;Coypu;1
09/01/2024;2;6;20;17:10:00;N;Empoli_Serravalle;2024;winter;Human;1
09/01/2024;2;6;20;17:12:00;N;Empoli_Serravalle;2024;winter;Human;2
09/01/2024;2;6;20;17:17:00;N;Empoli_Serravalle;2024;winter;Human;1
09/01/2024;2;6;20;17:18:00;N;Empoli_Serravalle;2024;winter;Human;1
09/01/2024;2;6;20;17:19:00;N;Empoli_Serravalle;2024;winter;Human;1
09/01/2024;2;6;20;17:22:00;N;Empoli_Serravalle;2024;winter;Human;1
09/01/2024;2;6;20;17:23:00;N;Empoli_Serravalle;2024;winter;Human;1
09/01/2024;2;6;20;17:25:00;N;Empoli_Serravalle;2024;winter;Human;2
09/01/2024;2;6;20;17:29:00;N;Empoli_Serravalle;2024;winter;Human;1
09/01/2024;2;6;20;17:32:00;N;Empoli_Serravalle;2024;winter;Human;2
09/01/2024;2;6;20;17:34:00;N;Empoli_Serravalle;2024;winter;Coypu;1
09/01/2024;2;6;20;17:53:00;N;Empoli_Serravalle;2024;winter;RedFox;1
09/01/2024;2;6;20;17:55:00;N;Empoli_Serravalle;2024;winter;RedFox;1
09/01/2024;2;6;20;17:55:00;N;Empoli_Serravalle;2024;winter;Coypu;1
09/01/2024;2;6;20;17:55:00;N;Empoli_Serravalle;2024;winter;Coypu;1
09/01/2024;2;6;20;17:56:00;N;Empoli_Serravalle;2024;winter;Coypu;1
09/01/2024;2;6;20;17:57:00;N;Empoli_Serravalle;2024;winter;Coypu;1
09/01/2024;2;6;20;17:57:00;N;Empoli_Serravalle;2024;winter;Coypu;1
09/01/2024;2;6;20;17:58:00;N;Empoli_Serravalle;2024;winter;Coypu;1
09/01/2024;2;6;20;18:00:00;N;Empoli_Serravalle;2024;winter;Coypu;1
09/01/2024;2;6;20;18:02:00;N;Empoli_Serravalle;2024;winter;Coypu;1
09/01/2024;2;6;20;18:04:00;N;Empoli_Serravalle;2024;winter;Coypu;1
09/01/2024;2;6;20;18:05:00;N;Empoli_Serravalle;2024;winter;Coypu;1
09/01/2024;2;6;20;18:08:00;N;Empoli_Serravalle;2024;winter;Coypu;1
09/01/2024;2;6;20;18:10:00;N;Empoli_Serravalle;2024;winter;Coypu;1
09/01/2024;2;6;20;18:11:00;N;Empoli_Serravalle;2024;winter;Coypu;1
09/01/2024;2;6;20;18:13:00;N;Empoli_Serravalle;2024;winter;Coypu;1
09/01/2024;2;6;20;18:26:00;N;Impruneta;2024;winter;EuropeanHare;1
09/01/2024;2;6;20;18:34:00;N;Empoli_Serravalle;2024;winter;Coypu;1
09/01/2024;2;6;20;18:39:00;N;Empoli_Serravalle;2024;winter;Coypu;1
09/01/2024;2;6;20;19:04:00;N;Empoli_Serravalle;2024;winter;Coypu;1
09/01/2024;2;6;20;19:23:00;N;Empoli_Serravalle;2024;winter;Coypu;1
09/01/2024;2;6;20;19:41:00;N;Empoli_Serravalle;2024;winter;Coypu;1
09/01/2024;2;6;20;19:52:00;N;Empoli_Serravalle;2024;winter;Coypu;1
09/01/2024;2;6;20;20:37:00;N;Empoli_Serravalle;2024;winter;Coypu;1
09/01/2024;2;6;20;20:41:00;N;Empoli_Serravalle;2024;winter;Coypu;1
09/01/2024;2;6;20;21:36:00;N;Empoli_Serravalle;2024;winter;Coypu;1
10/01/2024;3;7;30;00:04:00;N;Compiobbi;2024;winter;RedFox;1
10/01/2024;3;7;30;00:24:00;N;Empoli_Serravalle;2024;winter;Coypu;1
10/01/2024;3;7;30;00:26:00;N;Empoli_Serravalle;2024;winter;Coypu;1
10/01/2024;3;7;30;00:29:00;N;Impruneta;2024;winter;CrestedPorcupine;1
10/01/2024;3;7;30;00:42:00;N;Impruneta;2024;winter;GreyWolf;2
10/01/2024;3;7;30;04:00:00;N;Impruneta;2024;winter;Coypu;1
10/01/2024;3;7;30;08:01:00;N;Empoli_Serravalle;2024;winter;Coypu;1
10/01/2024;3;7;30;08:06:00;N;Empoli_Serravalle;2024;winter;Coypu;1
10/01/2024;3;7;30;08:23:00;N;Empoli_Serravalle;2024;winter;Mallard;2
10/01/2024;3;7;30;08:26:00;N;Empoli_Serravalle;2024;winter;GreyHeron;1
10/01/2024;3;7;30;08:27:00;N;Empoli_Serravalle;2024;winter;GreyHeron;1
10/01/2024;3;7;30;08:55:00;N;Empoli_Serravalle;2024;winter;SwanGoose;1
10/01/2024;3;7;30;08:57:00;N;Empoli_Serravalle;2024;winter;Mallard;1
10/01/2024;3;7;30;09:00:00;N;Empoli_Serravalle;2024;winter;Mallard;3
10/01/2024;3;7;30;09:07:00;N;Empoli_Serravalle;2024;winter;Coypu;1
10/01/2024;3;7;30;09:12:00;N;Empoli_Serravalle;2024;winter;Coypu;1
10/01/2024;3;7;30;09:14:00;N;Empoli_Serravalle;2024;winter;Coypu;1
10/01/2024;3;7;30;09:16:00;N;Empoli_Serravalle;2024;winter;Coypu;1
10/01/2024;3;7;30;09:17:00;N;Empoli_Serravalle;2024;winter;Coypu;1
10/01/2024;3;7;30;09:21:00;N;Empoli_Serravalle;2024;winter;Mallard;4
10/01/2024;3;7;30;09:33:00;N;Empoli_Serravalle;2024;winter;Mallard;4
10/01/2024;3;7;30;09:38:00;N;Empoli_Serravalle;2024;winter;Mallard;1
10/01/2024;3;7;30;09:40:00;N;Empoli_Serravalle;2024;winter;Coypu;1
10/01/2024;3;7;30;09:42:00;N;Empoli_Serravalle;2024;winter;GreyHeron;1
10/01/2024;3;7;30;09:45:00;N;Empoli_Serravalle;2024;winter;Mallard;4
10/01/2024;3;7;30;09:46:00;N;Empoli_Serravalle;2024;winter;Mallard;4
10/01/2024;3;7;30;09:48:00;N;Empoli_Serravalle;2024;winter;Mallard;1
10/01/2024;3;7;30;09:50:00;N;Empoli_Serravalle;2024;winter;Mallard;4
10/01/2024;3;7;30;15:07:00;N;Lastra2;2024;winter;DomesticDog;1
10/01/2024;3;7;30;16:24:00;N;Empoli_Serravalle;2024;winter;Coypu;1
10/01/2024;3;7;30;16:33:00;N;Empoli_Serravalle;2024;winter;Coypu;1
10/01/2024;3;7;30;16:34:00;N;Empoli_Serravalle;2024;winter;Coypu;1
10/01/2024;3;7;30;16:45:00;N;Empoli_Serravalle;2024;winter;SwanGoose;2
10/01/2024;3;7;30;17:16:00;N;Empoli_Serravalle;2024;winter;Coypu;1
10/01/2024;3;7;30;17:54:00;N;Empoli_Serravalle;2024;winter;RedFox;1
10/01/2024;3;7;30;17:58:00;N;Empoli_Serravalle;2024;winter;Coypu;1
10/01/2024;3;7;30;18:12:00;N;Empoli_Serravalle;2024;winter;GreyHeron;1
10/01/2024;3;7;30;18:56:00;N;Empoli_Serravalle;2024;winter;GreyHeron;1
10/01/2024;3;7;30;21:29:00;N;Empoli_Serravalle;2024;winter;Coypu;1
10/01/2024;3;7;30;22:05:00;N;Lastra2;2024;winter;Wildboar;3
10/01/2024;3;7;30;22:27:00;N;Empoli_Serravalle;2024;winter;Coypu;1
10/01/2024;3;7;30;22:29:00;N;Empoli_Serravalle;2024;winter;Coypu;1
11/01/2024;3;8;30;02:09:00;N;Empoli_Serravalle;2024;winter;Coypu;1
11/01/2024;3;8;30;02:11:00;N;Empoli_Serravalle;2024;winter;Coypu;1
11/01/2024;3;8;30;04:22:00;N;Compiobbi;2024;winter;Wildboar;1
11/01/2024;3;8;30;06:16:00;N;Compiobbi;2024;winter;RedFox;1
11/01/2024;3;8;30;06:53:00;N;Empoli_Serravalle;2024;winter;Coypu;1
11/01/2024;3;8;30;07:10:00;N;Empoli_Serravalle;2024;winter;GreyHeron;1
11/01/2024;3;8;30;07:57:00;N;Empoli_Serravalle;2024;winter;Mallard;4
11/01/2024;3;8;30;08:04:00;N;Empoli_Serravalle;2024;winter;Mallard;4
11/01/2024;3;8;30;08:06:00;N;Empoli_Serravalle;2024;winter;Mallard;4
11/01/2024;3;8;30;08:08:00;N;Empoli_Serravalle;2024;winter;Mallard;1
11/01/2024;3;8;30;08:25:00;N;Empoli_Serravalle;2024;winter;SwanGoose;2
11/01/2024;3;8;30;08:26:00;N;Empoli_Serravalle;2024;winter;SwanGoose;1
11/01/2024;3;8;30;08:31:00;N;Empoli_Serravalle;2024;winter;Mallard;2
11/01/2024;3;8;30;08:32:00;N;Empoli_Serravalle;2024;winter;Mallard;2
11/01/2024;3;8;30;08:34:00;N;Empoli_Serravalle;2024;winter;Mallard;2
11/01/2024;3;8;30;08:37:00;N;Empoli_Serravalle;2024;winter;Mallard;4
11/01/2024;3;8;30;08:40:00;N;Empoli_Serravalle;2024;winter;Mallard;2
11/01/2024;3;8;30;08:42:00;N;Empoli_Serravalle;2024;winter;Mallard;1
11/01/2024;3;8;30;08:49:00;N;Empoli_Serravalle;2024;winter;Mallard;4
11/01/2024;3;8;30;08:51:00;N;Empoli_Serravalle;2024;winter;Coypu;1
11/01/2024;3;8;30;09:12:00;N;Empoli_Serravalle;2024;winter;SwanGoose;2
11/01/2024;3;8;30;09:13:00;N;Empoli_Serravalle;2024;winter;Mallard;1
11/01/2024;3;8;30;09:14:00;N;Empoli_Serravalle;2024;winter;Mallard;2
11/01/2024;3;8;30;09:16:00;N;Empoli_Serravalle;2024;winter;Mallard;2
11/01/2024;3;8;30;09:33:00;N;Empoli_Serravalle;2024;winter;Mallard;2
11/01/2024;3;8;30;09:36:00;N;Empoli_Serravalle;2024;winter;Mallard;1
11/01/2024;3;8;30;09:38:00;N;Empoli_Serravalle;2024;winter;Mallard;1
11/01/2024;3;8;30;09:40:00;N;Empoli_Serravalle;2024;winter;Mallard;2
11/01/2024;3;8;30;09:43:00;N;Empoli_Serravalle;2024;winter;Mallard;2
11/01/2024;3;8;30;09:49:00;N;Empoli_Serravalle;2024;winter;SwanGoose;2
11/01/2024;3;8;30;09:51:00;N;Empoli_Serravalle;2024;winter;Coypu;1
11/01/2024;3;8;30;09:53:00;N;Empoli_Serravalle;2024;winter;Coypu;1
11/01/2024;3;8;30;09:56:00;N;Empoli_Serravalle;2024;winter;Coypu;1
11/01/2024;3;8;30;09:59:00;N;Empoli_Serravalle;2024;winter;Mallard;2
11/01/2024;3;8;30;11:24:00;N;Lastra2;2024;winter;Human;1
11/01/2024;3;8;30;14:08:00;N;Lastra2;2024;winter;Human;1
11/01/2024;3;8;30;16:01:00;N;Empoli_Serravalle;2024;winter;Mallard;4
11/01/2024;3;8;30;16:36:00;N;Empoli_Serravalle;2024;winter;Mallard;1
11/01/2024;3;8;30;16:42:00;N;Lastra2;2024;winter;Human;1
11/01/2024;3;8;30;16:44:00;N;Empoli_Serravalle;2024;winter;Coypu;1
11/01/2024;3;8;30;16:45:00;N;Lastra2;2024;winter;Human;1
11/01/2024;3;8;30;16:48:00;N;Empoli_Serravalle;2024;winter;Coypu;1
11/01/2024;3;8;30;16:50:00;N;Empoli_Serravalle;2024;winter;Coypu;1
11/01/2024;3;8;30;17:03:00;N;Empoli_Serravalle;2024;winter;Coypu;1
11/01/2024;3;8;30;17:06:00;N;Empoli_Serravalle;2024;winter;Egret;1
11/01/2024;3;8;30;17:15:00;N;Empoli_Serravalle;2024;winter;Coypu;1
11/01/2024;3;8;30;17:30:00;N;Empoli_Serravalle;2024;winter;Coypu;1
11/01/2024;3;8;30;17:34:00;N;Lastra2;2024;winter;DomesticDog;1
11/01/2024;3;8;30;17:37:00;N;Empoli_Serravalle;2024;winter;Coypu;1
11/01/2024;3;8;30;17:44:00;N;Empoli_Serravalle;2024;winter;Coypu;1
11/01/2024;3;8;30;17:50:00;N;Empoli_Serravalle;2024;winter;Mallard;4
11/01/2024;3;8;30;17:51:00;N;Empoli_Serravalle;2024;winter;Mallard;4
11/01/2024;3;8;30;17:54:00;N;Empoli_Serravalle;2024;winter;Human;2
11/01/2024;3;8;30;18:21:00;N;Empoli_Serravalle;2024;winter;Coypu;1
11/01/2024;3;8;30;18:26:00;N;Empoli_Serravalle;2024;winter;Coypu;1
11/01/2024;3;8;30;18:30:00;N;Empoli_Serravalle;2024;winter;Coypu;1
11/01/2024;3;8;30;18:44:00;N;Empoli_Serravalle;2024;winter;Coypu;1
11/01/2024;3;8;30;18:45:00;N;Empoli_Serravalle;2024;winter;RedFox;1
11/01/2024;3;8;30;19:35:00;N;Empoli_Serravalle;2024;winter;Coypu;1
11/01/2024;3;8;30;19:57:00;N;Empoli_Serravalle;2024;winter;Coypu;1
11/01/2024;3;8;30;20:08:00;N;Empoli_Serravalle;2024;winter;GreyHeron;1
11/01/2024;3;8;30;20:13:00;N;Empoli_Serravalle;2024;winter;Coypu;1
11/01/2024;3;8;30;20:22:00;N;Empoli_Serravalle;2024;winter;GreyHeron;1
11/01/2024;3;8;30;20:41:00;N;Empoli_Serravalle;2024;winter;Coypu;1
11/01/2024;3;8;30;22:05:00;N;Compiobbi;2024;winter;RedFox;1
11/01/2024;3;8;30;23:07:00;N;Empoli_Serravalle;2024;winter;Coypu;1
11/01/2024;3;8;30;23:45:00;N;Empoli_Serravalle;2024;winter;Coypu;1
12/01/2024;3;9;30;00:05:00;N;Empoli_Serravalle;2024;winter;Coypu;1
12/01/2024;3;9;30;02:27:00;N;Empoli_Serravalle;2024;winter;Coypu;1
12/01/2024;3;9;30;03:53:00;N;Empoli_Serravalle;2024;winter;Coypu;1
12/01/2024;3;9;30;04:55:00;N;Empoli_Serravalle;2024;winter;Coypu;1
12/01/2024;3;9;30;07:45:00;N;Empoli_Serravalle;2024;winter;BlackHeadedGull;1
12/01/2024;3;9;30;07:48:00;N;Empoli_Serravalle;2024;winter;Cormorant;1
12/01/2024;3;9;30;11:49:00;N;Compiobbi;2024;winter;Blackbird;1
12/01/2024;3;9;30;14:33:00;N;Lastra2;2024;winter;Human;1
12/01/2024;3;9;30;14:33:00;N;Lastra2;2024;winter;Human;1
12/01/2024;3;9;30;15:22:00;N;Lastra2;2024;winter;Human;1
13/01/2024;4;10;15;02:22:00;N;Lastra2;2024;winter;CrestedPorcupine;2
13/01/2024;4;10;15;07:23:00;N;Compiobbi;2024;winter;RedFox;1
13/01/2024;4;10;15;11:43:00;N;Lastra2;2024;winter;DomesticDog;1
13/01/2024;4;10;15;12:27:00;N;Lastra2;2024;winter;Human;1
13/01/2024;4;10;15;15:47:00;N;Lastra2;2024;winter;Human;1
13/01/2024;4;10;15;18:06;N;Sofia1;2024;winter;DomesticCat;1
13/01/2024;4;10;15;21:34:00;N;Lastra2;2024;winter;DomesticCat;2
13/01/2024;4;10;15;21:35:00;N;Lastra2;2024;winter;DomesticCat;1
13/01/2024;4;10;15;23:56:00;N;Lastra2;2024;winter;DomesticCat;1
14/01/2024;4;11;15;02:19:00;N;Lastra2;2024;winter;DomesticCat;1
14/01/2024;4;11;15;03:22:00;N;CasaDiMartino;2024;winter;EuropeanBadger;1
14/01/2024;4;11;15;05:08:00;N;Lastra2;2024;winter;DomesticCat;1
14/01/2024;4;11;15;05:28:00;N;CasaDiMartino;2024;winter;RedFox;1
14/01/2024;4;11;15;05:56:00;N;CasaDiMartino;2024;winter;EuropeanBadger;1
14/01/2024;4;11;15;05:57:00;N;CasaDiMartino;2024;winter;EuropeanBadger;1
14/01/2024;4;11;15;06:40:00;N;CasaDiMartino;2024;winter;CrestedPorcupine;1
14/01/2024;4;11;15;07:15;N;Sofia1;2024;winter;SongThrush;3
14/01/2024;4;11;15;07:16;N;Sofia1;2024;winter;SongThrush;3
14/01/2024;4;11;15;07:19;N;Sofia1;2024;winter;SongThrush;2
14/01/2024;4;11;15;08:07:00;N;Compiobbi;2024;winter;Wildboar;1
14/01/2024;4;11;15;08:59;N;Sofia1;2024;winter;DomesticCat;1
14/01/2024;4;11;15;10:43:00;N;Lastra2;2024;winter;Human;2
14/01/2024;4;11;15;10:49:00;N;Lastra2;2024;winter;RoeDeer;1
14/01/2024;4;11;15;12:08:00;N;Lastra2;2024;winter;Human;1
14/01/2024;4;11;15;12:09:00;N;Lastra2;2024;winter;Human;2
14/01/2024;4;11;15;12:37:00;N;Lastra2;2024;winter;Human;2
14/01/2024;4;11;15;21:32:00;N;Compiobbi;2024;winter;RedFox;1
15/01/2024;4;12;15;00:39:00;N;CasaDiMartino;2024;winter;DomesticCat;1
15/01/2024;4;12;15;02:01:00;N;Compiobbi;2024;winter;RedFox;1
15/01/2024;4;12;15;03:26;N;Sofia1;2024;winter;RedFox;1
15/01/2024;4;12;15;04:17:00;N;Compiobbi;2024;winter;RedFox;1
15/01/2024;4;12;15;05:23;N;Sofia1;2024;winter;RedFox;1
15/01/2024;4;12;15;07:26;N;Sofia1;2024;winter;SongThrush;1
15/01/2024;4;12;15;07:31;N;Sofia1;2024;winter;SongThrush;4
15/01/2024;4;12;15;07:32;N;Sofia1;2024;winter;SongThrush;4
15/01/2024;4;12;15;08:42;N;Sofia1;2024;winter;DomesticCat;1
15/01/2024;4;12;15;09:41;N;Sofia1;2024;winter;DomesticCat;1
15/01/2024;4;12;15;17:11;N;Sofia1;2024;winter;DomesticCat;2
15/01/2024;4;12;15;17:18;N;Sofia1;2024;winter;DomesticCat;1
15/01/2024;4;12;15;17:41;N;Sofia1;2024;winter;DomesticCat;1
15/01/2024;4;12;15;19:28;N;Sofia1;2024;winter;DomesticCat;1
15/01/2024;4;12;15;19:28:00;N;Lastra2;2024;winter;DomesticCat;1
15/01/2024;4;12;15;23:03:00;N;CasaDiMartino;2024;winter;CrestedPorcupine;3
15/01/2024;4;12;15;23:03:00;N;CasaDiMartino;2024;winter;CrestedPorcupine;3
15/01/2024;4;12;15;23:36:00;N;CasaDiMartino;2024;winter;CrestedPorcupine;1
15/01/2024;4;12;15;23:40:00;N;CasaDiMartino;2024;winter;CrestedPorcupine;3
15/01/2024;4;12;15;23:43;N;Sofia1;2024;winter;DomesticCat;1
16/01/2024;4;13;20;04:15;N;Sofia1;2024;winter;DomesticCat;1
16/01/2024;4;13;20;06:17;N;Sofia1;2024;winter;DomesticCat;1
16/01/2024;4;13;20;06:32;N;Sofia1;2024;winter;DomesticCat;1
16/01/2024;4;13;20;07:17;N;Sofia1;2024;winter;SongThrush;2
16/01/2024;4;13;20;07:18;N;Sofia1;2024;winter;SongThrush;2
16/01/2024;4;13;20;22:44:00;N;CasaDiMartino;2024;winter;DomesticCat;1
16/01/2024;4;13;20;22:54:00;N;CasaDiMartino;2024;winter;DomesticCat;1
17/01/2024;4;14;20;17:46;N;Sofia1;2024;winter;DomesticCat;1
17/01/2024;4;14;20;18:36;N;Sofia1;2024;winter;DomesticCat;1
17/01/2024;4;14;20;18:38;N;Sofia1;2024;winter;DomesticCat;1
17/01/2024;4;14;20;20:21;N;Sofia1;2024;winter;DomesticCat;1
17/01/2024;4;14;20;23:43:00;N;Compiobbi;2024;winter;RedFox;1
18/01/2024;4;15;20;00:29;N;Sofia1;2024;winter;FallowDeer;1
18/01/2024;4;15;20;00:36;N;Sofia1;2024;winter;FallowDeer;2
18/01/2024;4;15;20;00:37;N;Sofia1;2024;winter;FallowDeer;2
18/01/2024;4;15;20;00:38;N;Sofia1;2024;winter;FallowDeer;2
18/01/2024;4;15;20;00:46:00;N;Lastra1;2024;winter;RedFox;1
18/01/2024;4;15;20;01:10:00;N;Lastra1;2024;winter;CrestedPorcupine;1
18/01/2024;4;15;20;01:10:00;N;Lastra1;2024;winter;CrestedPorcupine;1
18/01/2024;4;15;20;01:23:00;N;Lastra1;2024;winter;DomesticCat;1
18/01/2024;4;15;20;02:24;N;Sofia1;2024;winter;FallowDeer;2
18/01/2024;4;15;20;02:41;N;Sofia1;2024;winter;FallowDeer;2
18/01/2024;4;15;20;02:43;N;Sofia1;2024;winter;FallowDeer;2
18/01/2024;4;15;20;02:45;N;Sofia1;2024;winter;FallowDeer;2
18/01/2024;4;15;20;02:50;N;Sofia1;2024;winter;FallowDeer;1
18/01/2024;4;15;20;02:51:00;N;Fonte Mezzina;2024;winter;Wildboar;2
18/01/2024;4;15;20;02:52;N;Sofia1;2024;winter;FallowDeer;1
18/01/2024;4;15;20;03:17:00;N;CasaDiMartino;2024;winter;DomesticCat;1
18/01/2024;4;15;20;03:23;N;Sofia1;2024;winter;FallowDeer;1
18/01/2024;4;15;20;09:45;N;Sofia1;2024;winter;DomesticCat;1
18/01/2024;4;15;20;11:45:00;N;Lastra1;2024;winter;DomesticCat;1
18/01/2024;4;15;20;11:50:00;N;Lastra1;2024;winter;DomesticCat;1
18/01/2024;4;15;20;12:08:00;N;Lastra1;2024;winter;DomesticCat;1
18/01/2024;4;15;20;12:16:00;N;Lastra1;2024;winter;DomesticCat;1
18/01/2024;4;15;20;13:46;N;Sofia1;2024;winter;DomesticCat;1
18/01/2024;4;15;20;15:09:00;N;Lastra1;2024;winter;DomesticCat;1
18/01/2024;4;15;20;17:37:00;N;Lastra1;2024;winter;DomesticCat;1
18/01/2024;4;15;20;17:46:00;N;Lastra1;2024;winter;DomesticCat;1
18/01/2024;4;15;20;17:53:00;N;Compiobbi;2024;winter;DomesticCat;1
18/01/2024;4;15;20;17:53:00;N;Neto;2024;winter;DomesticCat;1
18/01/2024;4;15;20;19:40:00;N;Lastra2;2024;winter;DomesticCat;1
18/01/2024;4;15;20;19:41:00;N;Lastra2;2024;winter;DomesticCat;1
18/01/2024;4;15;20;19:45:00;N;Fonte Mezzina;2024;winter;Wildboar;2
18/01/2024;4;15;20;21:24:00;N;Fonte Mezzina;2024;winter;Wildboar;1
18/01/2024;4;15;20;21:33:00;N;CasaDiMartino;2024;winter;CrestedPorcupine;1
18/01/2024;4;15;20;21:45:00;N;CasaDiMartino;2024;winter;CrestedPorcupine;1
18/01/2024;4;15;20;21:55:00;N;Fonte Mezzina;2024;winter;Wildboar;1
18/01/2024;4;15;20;22:59:00;N;CasaDiMartino;2024;winter;RedFox;1
18/01/2024;4;15;20;23:00:00;N;CasaDiMartino;2024;winter;RedFox;1
18/01/2024;4;15;20;23:30:00;N;Lastra1;2024;winter;DomesticCat;1
19/01/2024;4;16;20;00:03:00;N;CasaDiMartino;2024;winter;CrestedPorcupine;1
19/01/2024;4;16;20;00:04:00;N;CasaDiMartino;2024;winter;CrestedPorcupine;1
19/01/2024;4;16;20;00:04:00;N;Lastra2;2024;winter;EasternCottontail;1
19/01/2024;4;16;20;00:56:00;N;Fonte Mezzina;2024;winter;Wildboar;1
19/01/2024;4;16;20;00:58;N;Sofia1;2024;winter;FallowDeer;5
19/01/2024;4;16;20;00:59;N;Sofia1;2024;winter;FallowDeer;3
19/01/2024;4;16;20;01:35:00;N;Empoli_Serravalle;2024;winter;Coypu;1
19/01/2024;4;16;20;02:35;N;Sofia1;2024;winter;FallowDeer;3
19/01/2024;4;16;20;02:37;N;Sofia1;2024;winter;FallowDeer;3
19/01/2024;4;16;20;02:45;N;Sofia1;2024;winter;FallowDeer;1
19/01/2024;4;16;20;02:47:00;N;CasaDiMartino;2024;winter;RedFox;1
19/01/2024;4;16;20;03:41:00;N;Compiobbi;2024;winter;Wildboar;1
19/01/2024;4;16;20;04:24:00;N;Lastra1;2024;winter;RedFox;1
19/01/2024;4;16;20;06:13:00;N;Empoli_Serravalle;2024;winter;Coypu;2
19/01/2024;4;16;20;06:35:00;N;Lastra1;2024;winter;DomesticCat;1
19/01/2024;4;16;20;07:51:00;N;Lastra1;2024;winter;RedFox;1
19/01/2024;4;16;20;07:58:00;N;Lastra1;2024;winter;DomesticCat;1
19/01/2024;4;16;20;12:42:00;N;Lastra1;2024;winter;DomesticCat;1
19/01/2024;4;16;20;15:15:00;N;Lastra2;2024;winter;DomesticDog;1
19/01/2024;4;16;20;15:29:00;N;Lastra2;2024;winter;DomesticDog;1
19/01/2024;4;16;20;16:02:00;N;Empoli_Serravalle;2024;winter;Coypu;2
19/01/2024;4;16;20;16:02:00;N;Empoli_Serravalle;2024;winter;Coypu;1
19/01/2024;4;16;20;16:02:00;N;Empoli_Serravalle;2024;winter;Coypu;1
19/01/2024;4;16;20;16:44:00;N;Empoli_Serravalle;2024;winter;Coypu;1
19/01/2024;4;16;20;19:40:00;N;Lastra1;2024;winter;DomesticCat;1
19/01/2024;4;16;20;22:02:00;N;Lastra1;2024;winter;Wildboar;1
19/01/2024;4;16;20;22:20:00;N;CasaDiMartino;2024;winter;Human;2
19/01/2024;4;16;20;22:24;N;Sofia1;2024;winter;FallowDeer;1
19/01/2024;4;16;20;22:31;N;Sofia1;2024;winter;FallowDeer;1
19/01/2024;4;16;20;22:43:00;N;CasaDiMartino;2024;winter;Human;1
19/01/2024;4;16;20;22:46:00;N;CasaDiMartino;2024;winter;Human;2
19/01/2024;4;16;20;23:01:00;N;Lastra1;2024;winter;RedFox;1
20/01/2024;3;17;20;00:16:00;N;CasaDiMartino;2024;winter;Human;2
20/01/2024;3;17;20;01:46:00;N;Lastra1;2024;winter;RedFox;1
20/01/2024;3;17;20;04:37:00;N;Compiobbi;2024;winter;RedFox;1
20/01/2024;3;17;20;05:50:00;N;Lastra1;2024;winter;RedFox;1
20/01/2024;3;17;20;08:01:00;N;Compiobbi;2024;winter;Wildboar;1
20/01/2024;3;17;20;08:34:00;N;Lastra2;2024;winter;DomesticDog;1
20/01/2024;3;17;20;11:28:00;N;Lastra1;2024;winter;DomesticCat;1
20/01/2024;3;17;20;11:37:00;N;Lastra1;2024;winter;DomesticCat;1
20/01/2024;3;17;20;13:24:00;N;Lastra1;2024;winter;DomesticCat;1
20/01/2024;3;17;20;13:50:00;N;Compiobbi;2024;winter;SongThrush;1
20/01/2024;3;17;20;18:27:00;N;Lastra1;2024;winter;DomesticCat;1
20/01/2024;3;17;20;18:47:00;N;CasaDiMartino;2024;winter;DomesticCat;1
20/01/2024;3;17;20;18:59:00;N;Lastra1;2024;winter;RedFox;1
20/01/2024;3;17;20;19:06:00;N;Lastra1;2024;winter;RedFox;1
20/01/2024;3;17;20;21:08:00;N;Lastra1;2024;winter;RedFox;1
21/01/2024;3;18;50;01:02:00;N;Fonte Mezzina;2024;winter;Wildboar;1
21/01/2024;3;18;50;01:33:00;N;CasaDiMartino;2024;winter;DomesticCat;1
21/01/2024;3;18;50;02:04:00;N;Compiobbi;2024;winter;Wildboar;1
21/01/2024;3;18;50;03:32:00;N;CasaDiMartino;2024;winter;RedFox;1
21/01/2024;3;18;50;10:36:00;N;Lastra1;2024;winter;DomesticCat;1
21/01/2024;3;18;50;16:13:00;N;Compiobbi;2024;winter;SongThrush;1
21/01/2024;3;18;50;20:15:00;N;CasaDiMartino;2024;winter;CrestedPorcupine;1
21/01/2024;3;18;50;20:16:00;N;CasaDiMartino;2024;winter;CrestedPorcupine;1
21/01/2024;3;18;50;20:16:00;N;CasaDiMartino;2024;winter;CrestedPorcupine;1
21/01/2024;3;18;50;21:49:00;N;CasaDiMartino;2024;winter;CrestedPorcupine;1
22/01/2024;3;19;50;00:38:00;N;CasaDiMartino;2024;winter;CrestedPorcupine;5
22/01/2024;3;19;50;00:39:00;N;CasaDiMartino;2024;winter;CrestedPorcupine;5
22/01/2024;3;19;50;01:01:00;N;CasaDiMartino;2024;winter;CrestedPorcupine;1
22/01/2024;3;19;50;01:08:00;N;Lastra1;2024;winter;RedFox;1
22/01/2024;3;19;50;01:38:00;N;CasaDiMartino;2024;winter;CrestedPorcupine;3
22/01/2024;3;19;50;01:38:00;N;CasaDiMartino;2024;winter;CrestedPorcupine;3
22/01/2024;3;19;50;01:39:00;N;CasaDiMartino;2024;winter;CrestedPorcupine;3
22/01/2024;3;19;50;01:40:00;N;CasaDiMartino;2024;winter;CrestedPorcupine;1
22/01/2024;3;19;50;01:41:00;N;CasaDiMartino;2024;winter;CrestedPorcupine;1
22/01/2024;3;19;50;02:52:00;N;Fonte Mezzina;2024;winter;Wildboar;1
22/01/2024;3;19;50;03:59:00;N;Empoli_Serravalle;2024;winter;Coypu;2
22/01/2024;3;19;50;04:09:00;N;CasaDiMartino;2024;winter;EuropeanBadger;1
22/01/2024;3;19;50;04:30:00;N;CasaDiMartino;2024;winter;CrestedPorcupine;1
22/01/2024;3;19;50;05:05:00;N;CasaDiMartino;2024;winter;CrestedPorcupine;1
22/01/2024;3;19;50;05:07:00;N;Lastra1;2024;winter;RedFox;1
22/01/2024;3;19;50;05:59:00;N;CasaDiMartino;2024;winter;CrestedPorcupine;1
22/01/2024;3;19;50;06:00:00;N;CasaDiMartino;2024;winter;CrestedPorcupine;1
22/01/2024;3;19;50;06:57:00;N;Lastra1;2024;winter;DomesticCat;1
22/01/2024;3;19;50;07:54:00;N;Empoli_Serravalle;2024;winter;Coypu;1
22/01/2024;3;19;50;08:49:00;N;Empoli_Serravalle;2024;winter;Coypu;1
22/01/2024;3;19;50;08:53:00;N;Empoli_Serravalle;2024;winter;Coypu;2
22/01/2024;3;19;50;08:53:00;N;Empoli_Serravalle;2024;winter;Coypu;1
22/01/2024;3;19;50;08:53:00;N;Empoli_Serravalle;2024;winter;Coypu;1
22/01/2024;3;19;50;10:09:00;N;Lastra1;2024;winter;DomesticCat;1
22/01/2024;3;19;50;14:50:00;N;Compiobbi;2024;winter;Blackbird;1
22/01/2024;3;19;50;17:49:00;N;Lastra1;2024;winter;DomesticCat;1
22/01/2024;3;19;50;20:02:00;N;Lastra1;2024;winter;DomesticCat;1
22/01/2024;3;19;50;22:23:00;N;Fonte Mezzina;2024;winter;FallowDeer;1
23/01/2024;3;20;50;00:39:00;N;Fonte Mezzina;2024;winter;Wildboar;1
23/01/2024;3;20;50;01:07:00;N;Compiobbi;2024;winter;Wildboar;1
23/01/2024;3;20;50;01:09:00;N;Compiobbi;2024;winter;Wildboar;1
23/01/2024;3;20;50;01:09:00;N;Compiobbi;2024;winter;Wildboar;1
23/01/2024;3;20;50;01:10:00;N;Compiobbi;2024;winter;Wildboar;1
23/01/2024;3;20;50;02:12:00;N;Compiobbi;2024;winter;Wildboar;1
23/01/2024;3;20;50;02:26:00;N;Compiobbi;2024;winter;Wildboar;1
23/01/2024;3;20;50;02:30:00;N;Lastra1;2024;winter;Wildboar;1
23/01/2024;3;20;50;02:31:00;N;Lastra1;2024;winter;Wildboar;3
23/01/2024;3;20;50;02:31:00;N;Lastra1;2024;winter;Wildboar;1
23/01/2024;3;20;50;02:32:00;N;Lastra1;2024;winter;Wildboar;1
23/01/2024;3;20;50;05:44:00;N;Lastra1;2024;winter;DomesticCat;1
23/01/2024;3;20;50;10:47:00;N;Neto;2024;winter;DomesticCat;1
23/01/2024;3;20;50;14:05:00;N;Lastra1;2024;winter;DomesticCat;1
23/01/2024;3;20;50;18:36:00;N;Lastra1;2024;winter;DomesticCat;1
23/01/2024;3;20;50;18:42:00;N;Lastra1;2024;winter;DomesticCat;1
23/01/2024;3;20;50;21:47:00;N;Compiobbi;2024;winter;WildCat;1
24/01/2024;2;21;50;00:05:00;N;Lastra1;2024;winter;RedFox;1
24/01/2024;2;21;50;00:32:00;N;Compiobbi;2024;winter;RedFox;1
24/01/2024;2;21;50;00:49:00;N;Lastra1;2024;winter;DomesticCat;1
24/01/2024;2;21;50;01:00:00;N;Lastra2;2024;winter;EuropeanHare;1
24/01/2024;2;21;50;01:44:00;N;Lastra1;2024;winter;Wildboar;2
24/01/2024;2;21;50;02:47:00;N;Lastra1;2024;winter;RedFox;1
24/01/2024;2;21;50;02:47:00;N;Lastra1;2024;winter;Wildboar;1
24/01/2024;2;21;50;02:47:00;N;Lastra1;2024;winter;Wildboar;2
24/01/2024;2;21;50;03:42:00;N;Lastra2;2024;winter;Wildboar;1
24/01/2024;2;21;50;03:43:00;N;Lastra2;2024;winter;Wildboar;1
24/01/2024;2;21;50;03:45:00;N;Lastra2;2024;winter;Wildboar;1
24/01/2024;2;21;50;03:47:00;N;Lastra2;2024;winter;Wildboar;1
24/01/2024;2;21;50;04:30:00;N;Fonte Mezzina;2024;winter;Wildboar;1
24/01/2024;2;21;50;04:43:00;N;Lastra1;2024;winter;DomesticCat;1
24/01/2024;2;21;50;04:43:00;N;Lastra1;2024;winter;CrestedPorcupine;3
24/01/2024;2;21;50;05:44:00;N;Lastra1;2024;winter;CrestedPorcupine;2
24/01/2024;2;21;50;06:10:00;N;Lastra1;2024;winter;DomesticCat;1
24/01/2024;2;21;50;06:19:00;N;Lastra1;2024;winter;DomesticCat;1
24/01/2024;2;21;50;08:13:00;N;CasaDiMartino;2024;winter;Human;3
24/01/2024;2;21;50;08:58:00;N;CasaDiMartino;2024;winter;Human;2
24/01/2024;2;21;50;14:45:00;N;Lastra1;2024;winter;DomesticCat;1
24/01/2024;2;21;50;19:59:00;N;Lastra1;2024;winter;DomesticCat;1
24/01/2024;2;21;50;20:16:00;N;Lastra1;2024;winter;RedFox;1
24/01/2024;2;21;50;21:22:00;N;Lastra2;2024;winter;EuropeanHare;1
24/01/2024;2;21;50;21:32:00;N;Lastra1;2024;winter;DomesticCat;1
24/01/2024;2;21;50;23:32:00;N;Fonte Mezzina;2024;winter;Wildboar;1
25/01/2024;2;22;5;00:20:00;N;Lastra1;2024;winter;RedFox;1
25/01/2024;2;22;5;00:32:00;N;CasaDiMartino;2024;winter;CrestedPorcupine;1
25/01/2024;2;22;5;01:14:00;N;CasaDiMartino;2024;winter;CrestedPorcupine;4
25/01/2024;2;22;5;01:16:00;N;CasaDiMartino;2024;winter;CrestedPorcupine;4
25/01/2024;2;22;5;01:37:00;N;Fonte Mezzina;2024;winter;FallowDeer;1
25/01/2024;2;22;5;02:00:00;N;Compiobbi;2024;winter;Wildboar;1
25/01/2024;2;22;5;02:19:00;N;Lastra1;2024;winter;RedFox;1
25/01/2024;2;22;5;02:20:00;N;Lastra1;2024;winter;RedFox;1
25/01/2024;2;22;5;03:24:00;N;Compiobbi;2024;winter;Wildboar;1
25/01/2024;2;22;5;03:24:00;N;Compiobbi;2024;winter;Wildboar;1
25/01/2024;2;22;5;03:25:00;N;Compiobbi;2024;winter;Wildboar;1
25/01/2024;2;22;5;08:53:00;N;Empoli_Serravalle;2024;winter;Coypu;2
25/01/2024;2;22;5;08:53:00;N;Empoli_Serravalle;2024;winter;Coypu;1
25/01/2024;2;22;5;08:55:00;N;Empoli_Serravalle;2024;winter;Coypu;2
25/01/2024;2;22;5;08:58:00;N;Empoli_Serravalle;2024;winter;Coypu;1
25/01/2024;2;22;5;09:04:00;N;Empoli_Serravalle;2024;winter;Coypu;2
25/01/2024;2;22;5;12:01:00;N;Lastra1;2024;winter;DomesticCat;1
25/01/2024;2;22;5;13:37:00;N;Lastra1;2024;winter;GreenWoodpecker;1
25/01/2024;2;22;5;16:15:00;N;Empoli_Serravalle;2024;winter;Coypu;1
25/01/2024;2;22;5;16:16:00;N;Empoli_Serravalle;2024;winter;Coypu;2
25/01/2024;2;22;5;16:33:00;N;Lastra1;2024;winter;DomesticCat;1
25/01/2024;2;22;5;18:38:00;N;Lastra1;2024;winter;RedFox;1
25/01/2024;2;22;5;18:51:00;N;Lastra1;2024;winter;RedFox;1
25/01/2024;2;22;5;19:36:00;N;Lastra1;2024;winter;DomesticCat;1
25/01/2024;2;22;5;19:42:00;N;Lastra1;2024;winter;DomesticCat;1
25/01/2024;2;22;5;20:11:00;N;Lastra1;2024;winter;RedFox;1
25/01/2024;2;22;5;20:29:00;N;Fonte Mezzina;2024;winter;Wildboar;1
25/01/2024;2;22;5;22:42:00;N;Lastra1;2024;winter;RedFox;1
25/01/2024;2;22;5;22:44:00;N;CasaDiMartino;2024;winter;CrestedPorcupine;1
25/01/2024;2;22;5;22:53:00;N;Lastra1;2024;winter;RedFox;1
25/01/2024;2;22;5;23:52:00;N;Lastra2;2024;winter;RedFox;1
26/01/2024;2;23;5;01:55:00;N;Fonte Mezzina;2024;winter;DomesticCat;1
26/01/2024;2;23;5;02:22:00;N;Lastra2;2024;winter;RedFox;1
26/01/2024;2;23;5;02:54:00;N;Fonte Mezzina;2024;winter;Wildboar;1
26/01/2024;2;23;5;11:48:00;N;Lastra2;2024;winter;DomesticDog;1
26/01/2024;2;23;5;12:40:00;N;Lastra2;2024;winter;DomesticDog;1
26/01/2024;2;23;5;12:53:00;N;Lastra2;2024;winter;DomesticDog;1
26/01/2024;2;23;5;15:36:00;N;Lastra2;2024;winter;DomesticDog;1
26/01/2024;2;23;5;16:16:00;N;Empoli_Serravalle;2024;winter;Coypu;1
26/01/2024;2;23;5;18:57:00;N;Lastra2;2024;winter;DomesticCat;1
26/01/2024;2;23;5;18:58:00;N;Lastra2;2024;winter;DomesticCat;1
26/01/2024;2;23;5;18:58:00;N;Lastra2;2024;winter;DomesticCat;1
26/01/2024;2;23;5;20:28:00;N;CasaDiMartino;2024;winter;CrestedPorcupine;1
26/01/2024;2;23;5;20:36:00;N;CasaDiMartino;2024;winter;CrestedPorcupine;1
26/01/2024;2;23;5;20:36:00;N;CasaDiMartino;2024;winter;DomesticDog;1
27/01/2024;2;24;5;01:58:00;N;CasaDiMartino;2024;winter;CrestedPorcupine;1
27/01/2024;2;24;5;02:32:00;N;CasaDiMartino;2024;winter;CrestedPorcupine;1
27/01/2024;2;24;5;02:33:00;N;CasaDiMartino;2024;winter;CrestedPorcupine;1
27/01/2024;2;24;5;04:27:00;N;CasaDiMartino;2024;winter;CrestedPorcupine;1
27/01/2024;2;24;5;05:57:00;N;CasaDiMartino;2024;winter;RedFox;1
27/01/2024;2;24;5;07:11:00;N;Lastra2;2024;winter;RedFox;1
27/01/2024;2;24;5;16:18:00;N;Empoli_Serravalle;2024;winter;Coypu;1
27/01/2024;2;24;5;16:20:00;N;Empoli_Serravalle;2024;winter;Coypu;2
27/01/2024;2;24;5;16:40:00;N;Empoli_Serravalle;2024;winter;Shelduck;1
27/01/2024;2;24;5;17:00:00;N;Empoli_Serravalle;2024;winter;Shelduck;1
27/01/2024;2;24;5;17:05:00;N;Empoli_Serravalle;2024;winter;Coypu;1
27/01/2024;2;24;5;17:10:00;N;Empoli_Serravalle;2024;winter;Shelduck;1
27/01/2024;2;24;5;17:19:00;N;Empoli_Serravalle;2024;winter;Shelduck;1
27/01/2024;2;24;5;17:29:00;N;Empoli_Serravalle;2024;winter;Shelduck;1
27/01/2024;2;24;5;17:34:00;N;Empoli_Serravalle;2024;winter;Coypu;1
27/01/2024;2;24;5;17:34:00;N;Empoli_Serravalle;2024;winter;Coypu;2
27/01/2024;2;24;5;17:34:00;N;Empoli_Serravalle;2024;winter;Coypu;2
27/01/2024;2;24;5;17:40:00;N;Empoli_Serravalle;2024;winter;Coypu;1
27/01/2024;2;24;5;17:46:00;N;Empoli_Serravalle;2024;winter;Coypu;2
27/01/2024;2;24;5;17:49:00;N;Empoli_Serravalle;2024;winter;Coypu;3
27/01/2024;2;24;5;17:49:00;N;Empoli_Serravalle;2024;winter;Coypu;1
27/01/2024;2;24;5;17:53:00;N;Empoli_Serravalle;2024;winter;Coypu;3
27/01/2024;2;24;5;18:17:00;N;Lastra2;2024;winter;DomesticDog;1
27/01/2024;2;24;5;19:56:00;N;CasaDiMartino;2024;winter;CrestedPorcupine;1
27/01/2024;2;24;5;22:31:00;N;CasaDiMartino;2024;winter;CrestedPorcupine;1
27/01/2024;2;24;5;22:31:00;N;CasaDiMartino;2024;winter;CrestedPorcupine;1
27/01/2024;2;24;5;23:59:00;N;Lastra1;2024;winter;DomesticDog;1
28/01/2024;2;25;100;02:31:00;N;Lastra2;2024;winter;DomesticCat;1
28/01/2024;2;25;100;16:44:00;N;Empoli_Serravalle;2024;winter;Shelduck;1
28/01/2024;2;25;100;17:01:00;N;Empoli_Serravalle;2024;winter;Shelduck;1
28/01/2024;2;25;100;17:12:00;N;Empoli_Serravalle;2024;winter;Shelduck;1
28/01/2024;2;25;100;17:22:00;N;Empoli_Serravalle;2024;winter;Egret;1
28/01/2024;2;25;100;17:32:00;N;Empoli_Serravalle;2024;winter;BlackHeadedGull;1
28/01/2024;2;25;100;20:23:00;N;CasaDiMartino;2024;winter;CrestedPorcupine;1
28/01/2024;2;25;100;20:25:00;N;CasaDiMartino;2024;winter;CrestedPorcupine;4
28/01/2024;2;25;100;20:26:00;N;CasaDiMartino;2024;winter;CrestedPorcupine;3
28/01/2024;2;25;100;20:28:00;N;CasaDiMartino;2024;winter;CrestedPorcupine;2
28/01/2024;2;25;100;20:29:00;N;CasaDiMartino;2024;winter;CrestedPorcupine;2
28/01/2024;2;25;100;20:33:00;N;CasaDiMartino;2024;winter;CrestedPorcupine;2
28/01/2024;2;25;100;21:04:00;N;CasaDiMartino;2024;winter;CrestedPorcupine;1
28/01/2024;2;25;100;22:04:00;N;Lastra2;2024;winter;RedFox;1
28/01/2024;2;25;100;22:08:00;N;CasaDiMartino;2024;winter;CrestedPorcupine;1
29/01/2024;1;26;100;00:38:00;N;CasaDiMartino;2024;winter;CrestedPorcupine;2
29/01/2024;1;26;100;00:50:00;N;Lastra2;2024;winter;DomesticCat;1
29/01/2024;1;26;100;01:40:00;N;Lastra2;2024;winter;RedFox;1
29/01/2024;1;26;100;03:11:00;N;CasaDiMartino;2024;winter;CrestedPorcupine;4
29/01/2024;1;26;100;04:52:00;N;CasaDiMartino;2024;winter;EuropeanBadger;1
29/01/2024;1;26;100;06:50:00;N;Lastra2;2024;winter;RedFox;1
29/01/2024;1;26;100;13:01:00;N;Lastra2;2024;winter;DomesticCat;1
29/01/2024;1;26;100;16:49:00;N;Empoli_Serravalle;2024;winter;Shelduck;1
29/01/2024;1;26;100;17:03:00;N;Empoli_Serravalle;2024;winter;Shelduck;1
29/01/2024;1;26;100;17:17:00;N;Empoli_Serravalle;2024;winter;Mallard;1
29/01/2024;1;26;100;17:23:00;N;Empoli_Serravalle;2024;winter;Shelduck;1
29/01/2024;1;26;100;17:54:00;N;Empoli_Serravalle;2024;winter;Shelduck;1
29/01/2024;1;26;100;17:55:00;N;Empoli_Serravalle;2024;winter;Coypu;1
29/01/2024;1;26;100;17:56:00;N;Empoli_Serravalle;2024;winter;Coypu;3
29/01/2024;1;26;100;17:56:00;N;Empoli_Serravalle;2024;winter;Coypu;3
29/01/2024;1;26;100;17:57:00;N;Empoli_Serravalle;2024;winter;Coypu;1
29/01/2024;1;26;100;17:57:00;N;Empoli_Serravalle;2024;winter;Coypu;1
29/01/2024;1;26;100;18:00:00;N;Empoli_Serravalle;2024;winter;Coypu;3
29/01/2024;1;26;100;18:00:00;N;Empoli_Serravalle;2024;winter;Coypu;3
29/01/2024;1;26;100;18:59:00;N;Neto;2024;winter;DomesticCat;1
29/01/2024;1;26;100;19:36:00;N;CasaDiMartino;2024;winter;DomesticCat;1
29/01/2024;1;26;100;19:50:00;N;CasaDiMartino;2024;winter;CrestedPorcupine;1
29/01/2024;1;26;100;19:57:00;N;CasaDiMartino;2024;winter;DomesticCat;1
29/01/2024;1;26;100;20:21:00;N;Lastra2;2024;winter;Wildboar;1
30/01/2024;1;27;100;06:59:00;N;Impruneta;2024;winter;EuropeanHare;1
30/01/2024;1;27;100;08:49:00;N;Fonte Mezzina;2024;winter;FallowDeer;1
30/01/2024;1;27;100;16:52:00;N;Empoli_Serravalle;2024;winter;Shelduck;1
30/01/2024;1;27;100;17:05:00;N;Empoli_Serravalle;2024;winter;Mallard;1
30/01/2024;1;27;100;17:18:00;N;Empoli_Serravalle;2024;winter;Shelduck;1
30/01/2024;1;27;100;17:25:00;N;Empoli_Serravalle;2024;winter;GreyHeron;1
30/01/2024;1;27;100;17:26:00;N;Neto;2024;winter;EurasianMagpie;1
30/01/2024;1;27;100;17:26:00;N;Neto;2024;winter;RedSquirrel;1
30/01/2024;1;27;100;17:26:00;N;Neto;2024;winter;Human;2
30/01/2024;1;27;100;17:53:00;N;Empoli_Serravalle;2024;winter;MuscovyDuck;1
30/01/2024;1;27;100;18:02:00;N;Empoli_Serravalle;2024;winter;Coypu;1
30/01/2024;1;27;100;18:02:00;N;Empoli_Serravalle;2024;winter;Coypu;3
30/01/2024;1;27;100;18:04:00;N;Empoli_Serravalle;2024;winter;Coypu;1
30/01/2024;1;27;100;18:05:00;N;Empoli_Serravalle;2024;winter;Coypu;1
30/01/2024;1;27;100;22:02:00;N;CasaDiMartino;2024;winter;EuropeanBadger;1
31/01/2024;1;28;100;00:02:00;N;CasaDiMartino;2024;winter;EuropeanBadger;1
31/01/2024;1;28;100;00:38:00;N;CasaDiMartino;2024;winter;CrestedPorcupine;1
31/01/2024;1;28;100;02:03:00;N;Impruneta;2024;winter;EuropeanHare;1
31/01/2024;1;28;100;05:41:00;N;CasaDiMartino;2024;winter;CrestedPorcupine;1
31/01/2024;1;28;100;05:42:00;N;Impruneta;2024;winter;RedFox;1
31/01/2024;1;28;100;05:43:00;N;CasaDiMartino;2024;winter;CrestedPorcupine;1
31/01/2024;1;28;100;06:25:00;N;Impruneta;2024;winter;EuropeanHare;1
31/01/2024;1;28;100;11:57:00;N;CasaDiMartino;2024;winter;DomesticCat;1
31/01/2024;1;28;100;13:39:00;N;Impruneta;2024;winter;Human;1
31/01/2024;1;28;100;18:08:00;N;Empoli_Serravalle;2024;winter;Coypu;1
31/01/2024;1;28;100;18:09:00;N;Empoli_Serravalle;2024;winter;Coypu;1
31/01/2024;1;28;100;18:09:00;N;Empoli_Serravalle;2024;winter;Coypu;1
31/01/2024;1;28;100;22:30:00;N;CasaDiMartino;2024;winter;EuropeanBadger;1
31/01/2024;1;28;100;23:07:00;N;CasaDiMartino;2024;winter;EuropeanBadger;1
01/02/2024;1;29;100;18:11:00;N;Empoli_Serravalle;2024;winter;Coypu;1
01/02/2024;1;29;100;18:34:00;N;Empoli_Serravalle;2024;winter;Coypu;1
01/02/2024;1;29;100;18:39:00;N;Empoli_Serravalle;2024;winter;Coypu;1
02/02/2024;1;1;100;19:04:00;N;Empoli_Serravalle;2024;winter;Coypu;1
03/02/2024;1;2;100;19:41:00;N;Empoli_Serravalle;2024;winter;Coypu;1
04/02/2024;1;3;90;20:37:00;N;Empoli_Serravalle;2024;winter;Coypu;1
05/02/2024;2;4;90;20:41:00;N;Empoli_Serravalle;2024;winter;Coypu;1
05/02/2024;2;4;90;21:36:00;N;Empoli_Serravalle;2024;winter;Coypu;1
01/06/2023;4;13;10;08:20:00;D;Osmannoro;2023;spring;Human;2
01/06/2023;4;13;5;09:36:00;D;Osmannoro;2023;spring;Human;2
01/06/2023;4;13;5;09:44:00;D;Osmannoro;2023;spring;Human;2
01/06/2023;4;13;5;09:44:00;D;Osmannoro;2023;spring;Human;2
01/06/2023;4;13;5;09:44:00;D;TorrinoSantarosa;2023;spring;AegyptianGoose;2
01/06/2023;4;13;5;09:44:00;D;TorrinoSantarosa;2023;spring;AegyptianGoose;2
01/06/2023;4;13;5;11:35:00;D;Osmannoro;2023;spring;Human;2
01/06/2023;4;13;5;11:35:00;D;Osmannoro;2023;spring;Human;2
01/06/2023;4;13;5;12:27:00;D;Osmannoro;2023;spring;Human;2
01/06/2023;4;13;5;14:33:00;D;Osmannoro;2023;spring;Human;1
01/06/2023;4;13;5;17:03:00;D;Osmannoro;2023;spring;Human;1
01/06/2023;4;13;5;17:03:00;D;Osmannoro;2023;spring;Human;1
01/06/2023;4;13;5;08:00:00;D;Empoli_Serravalle;2023;spring;Coypu;1
01/06/2023;4;13;5;08:03:00;D;Empoli_Serravalle;2023;spring;Coypu;4
01/06/2023;4;13;5;08:04:00;D;Empoli_Serravalle;2023;spring;Coypu;2
01/06/2023;4;13;5;08:04:00;D;Empoli_Serravalle;2023;spring;Coypu;1
01/06/2023;4;13;5;08:05:00;D;Empoli_Serravalle;2023;spring;Coypu;1
01/06/2023;4;13;5;08:18:00;D;Empoli_Serravalle;2023;spring;Coypu;3
01/06/2023;4;13;5;08:18:00;D;Empoli_Serravalle;2023;spring;Coypu;1
01/06/2023;4;13;5;08:23:00;D;Empoli_Serravalle;2023;spring;Coypu;1
01/06/2023;4;13;5;08:57:00;D;Empoli_Serravalle;2023;spring;Coypu;1
01/06/2023;4;13;5;08:57:00;D;Empoli_Serravalle;2023;spring;Coypu;1
01/06/2023;4;13;5;14:24:00;D;Osmannoro;2023;spring;Human;2
01/06/2023;4;13;5;16:23:00;D;Empoli_Serravalle;2023;spring;DomesticDog;1
01/06/2023;4;13;5;16:39:00;D;Cascine;2023;spring;RedSquirrel;1
01/06/2023;4;13;5;17:13:00;D;Osmannoro;2023;spring;Human;2
01/06/2023;4;13;5;06:49:00;N;Empoli_Serravalle;2023;spring;Coypu;1
01/06/2023;4;13;5;06:49:00;N;Empoli_Serravalle;2023;spring;Coypu;1
01/06/2023;4;13;5;06:52:00;N;Empoli_Serravalle;2023;spring;Coypu;1
02/06/2023;4;14;5;08:58:00;D;Osmannoro;2023;spring;Human;2
02/06/2023;4;14;5;08:58:00;D;Osmannoro;2023;spring;Human;2
02/06/2023;4;14;5;09:26:00;D;Osmannoro;2023;spring;Human;1
02/06/2023;4;14;5;10:48:00;D;Osmannoro;2023;spring;Human;2
02/06/2023;4;14;5;11:48:00;D;Osmannoro;2023;spring;Human;2
02/06/2023;4;14;5;13:51:00;D;Osmannoro;2023;spring;Human;2
02/06/2023;4;14;5;14:04:00;D;Osmannoro;2023;spring;Human;2
02/06/2023;4;14;5;14:34:00;D;Osmannoro;2023;spring;Human;2
02/06/2023;4;14;5;07:24:00;D;Osmannoro;2023;spring;Human;2
02/06/2023;4;14;5;08:06:00;D;Osmannoro;2023;spring;Human;1
02/06/2023;4;14;5;08:39:00;D;Osmannoro;2023;spring;Human;1
02/06/2023;4;14;5;08:58:00;D;Empoli_Serravalle;2023;spring;Coypu;1
02/06/2023;4;14;5;09:06:00;D;Empoli_Serravalle;2023;spring;Coypu;1
02/06/2023;4;14;5;09:08:00;D;Empoli_Serravalle;2023;spring;Coypu;1
02/06/2023;4;14;5;09:10:00;D;Empoli_Serravalle;2023;spring;Coypu;4
02/06/2023;4;14;5;09:12:00;D;Empoli_Serravalle;2023;spring;Coypu;1
02/06/2023;4;14;5;09:12:00;D;Empoli_Serravalle;2023;spring;Coypu;5
02/06/2023;4;14;5;09:14:00;D;Empoli_Serravalle;2023;spring;Coypu;5
02/06/2023;4;14;5;09:14:00;D;Empoli_Serravalle;2023;spring;Coypu;1
02/06/2023;4;14;5;09:14:00;D;Empoli_Serravalle;2023;spring;Coypu;3
02/06/2023;4;14;5;09:18:00;D;Empoli_Serravalle;2023;spring;Coypu;3
02/06/2023;4;14;5;09:20:00;D;Empoli_Serravalle;2023;spring;Coypu;3
02/06/2023;4;14;5;09:24:00;D;Osmannoro;2023;spring;Human;1
02/06/2023;4;14;5;09:36:00;D;Osmannoro;2023;spring;Human;1
02/06/2023;4;14;5;09:44:00;D;Empoli_Serravalle;2023;spring;Coypu;1
02/06/2023;4;14;5;09:44:00;D;TorrinoSantarosa;2023;spring;AegyptianGoose;1
02/06/2023;4;14;5;11:49:00;D;Empoli_Serravalle;2023;spring;Coypu;1
02/06/2023;4;14;5;11:52:00;D;Empoli_Serravalle;2023;spring;Coypu;1
02/06/2023;4;14;5;11:52:00;D;Empoli_Serravalle;2023;spring;Coypu;1
02/06/2023;4;14;5;12:03:00;D;Empoli_Serravalle;2023;spring;Coypu;1
02/06/2023;4;14;5;13:41:00;D;Osmannoro;2023;spring;Human;1
02/06/2023;4;14;5;15:00:00;D;Osmannoro;2023;spring;Human;1
02/06/2023;4;14;5;15:56:00;D;Osmannoro;2023;spring;Human;1
03/06/2023;4;15;5;08:50:00;D;Osmannoro;2023;spring;Human;1
03/06/2023;4;15;5;09:56:00;D;Osmannoro;2023;spring;Human;2
03/06/2023;4;15;5;12:50:00;D;Osmannoro;2023;spring;Human;1
03/06/2023;4;15;5;13:54:00;D;Osmannoro;2023;spring;Human;2
03/06/2023;4;15;5;14:51:00;D;Osmannoro;2023;spring;Human;2
03/06/2023;4;15;5;15:27:00;D;Osmannoro;2023;spring;Human;2
03/06/2023;4;15;5;15:27:00;D;Osmannoro;2023;spring;Human;2
03/06/2023;4;15;5;16:42:00;D;Osmannoro;2023;spring;Human;1
03/06/2023;4;15;5;17:55:00;D;Osmannoro;2023;spring;Human;1
03/06/2023;4;15;5;12:11:00;D;Empoli_Serravalle;2023;spring;Coypu;1
03/06/2023;4;15;5;12:12:00;D;Empoli_Serravalle;2023;spring;Coypu;1
03/06/2023;4;15;5;13:01:00;D;Osmannoro;2023;spring;Human;1
03/06/2023;4;15;5;13:31:00;D;Empoli_Serravalle;2023;spring;Coypu;1
03/06/2023;4;15;5;13:51:00;D;Empoli_Serravalle;2023;spring;Coypu;1
03/06/2023;4;15;5;13:52:00;D;Empoli_Serravalle;2023;spring;Coypu;1
03/06/2023;4;15;5;19:37:00;N;Empoli_Serravalle;2023;spring;Coypu;1
03/06/2023;4;15;5;20:01:00;N;Empoli_Serravalle;2023;spring;Coypu;1
03/06/2023;4;15;5;20:02:00;N;Empoli_Serravalle;2023;spring;Coypu;1
03/06/2023;4;15;5;20:03:00;N;Empoli_Serravalle;2023;spring;Coypu;1
03/06/2023;4;15;5;22:38:00;N;Empoli_Serravalle;2023;spring;Coypu;1
04/06/2023;4;16;5;10:01:00;D;Osmannoro;2023;spring;Human;1
04/06/2023;4;16;5;10:01:00;D;Osmannoro;2023;spring;Human;2
04/06/2023;4;16;5;11:34:00;D;Osmannoro;2023;spring;Human;2
04/06/2023;4;16;5;12:02:00;D;Osmannoro;2023;spring;Human;2
04/06/2023;4;16;5;07:22:00;D;Osmannoro;2023;spring;Human;1
04/06/2023;4;16;5;07:22:00;D;Osmannoro;2023;spring;Human;2
04/06/2023;4;16;5;14:09:00;D;Osmannoro;2023;spring;Human;1
04/06/2023;4;16;5;01:23:00;N;Empoli_Serravalle;2023;spring;Coypu;1
04/06/2023;4;16;5;01:24:00;N;Empoli_Serravalle;2023;spring;Coypu;1
04/06/2023;4;16;5;01:32:00;N;Empoli_Serravalle;2023;spring;Kingfisher;1
04/06/2023;4;16;5;03:16:00;N;Empoli_Serravalle;2023;spring;Coypu;2
04/06/2023;4;16;5;22:46:00;N;Empoli_Serravalle;2023;spring;Coypu;1
04/06/2023;4;16;5;22:46:00;N;Empoli_Serravalle;2023;spring;Coypu;1
04/06/2023;4;16;5;22:57:00;N;Empoli_Serravalle;2023;spring;Coypu;3
05/06/2023;3;17;5;08:46:00;D;Osmannoro;2023;spring;Human;2
05/06/2023;3;17;5;09:40:00;D;TorrinoSantarosa;2023;spring;AegyptianGoose;2
05/06/2023;3;17;5;09:40:00;D;Osmannoro;2023;spring;Human;2
05/06/2023;3;17;5;09:46:00;D;Osmannoro;2023;spring;Human;2
05/06/2023;3;17;5;10:20:00;D;Osmannoro;2023;spring;Human;2
05/06/2023;3;17;5;10:20:00;D;Osmannoro;2023;spring;Human;2
05/06/2023;3;17;5;10:23:00;D;Osmannoro;2023;spring;Human;2
05/06/2023;3;17;5;15:49:00;D;Osmannoro;2023;spring;Human;1
05/06/2023;3;17;5;16:07:00;D;Osmannoro;2023;spring;Human;2
05/06/2023;3;17;5;16:32:00;D;Osmannoro;2023;spring;Human;2
05/06/2023;3;17;5;08:39:00;D;Osmannoro;2023;spring;Human;1
05/06/2023;3;17;5;09:17:00;D;Cascine;2023;spring;RedSquirrel;2
05/06/2023;3;17;5;12:10:00;D;Osmannoro;2023;spring;Human;1
05/06/2023;3;17;5;13:15:00;D;Osmannoro;2023;spring;Human;1
05/06/2023;3;17;5;03:17:00;N;Empoli_Serravalle;2023;spring;Coypu;1
05/06/2023;3;17;5;03:17:00;N;Empoli_Serravalle;2023;spring;Coypu;1
05/06/2023;3;17;5;03:29:00;N;Empoli_Serravalle;2023;spring;Coypu;1
05/06/2023;3;17;5;04:07:00;N;Empoli_Serravalle;2023;spring;Coypu;1
05/06/2023;3;17;5;04:36:00;N;Empoli_Serravalle;2023;spring;Coypu;2
05/06/2023;3;17;5;04:36:00;N;Empoli_Serravalle;2023;spring;Coypu;1
05/06/2023;3;17;5;04:38:00;N;Empoli_Serravalle;2023;spring;Coypu;2
05/06/2023;3;17;5;06:07:00;N;Empoli_Serravalle;2023;spring;Coypu;1
05/06/2023;3;17;5;06:07:00;N;Empoli_Serravalle;2023;spring;Coypu;1
05/06/2023;3;17;5;06:07:00;N;Empoli_Serravalle;2023;spring;Coypu;2
05/06/2023;3;17;5;06:15:00;N;Empoli_Serravalle;2023;spring;Coypu;1
05/06/2023;3;17;5;06:15:00;N;Empoli_Serravalle;2023;spring;Coypu;1
05/06/2023;3;17;5;06:18:00;N;Empoli_Serravalle;2023;spring;Coypu;1
05/06/2023;3;17;5;06:18:00;N;Empoli_Serravalle;2023;spring;Coypu;1
05/06/2023;3;17;5;23:45:00;N;Sesto2;2023;spring;BlackRat;1
06/06/2023;3;18;20;12:38:00;D;Osmannoro;2023;spring;Human;2
06/06/2023;3;18;20;14:19:00;D;Osmannoro;2023;spring;Human;1
06/06/2023;3;18;20;14:19:00;D;Osmannoro;2023;spring;Human;2
06/06/2023;3;18;20;15:05:00;D;Osmannoro;2023;spring;Human;2
06/06/2023;3;18;20;15:05:00;D;Osmannoro;2023;spring;Human;2
06/06/2023;3;18;20;15:50:00;D;Osmannoro;2023;spring;Human;1
06/06/2023;3;18;20;15:50:00;D;Osmannoro;2023;spring;Human;2
06/06/2023;3;18;20;16:27:00;D;Osmannoro;2023;spring;Human;2
06/06/2023;3;18;20;17:19:00;D;Osmannoro;2023;spring;Human;2
06/06/2023;3;18;20;04:51:00;N;Osmannoro;2023;spring;Human;1
06/06/2023;3;18;20;04:51:00;N;Osmannoro;2023;spring;Human;2
06/06/2023;3;18;20;09:11:00;D;Cascine;2023;spring;RedSquirrel;1
06/06/2023;3;18;20;14:20:00;D;Osmannoro;2023;spring;Human;1
06/06/2023;3;18;20;06:03:00;N;Osmannoro;2023;spring;Human;1
06/06/2023;3;18;20;06:18:00;N;Empoli_Serravalle;2023;spring;Coypu;1
06/06/2023;3;18;20;06:18:00;N;Empoli_Serravalle;2023;spring;Coypu;1
06/06/2023;3;18;20;06:44:00;N;Empoli_Serravalle;2023;spring;Coypu;1
06/06/2023;3;18;20;06:47:00;N;Empoli_Serravalle;2023;spring;Coypu;1
06/06/2023;3;18;20;06:47:00;N;Empoli_Serravalle;2023;spring;Coypu;1
06/06/2023;3;18;20;06:49:00;N;Empoli_Serravalle;2023;spring;Coypu;1
06/06/2023;3;18;20;07:09:00;N;Empoli_Serravalle;2023;spring;Coypu;1
06/06/2023;3;18;20;07:11:00;N;Empoli_Serravalle;2023;spring;Coypu;1
06/06/2023;3;18;20;07:12:00;N;Empoli_Serravalle;2023;spring;Coypu;1
06/06/2023;3;18;20;07:14:00;N;Empoli_Serravalle;2023;spring;Coypu;1
06/06/2023;3;18;20;07:16:00;D;Empoli_Serravalle;2023;spring;Coypu;1
06/06/2023;3;18;20;07:16:00;D;Empoli_Serravalle;2023;spring;Coypu;1
06/06/2023;3;18;20;07:21:00;D;Empoli_Serravalle;2023;spring;Coypu;1
06/06/2023;3;18;20;07:21:00;D;Empoli_Serravalle;2023;spring;Coypu;1
06/06/2023;3;18;20;07:21:00;D;Empoli_Serravalle;2023;spring;Coypu;1
07/06/2023;3;19;20;08:24:00;D;Osmannoro;2023;spring;Human;1
07/06/2023;3;19;20;10:19:00;D;Osmannoro;2023;spring;Human;2
07/06/2023;3;19;20;10:45:00;D;Osmannoro;2023;spring;Human;1
07/06/2023;3;19;20;10:45:00;D;Osmannoro;2023;spring;Human;2
07/06/2023;3;19;20;13:53:00;D;Osmannoro;2023;spring;Human;1
07/06/2023;3;19;20;14:20:00;D;Osmannoro;2023;spring;Human;1
07/06/2023;3;19;20;14:20:00;D;Osmannoro;2023;spring;Human;2
07/06/2023;3;19;20;16:02:00;D;Osmannoro;2023;spring;Human;1
07/06/2023;3;19;20;07:42:00;D;Osmannoro;2023;spring;Human;1
07/06/2023;3;19;20;20:21:00;D;Osmannoro;2023;spring;Human;1
07/06/2023;3;19;20;20:21:00;D;Osmannoro;2023;spring;Human;2
07/06/2023;3;19;20;08:16:00;D;Empoli_Serravalle;2023;spring;Coypu;1
07/06/2023;3;19;20;08:48:00;D;Empoli_Serravalle;2023;spring;Coypu;1
07/06/2023;3;19;20;08:48:00;D;Empoli_Serravalle;2023;spring;Coypu;1
07/06/2023;3;19;20;08:48:00;D;Empoli_Serravalle;2023;spring;Coypu;1
07/06/2023;3;19;20;08:48:00;D;Empoli_Serravalle;2023;spring;Coypu;1
07/06/2023;3;19;20;08:49:00;D;Empoli_Serravalle;2023;spring;Coypu;1
07/06/2023;3;19;20;08:54:00;D;Osmannoro;2023;spring;Human;1
07/06/2023;3;19;20;09:00:00;D;Empoli_Serravalle;2023;spring;Coypu;1
07/06/2023;3;19;20;11:37:00;D;Osmannoro;2023;spring;Human;1
07/06/2023;3;19;20;14:02:00;D;Osmannoro;2023;spring;Human;1
07/06/2023;3;19;20;16:44:00;D;Cascine;2023;spring;RedSquirrel;1
07/06/2023;3;19;20;05:43:00;N;Osmannoro;2023;spring;Human;1
07/06/2023;3;19;20;07:23:00;D;Empoli_Serravalle;2023;spring;Coypu;1
07/06/2023;3;19;20;07:24:00;D;Empoli_Serravalle;2023;spring;Coypu;1
07/06/2023;3;19;20;07:24:00;D;Empoli_Serravalle;2023;spring;Coypu;1
07/06/2023;3;19;20;07:24:00;D;Empoli_Serravalle;2023;spring;Coypu;1
07/06/2023;3;19;20;07:42:00;D;Empoli_Serravalle;2023;spring;Coypu;1
07/06/2023;3;19;20;07:42:00;D;Empoli_Serravalle;2023;spring;Coypu;1
07/06/2023;3;19;20;07:42:00;D;Empoli_Serravalle;2023;spring;Coypu;1
07/06/2023;3;19;20;07:42:00;D;Sesto2;2023;spring;EuropeanHare;1
07/06/2023;3;19;20;07:44:00;D;Sesto2;2023;spring;EuropeanHare;1
07/06/2023;3;19;20;07:45:00;D;Empoli_Serravalle;2023;spring;Coypu;1
07/06/2023;3;19;20;21:41:00;N;Empoli_Serravalle;2023;spring;Coypu;1
07/06/2023;3;19;20;23:11:00;N;Empoli_Serravalle;2023;spring;Coypu;1
07/06/2023;3;19;20;23:43:00;N;Empoli_Serravalle;2023;spring;Coypu;1
08/06/2023;3;20;20;08:10:00;D;TorrinoSantarosa;2023;spring;AegyptianGoose;2
08/06/2023;3;20;20;08:10:00;D;Osmannoro;2023;spring;Human;2
08/06/2023;3;20;20;08:16:00;D;Osmannoro;2023;spring;Human;1
08/06/2023;3;20;20;08:16:00;D;Empoli_Serravalle;2023;spring;Mallard;2
08/06/2023;3;20;20;09:15:00;D;Osmannoro;2023;spring;Human;2
08/06/2023;3;20;20;09:15:00;D;Osmannoro;2023;spring;Human;2
08/06/2023;3;20;20;09:31:00;D;Osmannoro;2023;spring;Human;2
08/06/2023;3;20;20;10:13:00;D;Osmannoro;2023;spring;Human;2
08/06/2023;3;20;20;10:30:00;D;Osmannoro;2023;spring;Human;2
08/06/2023;3;20;20;10:49:00;D;Osmannoro;2023;spring;Human;2
08/06/2023;3;20;20;10:49:00;D;Osmannoro;2023;spring;Human;2
08/06/2023;3;20;20;11:30:00;D;Osmannoro;2023;spring;Human;2
08/06/2023;3;20;20;11:30:00;D;Osmannoro;2023;spring;Human;2
08/06/2023;3;20;20;11:35:00;D;Osmannoro;2023;spring;Human;2
08/06/2023;3;20;20;12:34:00;D;Osmannoro;2023;spring;Human;2
08/06/2023;3;20;20;13:11:00;D;Osmannoro;2023;spring;Human;1
08/06/2023;3;20;20;13:23:00;D;Osmannoro;2023;spring;Mallard;2
08/06/2023;3;20;20;13:23:00;D;Empoli_Serravalle;2023;spring;Mallard;2
08/06/2023;3;20;20;14:54:00;D;Osmannoro;2023;spring;Human;1
08/06/2023;3;20;20;14:54:00;D;Osmannoro;2023;spring;Human;2
08/06/2023;3;20;20;15:55:00;D;Osmannoro;2023;spring;Human;1
08/06/2023;3;20;20;15:55:00;D;Empoli_Serravalle;2023;spring;Mallard;2
08/06/2023;3;20;20;16:04:00;D;Osmannoro;2023;spring;Human;2
08/06/2023;3;20;20;16:13:00;D;Osmannoro;2023;spring;Human;1
08/06/2023;3;20;20;16:35:00;D;Osmannoro;2023;spring;Human;2
08/06/2023;3;20;20;16:46:00;D;Osmannoro;2023;spring;Human;2
08/06/2023;3;20;20;16:46:00;D;Empoli_Serravalle;2023;spring;Mallard;2
08/06/2023;3;20;20;17:42:00;D;Empoli_Serravalle;2023;spring;Mallard;2
08/06/2023;3;20;20;18:00:00;D;Osmannoro;2023;spring;Human;2
08/06/2023;3;20;20;06:25:00;D;Osmannoro;2023;spring;Human;1
08/06/2023;3;20;20;06:25:00;D;Osmannoro;2023;spring;Human;2
08/06/2023;3;20;20;07:40:00;D;Osmannoro;2023;spring;Human;2
08/06/2023;3;20;20;18:58:00;D;Osmannoro;2023;spring;Human;1
08/06/2023;3;20;20;03:40:00;N;Bagno_a_Ripoli;2023;spring;Coypu;3
08/06/2023;3;20;20;21:42:00;N;Bagno_a_Ripoli;2023;spring;Coypu;3
08/06/2023;3;20;20;08:29:00;D;Empoli_Serravalle;2023;spring;Coypu;1
08/06/2023;3;20;20;08:30:00;D;Empoli_Serravalle;2023;spring;Coypu;1
08/06/2023;3;20;20;08:36:00;D;Empoli_Serravalle;2023;spring;Coypu;1
08/06/2023;3;20;20;08:41:00;D;Empoli_Serravalle;2023;spring;Coypu;1
08/06/2023;3;20;20;09:08:00;D;Empoli_Serravalle;2023;spring;Coypu;1
08/06/2023;3;20;20;09:15:00;D;Empoli_Serravalle;2023;spring;Coypu;1
08/06/2023;3;20;20;09:15:00;D;Empoli_Serravalle;2023;spring;Coypu;1
08/06/2023;3;20;20;09:22:00;D;Osmannoro;2023;spring;Human;2
08/06/2023;3;20;20;10:07:00;D;Empoli_Serravalle;2023;spring;Coypu;1
08/06/2023;3;20;20;11:50:00;D;Osmannoro;2023;spring;Human;1
08/06/2023;3;20;20;14:39:00;D;Osmannoro;2023;spring;Human;1
08/06/2023;3;20;20;15:18:00;D;Osmannoro;2023;spring;Human;1
08/06/2023;3;20;20;15:49:00;D;Osmannoro;2023;spring;Human;1
08/06/2023;3;20;20;16:05:00;D;Cascine;2023;spring;RedSquirrel;1
08/06/2023;3;20;20;16:13:00;D;Osmannoro;2023;spring;Mallard;2
08/06/2023;3;20;20;16:39:00;D;Osmannoro;2023;spring;Human;2
08/06/2023;3;20;20;17:32:00;D;Osmannoro;2023;spring;Mallard;2
08/06/2023;3;20;20;17:45:00;D;Empoli_Serravalle;2023;spring;Coypu;1
08/06/2023;3;20;20;18:00:00;D;Osmannoro;2023;spring;Mallard;2
08/06/2023;3;20;20;00:16:00;N;Empoli_Serravalle;2023;spring;Coypu;1
08/06/2023;3;20;20;00:16:00;N;Empoli_Serravalle;2023;spring;Coypu;1
08/06/2023;3;20;20;00:16:00;N;Empoli_Serravalle;2023;spring;Coypu;1
08/06/2023;3;20;20;00:16:00;N;Empoli_Serravalle;2023;spring;Coypu;1
08/06/2023;3;20;20;00:58:00;N;Empoli_Serravalle;2023;spring;Coypu;1
08/06/2023;3;20;20;01:00:00;N;Empoli_Serravalle;2023;spring;Coypu;1
08/06/2023;3;20;20;01:09:00;N;Empoli_Serravalle;2023;spring;Coypu;1
08/06/2023;3;20;20;01:51:00;N;Empoli_Serravalle;2023;spring;Coypu;1
08/06/2023;3;20;20;01:51:00;N;Empoli_Serravalle;2023;spring;Coypu;1
08/06/2023;3;20;20;01:58:00;N;Empoli_Serravalle;2023;spring;Coypu;1
08/06/2023;3;20;20;02:22:00;N;Empoli_Serravalle;2023;spring;Coypu;1
08/06/2023;3;20;20;02:26:00;N;Empoli_Serravalle;2023;spring;Coypu;1
08/06/2023;3;20;20;03:51:00;N;Empoli_Serravalle;2023;spring;Coypu;1
08/06/2023;3;20;20;04:43:00;N;Empoli_Serravalle;2023;spring;Coypu;1
08/06/2023;3;20;20;04:43:00;N;Empoli_Serravalle;2023;spring;Coypu;1
08/06/2023;3;20;20;04:45:00;N;Empoli_Serravalle;2023;spring;Coypu;1
08/06/2023;3;20;20;05:45:00;N;Osmannoro;2023;spring;Human;1
08/06/2023;3;20;20;06:52:00;N;Empoli_Serravalle;2023;spring;Coypu;1
08/06/2023;3;20;20;07:00:00;N;Osmannoro;2023;spring;Human;1
08/06/2023;3;20;20;07:05:00;N;Empoli_Serravalle;2023;spring;Coypu;1
08/06/2023;3;20;20;07:10:00;N;Empoli_Serravalle;2023;spring;Coypu;1
08/06/2023;3;20;20;07:10:00;N;Empoli_Serravalle;2023;spring;Coypu;1
08/06/2023;3;20;20;07:10:00;N;Empoli_Serravalle;2023;spring;Coypu;1
08/06/2023;3;20;20;07:45:00;D;Empoli_Serravalle;2023;spring;Coypu;1
08/06/2023;3;20;20;07:51:00;D;Empoli_Serravalle;2023;spring;Coypu;1
08/06/2023;3;20;20;07:51:00;D;Empoli_Serravalle;2023;spring;Coypu;1
08/06/2023;3;20;20;07:51:00;D;Empoli_Serravalle;2023;spring;Coypu;1
08/06/2023;3;20;20;07:51:00;D;Empoli_Serravalle;2023;spring;Coypu;1
08/06/2023;3;20;20;07:55:00;D;Osmannoro;2023;spring;Mallard;1
08/06/2023;3;20;20;19:28:00;N;Empoli_Serravalle;2023;spring;Coypu;1
08/06/2023;3;20;20;20:07:00;N;Empoli_Serravalle;2023;spring;Coypu;1
08/06/2023;3;20;20;20:07:00;N;Empoli_Serravalle;2023;spring;Coypu;1
08/06/2023;3;20;20;21:51:00;N;Empoli_Serravalle;2023;spring;Coypu;1
08/06/2023;3;20;20;21:51:00;N;Empoli_Serravalle;2023;spring;Coypu;1
08/06/2023;3;20;20;22:32:00;N;Empoli_Serravalle;2023;spring;Coypu;1
08/06/2023;3;20;20;22:54:00;N;Empoli_Serravalle;2023;spring;Coypu;1
08/06/2023;3;20;20;23:17:00;N;Empoli_Serravalle;2023;spring;Coypu;1
08/06/2023;3;20;20;23:19:00;N;Empoli_Serravalle;2023;spring;Coypu;1
08/06/2023;3;20;20;23:19:00;N;Empoli_Serravalle;2023;spring;Coypu;1
09/06/2023;2;21;20;08:28:00;D;Osmannoro;2023;spring;Human;1
09/06/2023;2;21;20;09:25:00;D;Osmannoro;2023;spring;Human;1
09/06/2023;2;21;20;10:26:00;D;Osmannoro;2023;spring;Human;1
09/06/2023;2;21;20;11:33:00;D;Osmannoro;2023;spring;Human;1
09/06/2023;2;21;20;11:33:00;D;Osmannoro;2023;spring;Human;2
09/06/2023;2;21;20;12:03:00;D;Osmannoro;2023;spring;Human;2
09/06/2023;2;21;20;14:11:00;D;Osmannoro;2023;spring;Human;2
09/06/2023;2;21;20;14:58:00;D;Osmannoro;2023;spring;Human;2
09/06/2023;2;21;20;14:58:00;D;Osmannoro;2023;spring;Human;2
09/06/2023;2;21;20;15:09:00;D;Osmannoro;2023;spring;Human;2
09/06/2023;2;21;20;15:09:00;D;Osmannoro;2023;spring;Human;2
09/06/2023;2;21;20;06:42:00;D;Osmannoro;2023;spring;Human;2
09/06/2023;2;21;20;19:01:00;D;Osmannoro;2023;spring;Human;2
09/06/2023;2;21;20;21:24:00;N;Osmannoro;2023;spring;Human;1
09/06/2023;2;21;20;08:24:00;D;Osmannoro;2023;spring;Human;3
09/06/2023;2;21;20;09:05:00;D;Osmannoro;2023;spring;Human;1
09/06/2023;2;21;20;09:29:00;D;Osmannoro;2023;spring;Human;1
09/06/2023;2;21;20;09:43:00;D;TorrinoSantarosa;2023;spring;AegyptianGoose;1
09/06/2023;2;21;20;09:43:00;D;Osmannoro;2023;spring;Human;1
09/06/2023;2;21;20;10:41:00;D;Osmannoro;2023;spring;Human;2
09/06/2023;2;21;20;15:04:00;D;Osmannoro;2023;spring;Human;2
09/06/2023;2;21;20;17:18:00;D;Osmannoro;2023;spring;Human;1
09/06/2023;2;21;20;00:15:00;N;Empoli_Serravalle;2023;spring;Coypu;1
09/06/2023;2;21;20;00:15:00;N;Empoli_Serravalle;2023;spring;Coypu;1
09/06/2023;2;21;20;00:42:00;N;Empoli_Serravalle;2023;spring;Coypu;1
09/06/2023;2;21;20;00:42:00;N;Empoli_Serravalle;2023;spring;Coypu;1
09/06/2023;2;21;20;00:42:00;N;Empoli_Serravalle;2023;spring;Coypu;1
09/06/2023;2;21;20;01:28:00;N;Empoli_Serravalle;2023;spring;Coypu;1
09/06/2023;2;21;20;01:57:00;N;Empoli_Serravalle;2023;spring;Coypu;1
09/06/2023;2;21;20;02:02:00;N;Empoli_Serravalle;2023;spring;Coypu;1
09/06/2023;2;21;20;03:32:00;N;Empoli_Serravalle;2023;spring;Coypu;1
09/06/2023;2;21;20;03:45:00;N;Empoli_Serravalle;2023;spring;Coypu;1
09/06/2023;2;21;20;03:55:00;N;Empoli_Serravalle;2023;spring;Coypu;1
09/06/2023;2;21;20;03:55:00;N;Empoli_Serravalle;2023;spring;Coypu;1
09/06/2023;2;21;20;03:55:00;N;Empoli_Serravalle;2023;spring;Coypu;1
09/06/2023;2;21;20;03:59:00;N;Empoli_Serravalle;2023;spring;Coypu;1
09/06/2023;2;21;20;03:59:00;N;Empoli_Serravalle;2023;spring;Coypu;1
09/06/2023;2;21;20;04:10:00;N;Empoli_Serravalle;2023;spring;Coypu;1
09/06/2023;2;21;20;04:11:00;N;Empoli_Serravalle;2023;spring;Coypu;1
09/06/2023;2;21;20;06:33:00;N;Osmannoro;2023;spring;Human;1
09/06/2023;2;21;20;07:20:00;D;Osmannoro;2023;spring;Human;1
09/06/2023;2;21;20;23:23:00;N;Empoli_Serravalle;2023;spring;Coypu;1
09/06/2023;2;21;20;23:30:00;N;Empoli_Serravalle;2023;spring;Coypu;1
09/06/2023;2;21;20;23:30:00;N;Empoli_Serravalle;2023;spring;Coypu;1
09/06/2023;2;21;20;23:36:00;N;Empoli_Serravalle;2023;spring;Coypu;1
09/06/2023;2;21;20;23:36:00;N;Empoli_Serravalle;2023;spring;Coypu;1
09/06/2023;2;21;20;23:36:00;N;Empoli_Serravalle;2023;spring;Coypu;1
09/06/2023;2;21;20;23:37:00;N;Empoli_Serravalle;2023;spring;Coypu;1
09/06/2023;2;21;20;23:46:00;N;Empoli_Serravalle;2023;spring;Coypu;1
10/06/2023;2;22;25;08:48:00;D;Osmannoro;2023;spring;Human;1
10/06/2023;2;22;25;09:19:00;D;Osmannoro;2023;spring;Human;1
10/06/2023;2;22;25;11:08:00;D;Osmannoro;2023;spring;Human;1
10/06/2023;2;22;25;11:51:00;D;Osmannoro;2023;spring;Human;2
10/06/2023;2;22;25;11:57:00;D;Osmannoro;2023;spring;Human;2
10/06/2023;2;22;25;12:54:00;D;Osmannoro;2023;spring;Human;2
10/06/2023;2;22;25;15:28:00;D;Osmannoro;2023;spring;Human;2
10/06/2023;2;22;25;17:15:00;D;Osmannoro;2023;spring;Human;1
10/06/2023;2;22;25;04:40:00;N;Osmannoro;2023;spring;Human;2
10/06/2023;2;22;25;06:49:00;D;Osmannoro;2023;spring;Human;2
10/06/2023;2;22;25;07:35:00;D;Osmannoro;2023;spring;Human;2
10/06/2023;2;22;25;08:13:00;D;Empoli_Serravalle;2023;spring;Coypu;1
10/06/2023;2;22;25;08:29:00;D;Osmannoro;2023;spring;Human;1
10/06/2023;2;22;25;14:05:00;D;Osmannoro;2023;spring;Human;1
10/06/2023;2;22;25;14:59:00;D;Osmannoro;2023;spring;Human;1
10/06/2023;2;22;25;15:38:00;D;Osmannoro;2023;spring;Human;1
10/06/2023;2;22;25;16:46:00;D;Osmannoro;2023;spring;Human;1
10/06/2023;2;22;25;04:11:00;N;Empoli_Serravalle;2023;spring;Coypu;1
10/06/2023;2;22;25;04:12:00;N;Empoli_Serravalle;2023;spring;Coypu;1
10/06/2023;2;22;25;04:13:00;N;Empoli_Serravalle;2023;spring;Coypu;1
10/06/2023;2;22;25;04:20:00;N;Empoli_Serravalle;2023;spring;Coypu;1
10/06/2023;2;22;25;04:25:00;N;Empoli_Serravalle;2023;spring;Coypu;1
10/06/2023;2;22;25;04:26:00;N;Empoli_Serravalle;2023;spring;Coypu;1
10/06/2023;2;22;25;04:41:00;N;Empoli_Serravalle;2023;spring;Coypu;1
10/06/2023;2;22;25;04:49:00;N;Empoli_Serravalle;2023;spring;Coypu;1
10/06/2023;2;22;25;04:49:00;N;Empoli_Serravalle;2023;spring;Coypu;1
10/06/2023;2;22;25;05:30:00;N;Empoli_Serravalle;2023;spring;Coypu;1
10/06/2023;2;22;25;05:37:00;N;Empoli_Serravalle;2023;spring;Coypu;1
10/06/2023;2;22;25;05:59:00;N;Empoli_Serravalle;2023;spring;Coypu;1
10/06/2023;2;22;25;06:09:00;N;Osmannoro;2023;spring;Human;1
10/06/2023;2;22;25;06:34:00;N;Empoli_Serravalle;2023;spring;Coypu;1
10/06/2023;2;22;25;06:35:00;N;Empoli_Serravalle;2023;spring;Coypu;1
10/06/2023;2;22;25;06:38:00;N;Empoli_Serravalle;2023;spring;Coypu;1
10/06/2023;2;22;25;06:41:00;N;Empoli_Serravalle;2023;spring;Coypu;1
10/06/2023;2;22;25;06:41:00;N;TorrinoSantarosa;2023;spring;AegyptianGoose;1
10/06/2023;2;22;25;06:42:00;N;Empoli_Serravalle;2023;spring;Coypu;1
10/06/2023;2;22;25;07:00:00;N;Empoli_Serravalle;2023;spring;Coypu;1
10/06/2023;2;22;25;07:30:00;D;Osmannoro;2023;spring;Human;1
11/06/2023;2;23;25;08:24:00;D;Osmannoro;2023;spring;Human;1
11/06/2023;2;23;25;08:31:00;D;Osmannoro;2023;spring;Human;2
11/06/2023;2;23;25;08:56:00;D;Osmannoro;2023;spring;Human;2
11/06/2023;2;23;25;09:18:00;D;Osmannoro;2023;spring;Human;2
11/06/2023;2;23;25;09:50:00;D;Osmannoro;2023;spring;Human;1
11/06/2023;2;23;25;10:03:00;D;Osmannoro;2023;spring;Human;1
11/06/2023;2;23;25;11:11:00;D;Osmannoro;2023;spring;Human;2
11/06/2023;2;23;25;12:02:00;D;Osmannoro;2023;spring;Human;1
11/06/2023;2;23;25;12:18:00;D;Osmannoro;2023;spring;Human;1
11/06/2023;2;23;25;13:51:00;D;Osmannoro;2023;spring;Human;2
11/06/2023;2;23;25;14:11:00;D;Osmannoro;2023;spring;Human;2
11/06/2023;2;23;25;14:34:00;D;Osmannoro;2023;spring;Human;2
11/06/2023;2;23;25;15:57:00;D;Osmannoro;2023;spring;Human;2
11/06/2023;2;23;25;17:39:00;D;Osmannoro;2023;spring;Human;2
11/06/2023;2;23;25;17:41:00;D;Osmannoro;2023;spring;Human;1
11/06/2023;2;23;25;19:12:00;D;Osmannoro;2023;spring;Human;2
11/06/2023;2;23;25;08:23:00;D;Empoli_Serravalle;2023;spring;Coypu;1
11/06/2023;2;23;25;08:23:00;D;Empoli_Serravalle;2023;spring;Coypu;1
11/06/2023;2;23;25;08:25:00;D;Empoli_Serravalle;2023;spring;Coypu;1
11/06/2023;2;23;25;08:41:00;D;Empoli_Serravalle;2023;spring;Coypu;1
11/06/2023;2;23;25;09:32:00;D;Osmannoro;2023;spring;Human;1
11/06/2023;2;23;25;09:52:00;D;Empoli_Serravalle;2023;spring;Coypu;1
11/06/2023;2;23;25;10:14:00;D;Empoli_Serravalle;2023;spring;Coypu;1
11/06/2023;2;23;25;10:16:00;D;Empoli_Serravalle;2023;spring;Coypu;1
11/06/2023;2;23;25;10:16:00;D;Empoli_Serravalle;2023;spring;Coypu;1
11/06/2023;2;23;25;10:18:00;D;Empoli_Serravalle;2023;spring;Coypu;1
11/06/2023;2;23;25;10:20:00;D;Empoli_Serravalle;2023;spring;Coypu;1
11/06/2023;2;23;25;10:46:00;D;Osmannoro;2023;spring;Human;1
11/06/2023;2;23;25;10:49:00;D;Empoli_Serravalle;2023;spring;Coypu;1
11/06/2023;2;23;25;10:52:00;D;Empoli_Serravalle;2023;spring;Coypu;1
11/06/2023;2;23;25;11:02:00;D;Empoli_Serravalle;2023;spring;Coypu;1
11/06/2023;2;23;25;11:08:00;D;Empoli_Serravalle;2023;spring;Coypu;1
11/06/2023;2;23;25;14:08:00;D;Osmannoro;2023;spring;Human;1
11/06/2023;2;23;25;14:52:00;D;Osmannoro;2023;spring;Human;1
11/06/2023;2;23;25;17:18:00;D;Cascine;2023;spring;RedSquirrel;1
11/06/2023;2;23;25;00:30:00;N;Empoli_Serravalle;2023;spring;Coypu;1
11/06/2023;2;23;25;00:30:00;N;Empoli_Serravalle;2023;spring;Coypu;1
11/06/2023;2;23;25;01:02:00;N;Empoli_Serravalle;2023;spring;Coypu;1
11/06/2023;2;23;25;04:04:00;N;Empoli_Serravalle;2023;spring;Coypu;1
11/06/2023;2;23;25;05:24:00;N;Sesto2;2023;spring;BlackRat;1
11/06/2023;2;23;25;07:49:00;D;Osmannoro;2023;spring;Human;1
11/06/2023;2;23;25;21:23:00;N;Empoli_Serravalle;2023;spring;Coypu;1
11/06/2023;2;23;25;21:23:00;N;Empoli_Serravalle;2023;spring;Coypu;1
11/06/2023;2;23;25;21:23:00;N;Empoli_Serravalle;2023;spring;Coypu;1
11/06/2023;2;23;25;21:23:00;N;Empoli_Serravalle;2023;spring;Coypu;1
11/06/2023;2;23;25;22:47:00;N;Empoli_Serravalle;2023;spring;Coypu;1
12/06/2023;2;24;25;08:41:00;D;Osmannoro;2023;spring;Human;1
12/06/2023;2;24;25;13:51:00;D;Osmannoro;2023;spring;Human;1
12/06/2023;2;24;25;14:19:00;D;Osmannoro;2023;spring;Human;1
12/06/2023;2;24;25;14:23:00;D;Osmannoro;2023;spring;Human;1
12/06/2023;2;24;25;05:30:00;N;Osmannoro;2023;spring;Human;1
12/06/2023;2;24;25;07:30:00;D;Osmannoro;2023;spring;Human;1
12/06/2023;2;24;25;11:13:00;D;Empoli_Serravalle;2023;spring;Coypu;1
12/06/2023;2;24;25;11:13:00;D;Empoli_Serravalle;2023;spring;Coypu;1
12/06/2023;2;24;25;11:13:00;D;Empoli_Serravalle;2023;spring;Coypu;1
12/06/2023;2;24;25;11:13:00;D;Empoli_Serravalle;2023;spring;Coypu;1
12/06/2023;2;24;25;11:23:00;D;Empoli_Serravalle;2023;spring;Coypu;1
12/06/2023;2;24;25;11:24:00;D;Empoli_Serravalle;2023;spring;Coypu;1
12/06/2023;2;24;25;11:25:00;D;Empoli_Serravalle;2023;spring;Coypu;1
12/06/2023;2;24;25;11:25:00;D;Empoli_Serravalle;2023;spring;Coypu;1
12/06/2023;2;24;25;13:18:00;D;Osmannoro;2023;spring;Human;1
12/06/2023;2;24;25;14:30:00;D;Osmannoro;2023;spring;Human;1
12/06/2023;2;24;25;16:33:00;D;Osmannoro;2023;spring;Human;2
12/06/2023;2;24;25;02:38:24;N;Empoli_Serravalle;2023;spring;Coypu;1
13/06/2023;2;25;25;10:47:00;D;Osmannoro;2023;spring;Human;1
13/06/2023;2;25;25;14:03:00;D;Osmannoro;2023;spring;Human;1
13/06/2023;2;25;25;14:59:00;D;Osmannoro;2023;spring;Human;2
13/06/2023;2;25;25;15:39:00;D;Osmannoro;2023;spring;Human;1
13/06/2023;2;25;25;17:17:00;D;Osmannoro;2023;spring;Human;2
13/06/2023;2;25;25;10:59:00;D;Osmannoro;2023;spring;Human;1
13/06/2023;2;25;25;11:26:00;D;Empoli_Serravalle;2023;spring;Coypu;1
13/06/2023;2;25;25;11:26:00;D;Empoli_Serravalle;2023;spring;Coypu;1
13/06/2023;2;25;25;11:41:00;D;Empoli_Serravalle;2023;spring;Coypu;1
13/06/2023;2;25;25;11:42:00;D;Empoli_Serravalle;2023;spring;Coypu;1
13/06/2023;2;25;25;15:09:00;D;Osmannoro;2023;spring;Human;1
13/06/2023;2;25;25;16:42:00;D;Osmannoro;2023;spring;Human;1
13/06/2023;2;25;25;17:16:00;D;Cascine;2023;spring;RedSquirrel;1
13/06/2023;2;25;25;04:21:00;N;Empoli_Serravalle;2023;spring;Coypu;2
13/06/2023;2;25;25;04:21:00;N;Empoli_Serravalle;2023;spring;Coypu;1
13/06/2023;2;25;25;04:49:00;N;Empoli_Serravalle;2023;spring;Coypu;2
13/06/2023;2;25;25;07:07:00;N;Osmannoro;2023;spring;Human;1
13/06/2023;2;25;25;07:50:00;D;Osmannoro;2023;spring;Human;1
13/06/2023;2;25;25;21:12:00;N;Empoli_Serravalle;2023;spring;Coypu;2
13/06/2023;2;25;25;21:17:00;N;Empoli_Serravalle;2023;spring;Coypu;1
13/06/2023;2;25;25;23:26:00;N;Empoli_Serravalle;2023;spring;Coypu;1
13/06/2023;2;25;25;23:42:00;N;Empoli_Serravalle;2023;spring;Coypu;1
14/06/2023;1;26;25;08:22:00;D;Osmannoro;2023;spring;Human;1
14/06/2023;1;26;25;08:27:00;D;Osmannoro;2023;spring;Human;1
14/06/2023;1;26;25;09:08:00;D;Osmannoro;2023;spring;Human;2
14/06/2023;1;26;25;09:22:00;D;Osmannoro;2023;spring;Human;2
14/06/2023;1;26;25;09:27:00;D;Osmannoro;2023;spring;Human;2
14/06/2023;1;26;25;09:37:00;D;Osmannoro;2023;spring;Human;2
14/06/2023;1;26;25;11:05:00;D;Osmannoro;2023;spring;Human;2
14/06/2023;1;26;25;11:43:00;D;Osmannoro;2023;spring;Human;1
14/06/2023;1;26;25;12:07:00;D;Osmannoro;2023;spring;Human;1
14/06/2023;1;26;25;12:47:00;D;Osmannoro;2023;spring;Human;2
14/06/2023;1;26;25;12:57:00;D;Osmannoro;2023;spring;Human;2
14/06/2023;1;26;25;13:22:00;D;Osmannoro;2023;spring;Human;1
14/06/2023;1;26;25;13:22:00;D;Osmannoro;2023;spring;Human;2
14/06/2023;1;26;25;13:26:00;D;Osmannoro;2023;spring;Human;2
14/06/2023;1;26;25;15:09:00;D;Osmannoro;2023;spring;Human;1
14/06/2023;1;26;25;16:20:00;D;Osmannoro;2023;spring;Human;1
14/06/2023;1;26;25;03:24:00;N;Osmannoro;2023;spring;Human;2
14/06/2023;1;26;25;06:59:00;D;Osmannoro;2023;spring;Human;2
14/06/2023;1;26;25;18:12:00;N;Bagno_a_Ripoli;2023;spring;Coypu;2
14/06/2023;1;26;25;20:43:00;N;Bagno_a_Ripoli;2023;spring;Coypu;2
14/06/2023;1;26;25;17:09:00;D;Cascine;2023;spring;RedSquirrel;1
14/06/2023;1;26;25;04:50:00;N;Empoli_Serravalle;2023;spring;Coypu;1
14/06/2023;1;26;25;04:54:00;N;Empoli_Serravalle;2023;spring;Coypu;1
14/06/2023;1;26;25;04:55:00;N;Empoli_Serravalle;2023;spring;Coypu;1
14/06/2023;1;26;25;05:51:00;N;Empoli_Serravalle;2023;spring;Coypu;1
14/06/2023;1;26;25;05:53:00;N;Empoli_Serravalle;2023;spring;Coypu;1
14/06/2023;1;26;25;05:57:00;N;Empoli_Serravalle;2023;spring;Coypu;1
14/06/2023;1;26;25;06:02:00;N;Empoli_Serravalle;2023;spring;Coypu;2
14/06/2023;1;26;25;06:15:00;N;Empoli_Serravalle;2023;spring;Coypu;1
14/06/2023;1;26;25;06:18:00;N;Empoli_Serravalle;2023;spring;Coypu;4
14/06/2023;1;26;25;06:18:00;N;Empoli_Serravalle;2023;spring;Coypu;1
14/06/2023;1;26;25;06:18:00;N;Empoli_Serravalle;2023;spring;Coypu;1
14/06/2023;1;26;25;06:39:00;N;Empoli_Serravalle;2023;spring;Coypu;2
14/06/2023;1;26;25;06:39:00;N;Empoli_Serravalle;2023;spring;Coypu;3
14/06/2023;1;26;25;06:39:00;N;Empoli_Serravalle;2023;spring;Coypu;1
14/06/2023;1;26;25;06:39:00;N;TorrinoSantarosa;2023;spring;AegyptianGoose;2
14/06/2023;1;26;25;06:39:00;N;TorrinoSantarosa;2023;spring;AegyptianGoose;3
14/06/2023;1;26;25;06:39:00;N;TorrinoSantarosa;2023;spring;AegyptianGoose;1
14/06/2023;1;26;25;07:32:00;D;Empoli_Serravalle;2023;spring;Coypu;1
14/06/2023;1;26;25;07:32:00;D;Empoli_Serravalle;2023;spring;Coypu;2
14/06/2023;1;26;25;07:34:00;D;Empoli_Serravalle;2023;spring;Coypu;1
14/06/2023;1;26;25;07:34:00;D;Empoli_Serravalle;2023;spring;Coypu;1
14/06/2023;1;26;25;07:35:00;D;Empoli_Serravalle;2023;spring;Coypu;1
15/06/2023;1;27;25;09:13:00;D;Osmannoro;2023;spring;Human;2
15/06/2023;1;27;25;09:30:00;D;Osmannoro;2023;spring;Human;2
15/06/2023;1;27;25;09:36:00;D;Osmannoro;2023;spring;Human;1
15/06/2023;1;27;25;09:36:00;D;Osmannoro;2023;spring;Human;2
15/06/2023;1;27;25;09:38:00;D;Osmannoro;2023;spring;Human;2
15/06/2023;1;27;25;09:39:00;D;Osmannoro;2023;spring;Human;2
15/06/2023;1;27;25;09:45:00;D;Osmannoro;2023;spring;Human;2
15/06/2023;1;27;25;09:45:00;D;TorrinoSantarosa;2023;spring;AegyptianGoose;2
15/06/2023;1;27;25;09:46:00;D;Osmannoro;2023;spring;Human;2
15/06/2023;1;27;25;09:48:00;D;Osmannoro;2023;spring;Human;2
15/06/2023;1;27;25;09:57:00;D;Osmannoro;2023;spring;Human;2
15/06/2023;1;27;25;10:10:00;D;Osmannoro;2023;spring;Human;2
15/06/2023;1;27;25;10:48:00;D;Osmannoro;2023;spring;Human;2
15/06/2023;1;27;25;11:19:00;D;Osmannoro;2023;spring;Human;2
15/06/2023;1;27;25;11:23:00;D;Osmannoro;2023;spring;Human;1
15/06/2023;1;27;25;11:23:00;D;Osmannoro;2023;spring;Human;2
15/06/2023;1;27;25;12:29:00;D;Osmannoro;2023;spring;Human;2
15/06/2023;1;27;25;12:29:00;D;Osmannoro;2023;spring;Human;2
15/06/2023;1;27;25;12:54:00;D;Osmannoro;2023;spring;Human;1
15/06/2023;1;27;25;14:36:00;D;Osmannoro;2023;spring;Human;1
15/06/2023;1;27;25;14:36:00;D;Osmannoro;2023;spring;Human;2
15/06/2023;1;27;25;14:43:00;D;Osmannoro;2023;spring;Human;1
15/06/2023;1;27;25;16:15:00;D;Osmannoro;2023;spring;Human;2
15/06/2023;1;27;25;16:39:00;D;Osmannoro;2023;spring;Human;2
15/06/2023;1;27;25;04:48:00;N;Osmannoro;2023;spring;Human;2
15/06/2023;1;27;25;18:12:00;D;Osmannoro;2023;spring;Human;1
15/06/2023;1;27;25;18:41:00;D;Osmannoro;2023;spring;Human;1
15/06/2023;1;27;25;08:32:00;D;Empoli_Serravalle;2023;spring;Coypu;1
15/06/2023;1;27;25;08:39:00;D;Osmannoro;2023;spring;Human;1
15/06/2023;1;27;25;08:41:00;D;Empoli_Serravalle;2023;spring;Coypu;1
15/06/2023;1;27;25;08:42:00;D;Empoli_Serravalle;2023;spring;Coypu;1
15/06/2023;1;27;25;08:51:00;D;Empoli_Serravalle;2023;spring;Coypu;1
15/06/2023;1;27;25;08:51:00;D;Empoli_Serravalle;2023;spring;Coypu;1
15/06/2023;1;27;25;08:51:00;D;Empoli_Serravalle;2023;spring;Coypu;1
15/06/2023;1;27;25;09:20:00;D;Osmannoro;2023;spring;Human;1
15/06/2023;1;27;25;09:51:00;D;Osmannoro;2023;spring;Human;1
15/06/2023;1;27;25;13:24:00;D;Osmannoro;2023;spring;Human;1
15/06/2023;1;27;25;01:08:00;N;Empoli_Serravalle;2023;spring;Coypu;1
15/06/2023;1;27;25;01:37:00;N;Empoli_Serravalle;2023;spring;Coypu;2
15/06/2023;1;27;25;02:11:00;N;Empoli_Serravalle;2023;spring;Coypu;1
15/06/2023;1;27;25;02:15:00;N;Empoli_Serravalle;2023;spring;Coypu;2
15/06/2023;1;27;25;02:36:00;N;Empoli_Serravalle;2023;spring;Coypu;1
15/06/2023;1;27;25;04:22:00;N;Osmannoro;2023;spring;Human;1
15/06/2023;1;27;25;05:52:00;N;Empoli_Serravalle;2023;spring;Coypu;2
15/06/2023;1;27;25;06:25:00;N;Empoli_Serravalle;2023;spring;Coypu;1
15/06/2023;1;27;25;06:41:00;N;Empoli_Serravalle;2023;spring;Coypu;1
15/06/2023;1;27;25;06:55:00;N;Empoli_Serravalle;2023;spring;Coypu;1
15/06/2023;1;27;25;06:55:00;N;Empoli_Serravalle;2023;spring;Coypu;1
15/06/2023;1;27;25;21:19:00;N;Empoli_Serravalle;2023;spring;Coypu;4
15/06/2023;1;27;25;21:24:00;N;Empoli_Serravalle;2023;spring;Coypu;4
15/06/2023;1;27;25;21:25:00;N;Empoli_Serravalle;2023;spring;Coypu;1
15/06/2023;1;27;25;21:42:00;N;Empoli_Serravalle;2023;spring;Coypu;1
15/06/2023;1;27;25;22:00:00;N;Empoli_Serravalle;2023;spring;Coypu;2
15/06/2023;1;27;25;22:02:00;N;Empoli_Serravalle;2023;spring;Coypu;3
15/06/2023;1;27;25;22:05:00;N;Empoli_Serravalle;2023;spring;Coypu;1
15/06/2023;1;27;25;22:06:00;N;Empoli_Serravalle;2023;spring;Coypu;1
15/06/2023;1;27;25;22:17:00;N;Empoli_Serravalle;2023;spring;Coypu;1
15/06/2023;1;27;25;22:17:00;N;Empoli_Serravalle;2023;spring;Coypu;1
15/06/2023;1;27;25;22:18:00;N;Empoli_Serravalle;2023;spring;Coypu;1
15/06/2023;1;27;25;22:22:00;N;Empoli_Serravalle;2023;spring;Coypu;1
15/06/2023;1;27;25;22:36:00;N;Empoli_Serravalle;2023;spring;Coypu;1
15/06/2023;1;27;25;23:00:00;N;Empoli_Serravalle;2023;spring;Coypu;1
15/06/2023;1;27;25;23:33:00;N;Empoli_Serravalle;2023;spring;Coypu;2
16/06/2023;1;28;25;09:08:00;D;Osmannoro;2023;spring;Human;1
16/06/2023;1;28;25;09:30:00;D;Osmannoro;2023;spring;Human;1
16/06/2023;1;28;25;09:39:00;D;Osmannoro;2023;spring;Human;2
16/06/2023;1;28;25;09:43:00;D;TorrinoSantarosa;2023;spring;AegyptianGoose;2
16/06/2023;1;28;25;09:43:00;D;Osmannoro;2023;spring;Human;2
16/06/2023;1;28;25;10:50:00;D;Osmannoro;2023;spring;Human;2
16/06/2023;1;28;25;11:04:00;D;Osmannoro;2023;spring;Human;2
16/06/2023;1;28;25;11:25:00;D;Osmannoro;2023;spring;Human;2
16/06/2023;1;28;25;12:04:00;D;Osmannoro;2023;spring;Human;2
16/06/2023;1;28;25;12:48:00;D;Osmannoro;2023;spring;Human;1
16/06/2023;1;28;25;13:56:00;D;Osmannoro;2023;spring;Human;2
16/06/2023;1;28;25;14:44:00;D;Osmannoro;2023;spring;Human;1
16/06/2023;1;28;25;14:44:00;D;Osmannoro;2023;spring;Human;2
16/06/2023;1;28;25;14:57:00;D;Osmannoro;2023;spring;Human;2
16/06/2023;1;28;25;15:40:00;D;Osmannoro;2023;spring;Human;2
16/06/2023;1;28;25;15:53:00;D;Osmannoro;2023;spring;Human;2
16/06/2023;1;28;25;16:11:00;D;Osmannoro;2023;spring;Human;1
16/06/2023;1;28;25;16:16:00;D;Osmannoro;2023;spring;Human;2
16/06/2023;1;28;25;04:23:00;N;Osmannoro;2023;spring;Human;1
16/06/2023;1;28;25;05:29:00;N;Osmannoro;2023;spring;Human;1
16/06/2023;1;28;25;18:56:00;D;Osmannoro;2023;spring;Human;2
16/06/2023;1;28;25;08:32:00;D;Osmannoro;2023;spring;Human;1
16/06/2023;1;28;25;09:24:00;D;Osmannoro;2023;spring;Human;1
16/06/2023;1;28;25;09:49:00;D;Osmannoro;2023;spring;Human;1
16/06/2023;1;28;25;11:01:00;D;Osmannoro;2023;spring;Human;1
16/06/2023;1;28;25;12:52:00;D;Osmannoro;2023;spring;Human;1
16/06/2023;1;28;25;13:38:00;D;Osmannoro;2023;spring;Human;1
16/06/2023;1;28;25;14:40:00;D;Osmannoro;2023;spring;Human;1
16/06/2023;1;28;25;14:57:00;D;Osmannoro;2023;spring;Human;1
16/06/2023;1;28;25;16:12:00;D;Osmannoro;2023;spring;Human;1
16/06/2023;1;28;25;16:20:00;D;Osmannoro;2023;spring;Human;1
16/06/2023;1;28;25;17:30:00;D;Osmannoro;2023;spring;Human;1
16/06/2023;1;28;25;17:30:00;D;TorrinoSantarosa;2023;spring;AegyptianGoose;1
16/06/2023;1;28;25;00:25:00;N;Empoli_Serravalle;2023;spring;Coypu;1
16/06/2023;1;28;25;00:28:00;N;Empoli_Serravalle;2023;spring;Coypu;1
16/06/2023;1;28;25;00:31:00;N;Empoli_Serravalle;2023;spring;Coypu;1
16/06/2023;1;28;25;00:45:00;N;Empoli_Serravalle;2023;spring;Coypu;1
16/06/2023;1;28;25;00:48:00;N;Empoli_Serravalle;2023;spring;Coypu;1
16/06/2023;1;28;25;00:50:00;N;Empoli_Serravalle;2023;spring;Coypu;1
16/06/2023;1;28;25;00:55:00;N;Empoli_Serravalle;2023;spring;Coypu;1
16/06/2023;1;28;25;01:00:00;N;Empoli_Serravalle;2023;spring;Coypu;1
16/06/2023;1;28;25;01:13:00;N;Empoli_Serravalle;2023;spring;Coypu;1
16/06/2023;1;28;25;01:30:00;N;Empoli_Serravalle;2023;spring;Coypu;1
16/06/2023;1;28;25;01:32:00;N;Empoli_Serravalle;2023;spring;Coypu;1
16/06/2023;1;28;25;01:53:00;N;Empoli_Serravalle;2023;spring;Coypu;1
16/06/2023;1;28;25;02:19:00;N;Empoli_Serravalle;2023;spring;Coypu;1
16/06/2023;1;28;25;03:35:00;N;Empoli_Serravalle;2023;spring;Coypu;1
16/06/2023;1;28;25;03:38:00;N;Empoli_Serravalle;2023;spring;Coypu;1
16/06/2023;1;28;25;03:55:00;N;Empoli_Serravalle;2023;spring;Coypu;1
16/06/2023;1;28;25;03:59:00;N;Empoli_Serravalle;2023;spring;Coypu;1
16/06/2023;1;28;25;04:12:00;N;Empoli_Serravalle;2023;spring;Coypu;1
16/06/2023;1;28;25;04:45:00;N;Osmannoro;2023;spring;Human;1
16/06/2023;1;28;25;05:42:00;N;Empoli_Serravalle;2023;spring;Coypu;1
16/06/2023;1;28;25;05:59:00;N;Empoli_Serravalle;2023;spring;Coypu;1
16/06/2023;1;28;25;06:01:00;N;Empoli_Serravalle;2023;spring;Coypu;1
16/06/2023;1;28;25;06:01:00;N;Empoli_Serravalle;2023;spring;Coypu;1
16/06/2023;1;28;25;06:08:00;N;Empoli_Serravalle;2023;spring;Coypu;1
16/06/2023;1;28;25;06:13:00;N;Empoli_Serravalle;2023;spring;Coypu;1
16/06/2023;1;28;25;06:16:00;N;Empoli_Serravalle;2023;spring;Coypu;1
16/06/2023;1;28;25;06:23:00;N;Osmannoro;2023;spring;Human;1
16/06/2023;1;28;25;07:57:00;D;Osmannoro;2023;spring;Human;1
16/06/2023;1;28;25;21:28:00;N;Empoli_Serravalle;2023;spring;Coypu;1
16/06/2023;1;28;25;21:29:27;N;Cascine;2023;spring;StoneMarten;1
16/06/2023;1;28;25;21:39:00;N;Empoli_Serravalle;2023;spring;Coypu;1
16/06/2023;1;28;25;21:39:00;N;Osmannoro;2023;spring;Human;1
16/06/2023;1;28;25;21:46:00;N;Empoli_Serravalle;2023;spring;Coypu;1
16/06/2023;1;28;25;22:19:00;N;Empoli_Serravalle;2023;spring;Coypu;1
16/06/2023;1;28;25;22:36:00;N;Empoli_Serravalle;2023;spring;Coypu;1
16/06/2023;1;28;25;22:37:00;N;Empoli_Serravalle;2023;spring;Coypu;1
16/06/2023;1;28;25;22:37:00;N;Empoli_Serravalle;2023;spring;Coypu;1
16/06/2023;1;28;25;22:42:00;N;Empoli_Serravalle;2023;spring;Coypu;1
16/06/2023;1;28;25;22:42:00;N;Empoli_Serravalle;2023;spring;Coypu;1
16/06/2023;1;28;25;22:53:00;N;Empoli_Serravalle;2023;spring;Coypu;1
16/06/2023;1;28;25;23:15:00;N;Empoli_Serravalle;2023;spring;Coypu;1
17/06/2023;1;29;0;08:19:00;D;Osmannoro;2023;spring;Human;2
17/06/2023;1;29;0;12:20:00;D;Osmannoro;2023;spring;Human;2
17/06/2023;1;29;0;12:41:00;D;Osmannoro;2023;spring;Human;2
17/06/2023;1;29;0;13:38:00;D;Osmannoro;2023;spring;Human;1
17/06/2023;1;29;0;14:12:00;D;Osmannoro;2023;spring;Human;1
17/06/2023;1;29;0;14:20:00;D;Osmannoro;2023;spring;Human;2
17/06/2023;1;29;0;15:07:00;D;Osmannoro;2023;spring;Human;2
17/06/2023;1;29;0;15:19:00;D;Osmannoro;2023;spring;Human;1
17/06/2023;1;29;0;16:50:00;D;Osmannoro;2023;spring;Human;1
17/06/2023;1;29;0;17:55:00;D;Osmannoro;2023;spring;Human;1
17/06/2023;1;29;0;17:55:00;D;Osmannoro;2023;spring;Human;2
17/06/2023;1;29;0;17:56:00;D;Osmannoro;2023;spring;Human;2
17/06/2023;1;29;0;17:56:00;D;Osmannoro;2023;spring;Human;2
17/06/2023;1;29;0;00:37:00;N;Osmannoro;2023;spring;Human;2
17/06/2023;1;29;0;19:07:00;D;Osmannoro;2023;spring;Human;1
17/06/2023;1;29;0;11:12:00;D;Osmannoro;2023;spring;Human;1
17/06/2023;1;29;0;13:37:00;D;Osmannoro;2023;spring;Human;1
17/06/2023;1;29;0;14:48:00;D;Osmannoro;2023;spring;Human;1
17/06/2023;1;29;0;15:19:00;D;Osmannoro;2023;spring;Human;1
17/06/2023;1;29;0;16:55:00;D;Osmannoro;2023;spring;Human;1
17/06/2023;1;29;0;17:49:00;D;Osmannoro;2023;spring;Human;1
17/06/2023;1;29;0;00:39:00;N;Empoli_Serravalle;2023;spring;Coypu;1
17/06/2023;1;29;0;00:39:00;N;Empoli_Serravalle;2023;spring;Coypu;1
17/06/2023;1;29;0;00:57:00;N;Empoli_Serravalle;2023;spring;Coypu;1
17/06/2023;1;29;0;01:05:00;N;Empoli_Serravalle;2023;spring;Coypu;1
17/06/2023;1;29;0;01:29:00;N;Empoli_Serravalle;2023;spring;Coypu;1
17/06/2023;1;29;0;04:03:00;N;Empoli_Serravalle;2023;spring;Coypu;1
17/06/2023;1;29;0;05:19:00;N;Empoli_Serravalle;2023;spring;Coypu;1
17/06/2023;1;29;0;05:54:00;N;Empoli_Serravalle;2023;spring;Coypu;1
17/06/2023;1;29;0;05:55:00;N;Empoli_Serravalle;2023;spring;Coypu;1
17/06/2023;1;29;0;05:55:00;N;Empoli_Serravalle;2023;spring;Coypu;1
17/06/2023;1;29;0;05:56:00;N;Empoli_Serravalle;2023;spring;Coypu;1
17/06/2023;1;29;0;05:58:00;N;Empoli_Serravalle;2023;spring;Coypu;1
17/06/2023;1;29;0;06:48:00;N;Osmannoro;2023;spring;Human;1
17/06/2023;1;29;0;07:07:00;N;Osmannoro;2023;spring;Human;1
17/06/2023;1;29;0;07:33:00;D;Empoli_Serravalle;2023;spring;Coypu;1
17/06/2023;1;29;0;07:33:00;D;Empoli_Serravalle;2023;spring;Coypu;1
17/06/2023;1;29;0;07:41:00;D;Empoli_Serravalle;2023;spring;Coypu;1
17/06/2023;1;29;0;07:51:00;D;Osmannoro;2023;spring;Human;1
17/06/2023;1;29;0;19:18:00;D;Osmannoro;2023;spring;Human;1
17/06/2023;1;29;0;21:23:00;N;Empoli_Serravalle;2023;spring;Coypu;1
17/06/2023;1;29;0;21:59:00;N;Empoli_Serravalle;2023;spring;Coypu;1
17/06/2023;1;29;0;22:01:00;N;Empoli_Serravalle;2023;spring;Coypu;1
17/06/2023;1;29;0;22:01:00;N;Empoli_Serravalle;2023;spring;Coypu;1
17/06/2023;1;29;0;22:03:00;N;Empoli_Serravalle;2023;spring;Coypu;1
17/06/2023;1;29;0;22:11:00;N;Empoli_Serravalle;2023;spring;Coypu;1
17/06/2023;1;29;0;22:13:00;N;Empoli_Serravalle;2023;spring;Coypu;1
17/06/2023;1;29;0;22:16:00;N;Empoli_Serravalle;2023;spring;Coypu;1
17/06/2023;1;29;0;22:19:00;N;Empoli_Serravalle;2023;spring;Coypu;1
17/06/2023;1;29;0;22:41:00;N;Empoli_Serravalle;2023;spring;Coypu;1
18/06/2023;1;1;0;08:51:00;D;Osmannoro;2023;spring;Human;2
18/06/2023;1;1;0;08:51:00;D;TorrinoSantarosa;2023;spring;AegyptianGoose;2
18/06/2023;1;1;0;09:49:00;D;Osmannoro;2023;spring;Human;1
18/06/2023;1;1;0;10:27:00;D;Osmannoro;2023;spring;Human;1
18/06/2023;1;1;0;10:27:00;D;Osmannoro;2023;spring;Human;2
18/06/2023;1;1;0;11:07:00;D;Osmannoro;2023;spring;Human;1
18/06/2023;1;1;0;13:40:00;D;Osmannoro;2023;spring;Human;1
18/06/2023;1;1;0;13:43:00;D;Osmannoro;2023;spring;Human;1
18/06/2023;1;1;0;13:49:00;D;Osmannoro;2023;spring;Human;2
18/06/2023;1;1;0;15:58:00;D;Osmannoro;2023;spring;Human;2
18/06/2023;1;1;0;15:58:00;D;Osmannoro;2023;spring;Human;2
18/06/2023;1;1;0;16:19:00;D;Osmannoro;2023;spring;Human;1
18/06/2023;1;1;0;17:45:00;D;Sesto2;2023;spring;SardinianWarbler;1
18/06/2023;1;1;0;04:34:00;N;Osmannoro;2023;spring;Human;1
18/06/2023;1;1;0;06:21:00;D;Osmannoro;2023;spring;Human;2
18/06/2023;1;1;0;06:31:00;D;Osmannoro;2023;spring;Human;1
18/06/2023;1;1;0;06:31:00;D;Osmannoro;2023;spring;Human;2
18/06/2023;1;1;0;07:20:00;D;Osmannoro;2023;spring;Human;2
18/06/2023;1;1;0;21:24:00;N;Osmannoro;2023;spring;Human;1
18/06/2023;1;1;0;23:25:00;N;Empoli_Serravalle;2023;spring;RedFox;1
18/06/2023;1;1;0;06:09:00;N;Bagno_a_Ripoli;2023;spring;Coypu;1
18/06/2023;1;1;0;18:25:00;N;Bagno_a_Ripoli;2023;spring;Coypu;3
18/06/2023;1;1;0;21:02:00;N;Bagno_a_Ripoli;2023;spring;Coypu;1
18/06/2023;1;1;0;09:22:00;D;Osmannoro;2023;spring;Human;1
18/06/2023;1;1;0;11:03:00;D;Osmannoro;2023;spring;Human;1
18/06/2023;1;1;0;00:58:00;N;Empoli_Serravalle;2023;spring;Coypu;1
18/06/2023;1;1;0;00:59:00;N;Empoli_Serravalle;2023;spring;Coypu;1
18/06/2023;1;1;0;01:06:00;N;Empoli_Serravalle;2023;spring;Coypu;1
18/06/2023;1;1;0;03:00:00;N;Empoli_Serravalle;2023;spring;Coypu;1
18/06/2023;1;1;0;03:56:00;N;Empoli_Serravalle;2023;spring;Coypu;1
18/06/2023;1;1;0;03:59:00;N;Empoli_Serravalle;2023;spring;Coypu;1
18/06/2023;1;1;0;04:10:00;N;Empoli_Serravalle;2023;spring;Coypu;1
18/06/2023;1;1;0;05:08:00;N;Empoli_Serravalle;2023;spring;Coypu;1
18/06/2023;1;1;0;05:11:00;N;Empoli_Serravalle;2023;spring;Coypu;1
18/06/2023;1;1;0;21:03:00;N;Empoli_Serravalle;2023;spring;Coypu;1
18/06/2023;1;1;0;21:12:00;N;Empoli_Serravalle;2023;spring;Coypu;1
18/06/2023;1;1;0;21:15:00;N;Empoli_Serravalle;2023;spring;Coypu;1
18/06/2023;1;1;0;22:23:00;N;Empoli_Serravalle;2023;spring;Coypu;1
18/06/2023;1;1;0;22:24:00;N;Empoli_Serravalle;2023;spring;Coypu;1
18/06/2023;1;1;0;22:41:00;N;Empoli_Serravalle;2023;spring;Coypu;1
18/06/2023;1;1;0;22:50:00;N;Empoli_Serravalle;2023;spring;Coypu;1
18/06/2023;1;1;0;23:07:00;N;Empoli_Serravalle;2023;spring;Coypu;1
18/06/2023;1;1;0;23:12:00;N;Empoli_Serravalle;2023;spring;Coypu;1
18/06/2023;1;1;0;23:16:00;N;Empoli_Serravalle;2023;spring;Coypu;1
18/06/2023;1;1;0;23:30:00;N;Empoli_Serravalle;2023;spring;Coypu;1
18/06/2023;1;1;0;23:33:00;N;Empoli_Serravalle;2023;spring;Coypu;1
19/06/2023;1;2;0;08:29:00;D;Osmannoro;2023;spring;Human;1
19/06/2023;1;2;0;09:52:00;D;Osmannoro;2023;spring;Human;1
19/06/2023;1;2;0;14:46:00;D;Osmannoro;2023;spring;Human;2
19/06/2023;1;2;0;07:00:00;D;Osmannoro;2023;spring;Human;2
19/06/2023;1;2;0;07:17:00;D;Osmannoro;2023;spring;Human;1
19/06/2023;1;2;0;07:57:00;D;Osmannoro;2023;spring;Human;1
19/06/2023;1;2;0;21:00:00;N;Osmannoro;2023;spring;Human;1
19/06/2023;1;2;0;08:02:00;N;Bagno_a_Ripoli;2023;spring;Coypu;2
19/06/2023;1;2;0;01:30:00;N;Empoli_Serravalle;2023;spring;Coypu;1
19/06/2023;1;2;0;01:33:00;N;Empoli_Serravalle;2023;spring;Coypu;1
19/06/2023;1;2;0;01:33:00;N;Empoli_Serravalle;2023;spring;Coypu;1
19/06/2023;1;2;0;01:53:00;N;Empoli_Serravalle;2023;spring;Coypu;1
19/06/2023;1;2;0;02:07:00;N;Empoli_Serravalle;2023;spring;Coypu;1
19/06/2023;1;2;0;06:13:00;N;Empoli_Serravalle;2023;spring;Coypu;1
19/06/2023;1;2;0;21:19:00;N;Empoli_Serravalle;2023;spring;Coypu;1
20/06/2023;1;3;0;08:04:00;D;Osmannoro;2023;spring;Human;1
20/06/2023;1;3;0;08:47:00;D;Osmannoro;2023;spring;Human;2
20/06/2023;1;3;0;09:04:00;D;Osmannoro;2023;spring;Human;1
20/06/2023;1;3;0;09:11:00;D;Osmannoro;2023;spring;Human;2
20/06/2023;1;3;0;09:40:00;D;TorrinoSantarosa;2023;spring;AegyptianGoose;2
20/06/2023;1;3;0;09:40:00;D;Osmannoro;2023;spring;Human;2
20/06/2023;1;3;0;10:04:00;D;Osmannoro;2023;spring;Human;1
20/06/2023;1;3;0;10:25:00;D;Osmannoro;2023;spring;Human;2
20/06/2023;1;3;0;12:25:00;D;Osmannoro;2023;spring;Human;1
20/06/2023;1;3;0;12:25:00;D;Osmannoro;2023;spring;Human;2
20/06/2023;1;3;0;14:51:00;D;Osmannoro;2023;spring;Human;1
20/06/2023;1;3;0;16:41:00;D;Osmannoro;2023;spring;Human;1
20/06/2023;1;3;0;02:42:00;N;Sesto2;2023;spring;BlackRat;1
20/06/2023;1;3;0;05:59:00;N;Osmannoro;2023;spring;Human;2
20/06/2023;1;3;0;07:10:00;D;Sesto2;2023;spring;CommonPheasant;1
20/06/2023;1;3;0;07:11:00;D;Sesto2;2023;spring;CommonPheasant;1
20/06/2023;1;3;0;07:47:00;D;Osmannoro;2023;spring;Human;1
20/06/2023;1;3;0;07:52:00;D;Osmannoro;2023;spring;Human;2
20/06/2023;1;3;0;18:21:00;D;Osmannoro;2023;spring;Human;1
20/06/2023;1;3;0;19:03:00;D;Osmannoro;2023;spring;Human;1
20/06/2023;1;3;0;23:16:00;N;Bagno_a_Ripoli;2023;spring;Coypu;2
20/06/2023;1;3;0;00:05:00;N;Empoli_Serravalle;2023;spring;Coypu;1
20/06/2023;1;3;0;01:08:00;N;Empoli_Serravalle;2023;spring;Coypu;1
20/06/2023;1;3;0;01:14:00;N;Empoli_Serravalle;2023;spring;Coypu;1
20/06/2023;1;3;0;01:16:00;N;Empoli_Serravalle;2023;spring;Coypu;1
20/06/2023;1;3;0;04:30:00;N;Empoli_Serravalle;2023;spring;Coypu;1
20/06/2023;1;3;0;04:35:00;N;Empoli_Serravalle;2023;spring;Coypu;1
20/06/2023;1;3;0;05:05:00;N;Empoli_Serravalle;2023;spring;Coypu;1
20/06/2023;1;3;0;21:23:00;N;Empoli_Serravalle;2023;spring;Coypu;1
20/06/2023;1;3;0;21:31:00;N;Empoli_Serravalle;2023;spring;Coypu;1
20/06/2023;1;3;0;21:34:00;N;Empoli_Serravalle;2023;spring;Coypu;1
20/06/2023;1;3;0;21:35:00;N;Empoli_Serravalle;2023;spring;Coypu;1
20/06/2023;1;3;0;21:39:00;N;Empoli_Serravalle;2023;spring;Coypu;1
20/06/2023;1;3;0;21:54:00;N;Empoli_Serravalle;2023;spring;Coypu;1
20/06/2023;1;3;0;21:56:00;N;Empoli_Serravalle;2023;spring;Coypu;1
20/06/2023;1;3;0;22:03:00;N;Empoli_Serravalle;2023;spring;Coypu;1
20/06/2023;1;3;0;22:03:00;N;Empoli_Serravalle;2023;spring;Coypu;1
20/06/2023;1;3;0;22:35:00;N;Empoli_Serravalle;2023;spring;Coypu;1
20/06/2023;1;3;0;22:39:00;N;Empoli_Serravalle;2023;spring;Coypu;1
20/06/2023;1;3;0;23:59:00;N;Empoli_Serravalle;2023;spring;Coypu;1
21/06/2023;2;4;10;08:26:00;D;Osmannoro;2023;summer;Human;2
21/06/2023;2;4;10;10:09:00;D;Osmannoro;2023;summer;Human;2
21/06/2023;2;4;10;10:19:00;D;Osmannoro;2023;summer;Human;2
21/06/2023;2;4;10;11:57:00;D;Osmannoro;2023;summer;Human;1
21/06/2023;2;4;10;11:57:00;D;Osmannoro;2023;summer;Human;2
21/06/2023;2;4;10;12:03:00;D;Osmannoro;2023;summer;Human;2
21/06/2023;2;4;10;12:20:00;D;Osmannoro;2023;summer;Human;2
21/06/2023;2;4;10;14:27:00;D;Osmannoro;2023;summer;Human;2
21/06/2023;2;4;10;14:51:00;D;Osmannoro;2023;summer;Human;2
21/06/2023;2;4;10;15:16:00;D;Osmannoro;2023;summer;Human;2
21/06/2023;2;4;10;15:52:00;D;Osmannoro;2023;summer;Human;1
21/06/2023;2;4;10;16:26:00;D;Osmannoro;2023;summer;Human;2
21/06/2023;2;4;10;17:32:00;D;Osmannoro;2023;summer;Human;1
21/06/2023;2;4;10;00:11:00;N;Empoli_Serravalle;2023;summer;Coypu;1
21/06/2023;2;4;10;01:02:00;N;Empoli_Serravalle;2023;summer;Coypu;1
21/06/2023;2;4;10;01:34:00;N;Empoli_Serravalle;2023;summer;Coypu;1
21/06/2023;2;4;10;01:49:00;N;Empoli_Serravalle;2023;summer;Coypu;1
21/06/2023;2;4;10;02:12:00;N;Empoli_Serravalle;2023;summer;Coypu;1
21/06/2023;2;4;10;02:17:00;N;Empoli_Serravalle;2023;summer;Coypu;1
21/06/2023;2;4;10;02:55:00;N;Empoli_Serravalle;2023;summer;Coypu;1
21/06/2023;2;4;10;03:40:00;N;Empoli_Serravalle;2023;summer;Coypu;1
21/06/2023;2;4;10;03:46:00;N;Empoli_Serravalle;2023;summer;Coypu;1
21/06/2023;2;4;10;04:16:00;N;Empoli_Serravalle;2023;summer;Coypu;1
21/06/2023;2;4;10;04:16:00;N;Empoli_Serravalle;2023;summer;Coypu;1
21/06/2023;2;4;10;04:23:00;N;Sesto2;2023;summer;BlackRat;1
21/06/2023;2;4;10;04:26:00;N;Osmannoro;2023;summer;Human;1
21/06/2023;2;4;10;04:26:00;N;Osmannoro;2023;summer;Human;2
21/06/2023;2;4;10;04:38:00;N;Osmannoro;2023;summer;Human;1
21/06/2023;2;4;10;04:41:00;N;Empoli_Serravalle;2023;summer;Coypu;1
21/06/2023;2;4;10;06:27:00;D;Osmannoro;2023;summer;Human;1
21/06/2023;2;4;10;06:35:00;D;Empoli_Serravalle;2023;summer;Coypu;1
21/06/2023;2;4;10;06:36:00;D;Empoli_Serravalle;2023;summer;Coypu;1
21/06/2023;2;4;10;18:40:00;D;Osmannoro;2023;summer;Human;2
21/06/2023;2;4;10;21:15:00;N;Empoli_Serravalle;2023;summer;Coypu;1
21/06/2023;2;4;10;21:32:00;N;Empoli_Serravalle;2023;summer;Coypu;1
21/06/2023;2;4;10;22:13:00;N;Empoli_Serravalle;2023;summer;Coypu;1
21/06/2023;2;4;10;23:17:00;N;Empoli_Serravalle;2023;summer;Coypu;1
21/06/2023;2;4;10;23:21:00;N;Empoli_Serravalle;2023;summer;Coypu;1
21/06/2023;2;4;10;04:33:00;N;Bagno_a_Ripoli;2023;summer;Coypu;1
21/06/2023;2;4;10;04:33:00;N;Bagno_a_Ripoli;2023;summer;Coypu;2
21/06/2023;2;4;10;14:33:00;N;TorrinoSantaRosa;2023;summer;NorwayRat;1
21/06/2023;2;4;10;21:42:00;N;Bagno_a_Ripoli;2023;summer;Coypu;2
22/06/2023;2;5;10;08:22:00;D;Osmannoro;2023;summer;Human;2
22/06/2023;2;5;10;09:19:00;D;Osmannoro;2023;summer;Human;2
22/06/2023;2;5;10;09:19:00;D;Osmannoro;2023;summer;Human;2
22/06/2023;2;5;10;09:58:00;D;Osmannoro;2023;summer;Human;1
22/06/2023;2;5;10;10:48:00;D;Osmannoro;2023;summer;Human;1
22/06/2023;2;5;10;10:48:00;D;Osmannoro;2023;summer;Human;2
22/06/2023;2;5;10;12:09:00;D;Osmannoro;2023;summer;Human;2
22/06/2023;2;5;10;12:10:00;D;Osmannoro;2023;summer;Human;1
22/06/2023;2;5;10;13:58:00;D;Osmannoro;2023;summer;Human;1
22/06/2023;2;5;10;14:42:00;D;Osmannoro;2023;summer;Human;1
22/06/2023;2;5;10;14:47:00;D;Osmannoro;2023;summer;Human;1
22/06/2023;2;5;10;14:47:00;D;Osmannoro;2023;summer;Human;2
22/06/2023;2;5;10;14:59:00;D;Osmannoro;2023;summer;Human;2
22/06/2023;2;5;10;15:50:00;D;Osmannoro;2023;summer;Human;1
22/06/2023;2;5;10;16:00:00;D;Osmannoro;2023;summer;Human;2
22/06/2023;2;5;10;17:17:00;D;Osmannoro;2023;summer;Human;1
22/06/2023;2;5;10;17:31:00;D;Osmannoro;2023;summer;Human;2
22/06/2023;2;5;10;01:40:00;N;Empoli_Serravalle;2023;summer;Coypu;1
22/06/2023;2;5;10;01:49:00;N;Empoli_Serravalle;2023;summer;Coypu;1
22/06/2023;2;5;10;01:54:00;N;Empoli_Serravalle;2023;summer;Coypu;1
22/06/2023;2;5;10;02:10:00;N;Sesto2;2023;summer;BlackRat;2
22/06/2023;2;5;10;02:31:00;N;Empoli_Serravalle;2023;summer;Coypu;1
22/06/2023;2;5;10;03:47:00;N;Empoli_Serravalle;2023;summer;Coypu;1
22/06/2023;2;5;10;03:55:00;N;Empoli_Serravalle;2023;summer;Coypu;1
22/06/2023;2;5;10;04:01:00;N;Empoli_Serravalle;2023;summer;Coypu;1
22/06/2023;2;5;10;04:18:00;N;Empoli_Serravalle;2023;summer;Coypu;1
22/06/2023;2;5;10;04:21:00;N;Osmannoro;2023;summer;Human;1
22/06/2023;2;5;10;04:53:00;N;Empoli_Serravalle;2023;summer;Coypu;1
22/06/2023;2;5;10;04:57:00;N;Empoli_Serravalle;2023;summer;Coypu;1
22/06/2023;2;5;10;06:57:00;D;Osmannoro;2023;summer;Human;2
22/06/2023;2;5;10;07:15:00;D;Osmannoro;2023;summer;Human;2
22/06/2023;2;5;10;07:31:00;D;Osmannoro;2023;summer;Human;1
22/06/2023;2;5;10;07:41:00;D;Osmannoro;2023;summer;Human;1
22/06/2023;2;5;10;07:41:00;D;Osmannoro;2023;summer;Human;2
22/06/2023;2;5;10;07:56:00;D;Osmannoro;2023;summer;Human;1
22/06/2023;2;5;10;07:56:00;D;Osmannoro;2023;summer;Human;2
22/06/2023;2;5;10;22:11:00;N;Empoli_Serravalle;2023;summer;Coypu;1
22/06/2023;2;5;10;22:18:00;N;Empoli_Serravalle;2023;summer;Coypu;1
22/06/2023;2;5;10;22:31:00;N;Empoli_Serravalle;2023;summer;Coypu;1
22/06/2023;2;5;10;22:35:00;N;Empoli_Serravalle;2023;summer;Coypu;1
22/06/2023;2;5;10;22:35:00;N;Empoli_Serravalle;2023;summer;Coypu;1
22/06/2023;2;5;10;22:36:00;N;Empoli_Serravalle;2023;summer;Coypu;1
22/06/2023;2;5;10;22:37:00;N;Empoli_Serravalle;2023;summer;Coypu;1
22/06/2023;2;5;10;22:44:00;N;Empoli_Serravalle;2023;summer;Coypu;1
22/06/2023;2;5;10;22:52:00;N;Empoli_Serravalle;2023;summer;Coypu;1
22/06/2023;2;5;10;22:52:00;N;Empoli_Serravalle;2023;summer;Coypu;1
22/06/2023;2;5;10;22:53:00;N;Empoli_Serravalle;2023;summer;Coypu;1
22/06/2023;2;5;10;22:53:00;N;Empoli_Serravalle;2023;summer;Coypu;1
22/06/2023;2;5;10;23:22:00;N;Empoli_Serravalle;2023;summer;Coypu;1
22/06/2023;2;5;10;23:23:00;N;Empoli_Serravalle;2023;summer;Coypu;1
22/06/2023;2;5;10;23:23:00;N;Empoli_Serravalle;2023;summer;Coypu;1
22/06/2023;2;5;10;23:25:00;N;Empoli_Serravalle;2023;summer;Coypu;1
23/06/2023;2;6;10;08:10:00;D;TorrinoSantarosa;2023;summer;AegyptianGoose;1
23/06/2023;2;6;10;08:10:00;D;Osmannoro;2023;summer;Human;1
23/06/2023;2;6;10;08:24:00;D;Osmannoro;2023;summer;Human;1
23/06/2023;2;6;10;08:36:00;D;Osmannoro;2023;summer;Human;2
23/06/2023;2;6;10;09:01:00;D;Osmannoro;2023;summer;Human;2
23/06/2023;2;6;10;09:25:00;D;Osmannoro;2023;summer;Human;1
23/06/2023;2;6;10;09:25:00;D;Osmannoro;2023;summer;Human;2
23/06/2023;2;6;10;09:26:00;D;Osmannoro;2023;summer;Human;2
23/06/2023;2;6;10;09:29:00;D;Osmannoro;2023;summer;Human;1
23/06/2023;2;6;10;09:59:00;D;Osmannoro;2023;summer;Human;2
23/06/2023;2;6;10;10:31:00;D;Osmannoro;2023;summer;Human;2
23/06/2023;2;6;10;10:58:00;D;Osmannoro;2023;summer;Human;2
23/06/2023;2;6;10;11:21:00;D;Osmannoro;2023;summer;Human;2
23/06/2023;2;6;10;11:31:00;D;Osmannoro;2023;summer;Human;2
23/06/2023;2;6;10;11:40:00;D;Osmannoro;2023;summer;Human;2
23/06/2023;2;6;10;11:59:00;D;Osmannoro;2023;summer;Human;2
23/06/2023;2;6;10;12:31:00;D;Osmannoro;2023;summer;Human;1
23/06/2023;2;6;10;12:58:00;D;Osmannoro;2023;summer;Human;2
23/06/2023;2;6;10;13:01:00;D;Osmannoro;2023;summer;Human;2
23/06/2023;2;6;10;13:51:00;D;Osmannoro;2023;summer;Human;2
23/06/2023;2;6;10;13:51:00;D;Osmannoro;2023;summer;Human;2
23/06/2023;2;6;10;14:39:00;D;Osmannoro;2023;summer;Human;1
23/06/2023;2;6;10;15:57:00;D;Osmannoro;2023;summer;Human;1
23/06/2023;2;6;10;15:57:00;D;Osmannoro;2023;summer;Human;2
23/06/2023;2;6;10;16:27:00;D;Osmannoro;2023;summer;Human;2
23/06/2023;2;6;10;16:27:00;D;Osmannoro;2023;summer;Human;2
23/06/2023;2;6;10;16:41:00;D;Osmannoro;2023;summer;Human;1
23/06/2023;2;6;10;17:15:00;D;Osmannoro;2023;summer;Human;1
23/06/2023;2;6;10;00:10:00;N;Empoli_Serravalle;2023;summer;Coypu;1
23/06/2023;2;6;10;00:14:00;N;Empoli_Serravalle;2023;summer;Coypu;1
23/06/2023;2;6;10;00:18:00;N;Empoli_Serravalle;2023;summer;Coypu;1
23/06/2023;2;6;10;00:30:00;N;Sesto2;2023;summer;RedFox;1
23/06/2023;2;6;10;00:43:00;N;Empoli_Serravalle;2023;summer;Coypu;1
23/06/2023;2;6;10;00:46:00;N;Empoli_Serravalle;2023;summer;Coypu;1
23/06/2023;2;6;10;00:52:00;N;Empoli_Serravalle;2023;summer;Coypu;1
23/06/2023;2;6;10;01:32:00;N;Empoli_Serravalle;2023;summer;Coypu;1
23/06/2023;2;6;10;01:32:00;N;Empoli_Serravalle;2023;summer;Coypu;1
23/06/2023;2;6;10;01:33:00;N;Empoli_Serravalle;2023;summer;Coypu;1
23/06/2023;2;6;10;02:03:00;N;Empoli_Serravalle;2023;summer;Coypu;1
23/06/2023;2;6;10;02:05:00;N;Empoli_Serravalle;2023;summer;Coypu;1
23/06/2023;2;6;10;03:16:00;N;Sesto2;2023;summer;BlackRat;1
23/06/2023;2;6;10;03:47:00;N;Empoli_Serravalle;2023;summer;Coypu;1
23/06/2023;2;6;10;04:04:00;N;Empoli_Serravalle;2023;summer;Coypu;1
23/06/2023;2;6;10;04:05:00;N;Empoli_Serravalle;2023;summer;Coypu;1
23/06/2023;2;6;10;04:11:00;N;Empoli_Serravalle;2023;summer;Coypu;1
23/06/2023;2;6;10;04:18:00;N;Empoli_Serravalle;2023;summer;Coypu;1
23/06/2023;2;6;10;04:28:00;N;Osmannoro;2023;summer;Human;1
23/06/2023;2;6;10;04:53:00;N;Empoli_Serravalle;2023;summer;Coypu;1
23/06/2023;2;6;10;05:28:00;N;Empoli_Serravalle;2023;summer;Coypu;1
23/06/2023;2;6;10;05:33:00;N;Empoli_Serravalle;2023;summer;Coypu;1
23/06/2023;2;6;10;21:06:00;N;Empoli_Serravalle;2023;summer;Coypu;1
23/06/2023;2;6;10;22:13:00;N;Empoli_Serravalle;2023;summer;Coypu;1
23/06/2023;2;6;10;22:22:00;N;Empoli_Serravalle;2023;summer;Coypu;1
23/06/2023;2;6;10;22:27:00;N;Empoli_Serravalle;2023;summer;Coypu;1
23/06/2023;2;6;10;22:56:00;N;Empoli_Serravalle;2023;summer;Coypu;1
23/06/2023;2;6;10;22:56:00;N;Empoli_Serravalle;2023;summer;Coypu;1
23/06/2023;2;6;10;23:05:00;N;Empoli_Serravalle;2023;summer;Coypu;1
23/06/2023;2;6;10;23:16:00;N;Empoli_Serravalle;2023;summer;Coypu;1
23/06/2023;2;6;10;23:27:00;N;Empoli_Serravalle;2023;summer;Coypu;1
23/06/2023;2;6;10;23:36:00;N;Empoli_Serravalle;2023;summer;Coypu;1
23/06/2023;2;6;10;23:45:00;N;Empoli_Serravalle;2023;summer;Coypu;1
24/06/2023;3;7;0;08:21:00;D;Osmannoro;2023;summer;Human;1
24/06/2023;3;7;0;09:40:00;D;TorrinoSantarosa;2023;summer;AegyptianGoose;1
24/06/2023;3;7;0;09:40:00;D;Sesto2;2023;summer;SardinianWarbler;1
24/06/2023;3;7;0;09:59:00;D;Cascine;2023;summer;RedSquirrel;1
24/06/2023;3;7;0;12:09:00;D;Osmannoro;2023;summer;Human;2
24/06/2023;3;7;0;12:12:00;D;Osmannoro;2023;summer;Human;2
24/06/2023;3;7;0;13:58:00;D;Osmannoro;2023;summer;Human;2
24/06/2023;3;7;0;14:16:00;D;Sesto2;2023;summer;Blackbird;1
24/06/2023;3;7;0;14:41:00;D;Osmannoro;2023;summer;Human;2
24/06/2023;3;7;0;14:41:00;D;Osmannoro;2023;summer;Human;2
24/06/2023;3;7;0;17:34:00;D;Sesto2;2023;summer;SardinianWarbler;2
24/06/2023;3;7;0;17:36:00;D;Sesto2;2023;summer;EurasianMagpie;1
24/06/2023;3;7;0;00:19:00;N;Empoli_Serravalle;2023;summer;Coypu;1
24/06/2023;3;7;0;00:20:00;N;Empoli_Serravalle;2023;summer;Coypu;1
24/06/2023;3;7;0;00:46:00;N;Empoli_Serravalle;2023;summer;Coypu;1
24/06/2023;3;7;0;00:55:00;N;Empoli_Serravalle;2023;summer;Coypu;1
24/06/2023;3;7;0;00:55:00;N;Empoli_Serravalle;2023;summer;Coypu;1
24/06/2023;3;7;0;02:16:00;N;Empoli_Serravalle;2023;summer;Coypu;1
24/06/2023;3;7;0;02:17:00;N;Empoli_Serravalle;2023;summer;Coypu;1
24/06/2023;3;7;0;03:45:00;N;Sesto2;2023;summer;BlackRat;1
24/06/2023;3;7;0;04:00:00;N;Empoli_Serravalle;2023;summer;Coypu;1
24/06/2023;3;7;0;04:03:00;N;Empoli_Serravalle;2023;summer;Coypu;1
24/06/2023;3;7;0;04:04:00;N;Empoli_Serravalle;2023;summer;Coypu;1
24/06/2023;3;7;0;04:27:00;N;Empoli_Serravalle;2023;summer;Coypu;1
24/06/2023;3;7;0;04:37:00;N;Empoli_Serravalle;2023;summer;Coypu;1
24/06/2023;3;7;0;04:59:00;N;Sesto2;2023;summer;BlackRat;1
24/06/2023;3;7;0;05:39:00;N;Empoli_Serravalle;2023;summer;Coypu;1
24/06/2023;3;7;0;05:39:00;N;Empoli_Serravalle;2023;summer;Coypu;1
24/06/2023;3;7;0;05:40:00;N;Empoli_Serravalle;2023;summer;Coypu;1
24/06/2023;3;7;0;06:00:00;N;Empoli_Serravalle;2023;summer;Coypu;1
24/06/2023;3;7;0;07:36:00;D;Osmannoro;2023;summer;Human;2
24/06/2023;3;7;0;07:36:00;D;Osmannoro;2023;summer;Human;2
24/06/2023;3;7;0;07:40:00;D;Osmannoro;2023;summer;Human;1
24/06/2023;3;7;0;18:29:00;D;Osmannoro;2023;summer;Human;2
24/06/2023;3;7;0;22:32:00;N;Empoli_Serravalle;2023;summer;Coypu;1
24/06/2023;3;7;0;22:47:00;N;Empoli_Serravalle;2023;summer;Coypu;1
24/06/2023;3;7;0;22:57:00;N;Osmannoro;2023;summer;Human;2
24/06/2023;3;7;0;22:59:00;N;Sesto2;2023;summer;BlackRat;1
24/06/2023;3;7;0;23:56:00;N;Empoli_Serravalle;2023;summer;Coypu;1
25/06/2023;3;8;5;08:06:00;D;Empoli_Serravalle;2023;summer;Human;2
25/06/2023;3;8;5;08:12:00;D;TorrinoSantarosa;2023;summer;AegyptianGoose;1
25/06/2023;3;8;5;08:12:00;D;Osmannoro;2023;summer;Human;1
25/06/2023;3;8;5;08:46:00;D;Empoli_Serravalle;2023;summer;Human;2
25/06/2023;3;8;5;09:02:00;D;Empoli_Serravalle;2023;summer;Human;1
25/06/2023;3;8;5;09:14:00;D;Empoli_Serravalle;2023;summer;Human;1
25/06/2023;3;8;5;09:14:00;D;Osmannoro;2023;summer;Human;2
25/06/2023;3;8;5;09:29:00;D;Empoli_Serravalle;2023;summer;Human;2
25/06/2023;3;8;5;09:59:00;D;Empoli_Serravalle;2023;summer;Human;2
25/06/2023;3;8;5;12:03:00;D;Empoli_Serravalle;2023;summer;Human;2
25/06/2023;3;8;5;12:21:00;D;Empoli_Serravalle;2023;summer;Human;2
25/06/2023;3;8;5;13:10:00;D;Osmannoro;2023;summer;Human;2
25/06/2023;3;8;5;13:26:00;D;Osmannoro;2023;summer;Human;1
25/06/2023;3;8;5;14:00:00;D;Empoli_Serravalle;2023;summer;Human;1
25/06/2023;3;8;5;14:00:00;D;Osmannoro;2023;summer;Human;2
25/06/2023;3;8;5;14:38:00;D;Empoli_Serravalle;2023;summer;Human;1
25/06/2023;3;8;5;15:44:00;D;Empoli_Serravalle;2023;summer;Human;2
25/06/2023;3;8;5;01:40:00;N;Empoli_Serravalle;2023;summer;Coypu;1
25/06/2023;3;8;5;01:46:00;N;Empoli_Serravalle;2023;summer;Coypu;1
25/06/2023;3;8;5;01:52:00;N;Empoli_Serravalle;2023;summer;Coypu;1
25/06/2023;3;8;5;01:52:00;N;Empoli_Serravalle;2023;summer;Coypu;1
25/06/2023;3;8;5;03:29:00;N;Empoli_Serravalle;2023;summer;Coypu;1
25/06/2023;3;8;5;04:50:00;N;Empoli_Serravalle;2023;summer;Coypu;1
25/06/2023;3;8;5;05:09:00;N;Empoli_Serravalle;2023;summer;Coypu;1
25/06/2023;3;8;5;05:13:00;N;Empoli_Serravalle;2023;summer;Coypu;1
25/06/2023;3;8;5;05:29:00;N;Empoli_Serravalle;2023;summer;Coypu;1
25/06/2023;3;8;5;05:55:00;N;Empoli_Serravalle;2023;summer;Coypu;1
25/06/2023;3;8;5;18:40:00;D;Empoli_Serravalle;2023;summer;Human;1
25/06/2023;3;8;5;21:10:00;N;Empoli_Serravalle;2023;summer;Coypu;1
25/06/2023;3;8;5;21:23:00;N;Empoli_Serravalle;2023;summer;Coypu;1
25/06/2023;3;8;5;21:28:00;N;Empoli_Serravalle;2023;summer;Coypu;1
25/06/2023;3;8;5;21:32:00;N;Empoli_Serravalle;2023;summer;Coypu;1
25/06/2023;3;8;5;22:14:00;N;Empoli_Serravalle;2023;summer;Coypu;1
25/06/2023;3;8;5;22:22:00;N;Empoli_Serravalle;2023;summer;Coypu;1
25/06/2023;3;8;5;23:49:00;N;Empoli_Serravalle;2023;summer;Coypu;1
25/06/2023;3;8;5;22:04:00;N;Bagno_a_Ripoli;2023;summer;Coypu;1
26/06/2023;3;9;5;09:49:00;D;Osmannoro;2023;summer;Human;2
26/06/2023;3;9;5;09:49:00;D;Osmannoro;2023;summer;Human;2
26/06/2023;3;9;5;12:50:00;D;Osmannoro;2023;summer;Human;2
26/06/2023;3;9;5;12:56:00;D;Osmannoro;2023;summer;Human;2
26/06/2023;3;9;5;15:09:00;D;Empoli_Serravalle;2023;summer;Human;2
26/06/2023;3;9;5;15:09:00;D;Osmannoro;2023;summer;Human;2
26/06/2023;3;9;5;16:15:00;D;Osmannoro;2023;summer;Human;2
26/06/2023;3;9;5;16:18:00;D;Osmannoro;2023;summer;Human;2
26/06/2023;3;9;5;00:00:00;N;Empoli_Serravalle;2023;summer;Coypu;1
26/06/2023;3;9;5;03:01:00;N;Empoli_Serravalle;2023;summer;Coypu;1
26/06/2023;3;9;5;03:02:00;N;Empoli_Serravalle;2023;summer;Coypu;1
26/06/2023;3;9;5;03:10:00;N;Empoli_Serravalle;2023;summer;Coypu;1
26/06/2023;3;9;5;04:04:00;N;Empoli_Serravalle;2023;summer;Coypu;1
26/06/2023;3;9;5;05:18:00;N;Empoli_Serravalle;2023;summer;Coypu;1
26/06/2023;3;9;5;06:19:00;D;Osmannoro;2023;summer;Human;2
26/06/2023;3;9;5;07:24:00;D;Osmannoro;2023;summer;Human;1
26/06/2023;3;9;5;21:50:00;N;Empoli_Serravalle;2023;summer;Coypu;1
26/06/2023;3;9;5;22:05:00;N;Empoli_Serravalle;2023;summer;Coypu;1
26/06/2023;3;9;5;22:37:00;N;Empoli_Serravalle;2023;summer;Coypu;1
26/06/2023;3;9;5;23:19:00;N;Empoli_Serravalle;2023;summer;Coypu;1
27/06/2023;4;10;5;09:29:00;D;Osmannoro;2023;summer;Human;2
27/06/2023;4;10;5;09:29:00;D;Osmannoro;2023;summer;Human;2
27/06/2023;4;10;5;09:30:00;D;Osmannoro;2023;summer;Human;1
27/06/2023;4;10;5;10:02:00;D;Osmannoro;2023;summer;Human;1
27/06/2023;4;10;5;10:29:00;D;Empoli_Serravalle;2023;summer;Human;1
27/06/2023;4;10;5;10:57:00;D;Osmannoro;2023;summer;Human;2
27/06/2023;4;10;5;11:16:00;D;Osmannoro;2023;summer;Human;2
27/06/2023;4;10;5;12:46:00;D;Osmannoro;2023;summer;Human;1
27/06/2023;4;10;5;15:59:00;D;Osmannoro;2023;summer;Human;2
27/06/2023;4;10;5;16:23:00;D;Osmannoro;2023;summer;Human;2
27/06/2023;4;10;5;16:23:00;D;Osmannoro;2023;summer;Human;2
27/06/2023;4;10;5;17:36:00;D;Osmannoro;2023;summer;Human;2
27/06/2023;4;10;5;17:45:00;D;Osmannoro;2023;summer;Human;2
27/06/2023;4;10;5;05:20:00;N;Empoli_Serravalle;2023;summer;Coypu;1
27/06/2023;4;10;5;07:24:00;D;Osmannoro;2023;summer;Human;1
28/06/2023;4;11;5;08:11:00;D;TorrinoSantarosa;2023;summer;AegyptianGoose;2
28/06/2023;4;11;5;08:11:00;D;TorrinoSantarosa;2023;summer;AegyptianGoose;2
28/06/2023;4;11;5;08:11:00;D;Osmannoro;2023;summer;Human;2
28/06/2023;4;11;5;08:11:00;D;Osmannoro;2023;summer;Human;2
28/06/2023;4;11;5;09:35:00;D;Cascine;2023;summer;RedSquirrel;1
28/06/2023;4;11;5;09:50:00;D;Osmannoro;2023;summer;Human;1
28/06/2023;4;11;5;09:50:00;D;Osmannoro;2023;summer;Human;2
28/06/2023;4;11;5;10:12:00;D;Empoli_Serravalle;2023;summer;Human;2
28/06/2023;4;11;5;10:13:00;D;Osmannoro;2023;summer;Human;2
28/06/2023;4;11;5;10:13:00;D;Osmannoro;2023;summer;Human;2
28/06/2023;4;11;5;10:24:00;D;Empoli_Serravalle;2023;summer;Human;1
28/06/2023;4;11;5;10:27:00;D;Osmannoro;2023;summer;Human;1
28/06/2023;4;11;5;11:02:00;D;Osmannoro;2023;summer;Human;2
28/06/2023;4;11;5;11:06:00;D;Osmannoro;2023;summer;Human;2
28/06/2023;4;11;5;11:53:00;D;Osmannoro;2023;summer;Human;2
28/06/2023;4;11;5;11:56:00;D;Osmannoro;2023;summer;Human;2
28/06/2023;4;11;5;12:55:00;D;Empoli_Serravalle;2023;summer;Human;2
28/06/2023;4;11;5;12:59:00;D;Osmannoro;2023;summer;Human;2
28/06/2023;4;11;5;13:20:00;D;Osmannoro;2023;summer;Human;2
28/06/2023;4;11;5;14:09:00;D;Osmannoro;2023;summer;Human;2
28/06/2023;4;11;5;14:09:00;D;Empoli_Serravalle;2023;summer;Human;2
28/06/2023;4;11;5;15:07:00;D;Empoli_Serravalle;2023;summer;Human;2
28/06/2023;4;11;5;15:50:00;D;Osmannoro;2023;summer;Human;2
28/06/2023;4;11;5;16:52:00;D;Osmannoro;2023;summer;Human;2
28/06/2023;4;11;5;16:52:00;D;Osmannoro;2023;summer;Human;2
28/06/2023;4;11;5;04:40:00;N;Osmannoro;2023;summer;Human;1
28/06/2023;4;11;5;06:51:00;D;Empoli_Serravalle;2023;summer;Human;1
28/06/2023;4;11;5;07:06:00;D;Osmannoro;2023;summer;Human;1
28/06/2023;4;11;5;07:55:00;D;Osmannoro;2023;summer;Human;2
28/06/2023;4;11;5;19:38:00;D;Empoli_Serravalle;2023;summer;Human;2
28/06/2023;4;11;5;22:47:00;N;Osmannoro;2023;summer;Human;2
29/06/2023;4;12;5;08:34:00;D;Empoli_Serravalle;2023;summer;Human;1
29/06/2023;4;12;5;08:46:00;D;Osmannoro;2023;summer;Human;1
29/06/2023;4;12;5;09:08:00;D;Osmannoro;2023;summer;Human;2
29/06/2023;4;12;5;09:23:00;D;Osmannoro;2023;summer;Human;2
29/06/2023;4;12;5;09:32:00;D;Osmannoro;2023;summer;Human;2
29/06/2023;4;12;5;09:36:00;D;Osmannoro;2023;summer;Human;2
29/06/2023;4;12;5;09:55:00;D;Osmannoro;2023;summer;Human;2
29/06/2023;4;12;5;11:13:00;D;Osmannoro;2023;summer;Human;2
29/06/2023;4;12;5;11:27:00;D;Osmannoro;2023;summer;Human;2
29/06/2023;4;12;5;11:27:00;D;Osmannoro;2023;summer;Human;2
29/06/2023;4;12;5;11:33:00;D;Empoli_Serravalle;2023;summer;Human;2
29/06/2023;4;12;5;12:08:00;D;Osmannoro;2023;summer;Human;1
29/06/2023;4;12;5;12:41:00;D;Osmannoro;2023;summer;Human;2
29/06/2023;4;12;5;16:24:00;D;Osmannoro;2023;summer;Human;2
29/06/2023;4;12;5;16:37:00;D;Osmannoro;2023;summer;Human;1
29/06/2023;4;12;5;16:37:00;D;Osmannoro;2023;summer;Human;2
29/06/2023;4;12;5;17:31:00;D;Osmannoro;2023;summer;Human;2
29/06/2023;4;12;5;03:11:00;N;Osmannoro;2023;summer;Human;2
29/06/2023;4;12;5;05:39:00;N;Osmannoro;2023;summer;Human;2
29/06/2023;4;12;5;05:39:00;N;Osmannoro;2023;summer;Human;2
29/06/2023;4;12;5;07:41:00;D;Osmannoro;2023;summer;Human;1
29/06/2023;4;12;5;07:55:00;D;Osmannoro;2023;summer;Human;2
29/06/2023;4;12;5;19:22:00;D;Osmannoro;2023;summer;Human;1
29/06/2023;4;12;5;13:19:00;N;TorrinoSantaRosa;2023;summer;NorwayRat;1
30/06/2023;4;13;0;08:55:00;D;Osmannoro;2023;summer;Human;2
30/06/2023;4;13;0;09:49:00;D;Osmannoro;2023;summer;Human;2
30/06/2023;4;13;0;10:55:00;D;Osmannoro;2023;summer;Human;2
30/06/2023;4;13;0;11:04:00;D;Osmannoro;2023;summer;Human;2
30/06/2023;4;13;0;11:10:00;D;Osmannoro;2023;summer;Human;1
30/06/2023;4;13;0;11:17:00;D;Osmannoro;2023;summer;Human;2
30/06/2023;4;13;0;12:25:00;D;Osmannoro;2023;summer;Human;1
30/06/2023;4;13;0;13:41:00;D;Osmannoro;2023;summer;Human;1
30/06/2023;4;13;0;14:10:00;D;Osmannoro;2023;summer;Human;2
30/06/2023;4;13;0;15:04:00;D;Osmannoro;2023;summer;Human;1
30/06/2023;4;13;0;15:11:00;D;Osmannoro;2023;summer;Human;1
30/06/2023;4;13;0;05:32:00;N;Osmannoro;2023;summer;Human;1
30/06/2023;4;13;0;06:19:00;D;Osmannoro;2023;summer;Human;1
30/06/2023;4;13;0;06:29:00;D;Osmannoro;2023;summer;Human;2
30/06/2023;4;13;0;07:31:00;D;Osmannoro;2023;summer;Human;1
30/06/2023;4;13;0;03:39:00;N;TorrinoSantaRosa;2023;summer;NorwayRat;1
01/01/2023;4;10;80;08:30:00;D;Osmannoro;2023;winter;Human;2
01/01/2023;4;10;80;09:01:00;D;Sesto2;2023;winter;RedFox;1
01/01/2023;4;10;80;09:02:00;D;Sesto2;2023;winter;RedFox;1
01/01/2023;4;10;80;09:02:00;D;Sesto2;2023;winter;RedFox;1
01/01/2023;4;10;80;09:03:00;D;Sesto2;2023;winter;RedFox;1
01/01/2023;4;10;80;09:04:00;D;Sesto2;2023;winter;RedFox;1
01/01/2023;4;10;80;09:29:00;D;Osmannoro;2023;winter;Human;2
01/01/2023;4;10;80;10:45:00;D;Sesto2;2023;winter;SardinianWarbler;1
01/01/2023;4;10;80;12:00:00;D;Sesto2;2023;winter;EurasianMagpie;1
01/01/2023;4;10;80;14:27:00;D;Osmannoro;2023;winter;Human;2
01/01/2023;4;10;80;05:59:00;N;Sesto2;2023;winter;BlackRat;1
01/01/2023;4;10;80;07:15:00;N;Sesto2;2023;winter;RedFox;1
01/01/2023;4;10;80;07:16:00;N;Sesto2;2023;winter;RedFox;1
01/01/2023;4;10;80;07:17:00;N;Sesto2;2023;winter;RedFox;1
01/01/2023;4;10;80;07:38:00;N;Sesto2;2023;winter;RedFox;1
01/01/2023;4;10;80;00:00:00;N;Sesto2;2023;winter;BlackRat;1
02/01/2023;4;11;80;08:29:00;D;Sesto2;2023;winter;DomesticCat;1
02/01/2023;4;11;80;01:11:00;N;Osmannoro;2023;winter;Human;1
02/01/2023;4;11;80;07:56:00;N;Osmannoro;2023;winter;Human;1
03/01/2023;4;12;80;10:39:00;D;Osmannoro;2023;winter;Human;1
03/01/2023;4;12;80;15:06:00;D;Osmannoro;2023;winter;Human;2
03/01/2023;4;12;80;03:43:00;N;CascineDelRiccio3;2023;winter;HoodedCrow;2
04/01/2023;4;13;80;04:17:00;N;Sesto2;2023;winter;RedFox;1
04/01/2023;4;13;80;04:18:00;N;Sesto2;2023;winter;RedFox;1
04/01/2023;4;13;80;05:46:00;N;Sesto2;2023;winter;RedFox;1
04/01/2023;4;13;80;18:26:00;N;Osmannoro;2023;winter;Human;1
05/01/2023;4;14;80;08:24:00;D;Osmannoro;2023;winter;Human;2
06/01/2023;4;15;80;13:00:00;D;Osmannoro;2023;winter;Human;2
06/01/2023;4;15;80;13:49:00;D;Osmannoro;2023;winter;Human;2
06/01/2023;4;15;80;16:22:00;D;Osmannoro;2023;winter;Human;1
06/01/2023;4;15;80;04:07:00;N;Sesto2;2023;winter;RedFox;1
06/01/2023;4;15;80;06:02:00;N;Osmannoro;2023;winter;Human;1
06/01/2023;4;15;80;06:09:00;N;Sesto2;2023;winter;RedFox;1
07/01/2023;4;16;80;18:20:00;N;Osmannoro;2023;winter;Human;1
07/01/2023;4;16;80;20:53:00;N;Osmannoro;2023;winter;Hedgehog;2
07/01/2023;4;16;80;21:50:00;N;Osmannoro;2023;winter;Human;1
08/01/2023;3;17;80;18:06:26;N;SanCasciano2;2023;winter;EuropeanHare;1
08/01/2023;3;17;80;04:45:00;N;Sesto2;2023;winter;RedFox;1
08/01/2023;3;17;80;18:24:35;N;SanCasciano2;2023;winter;RoeDeer;1
08/01/2023;3;17;80;22:37:00;N;Osmannoro;2023;winter;Hedgehog;1
09/01/2023;3;18;80;21:05:00;N;Osmannoro;2023;winter;Hedgehog;1
10/01/2023;3;19;60;09:11:00;D;Sesto2;2023;winter;RedFox;1
10/01/2023;3;19;60;11:15:00;D;Sesto2;2023;winter;SardinianWarbler;1
10/01/2023;3;19;60;12:42:00;D;Osmannoro;2023;winter;Human;1
10/01/2023;3;19;60;18:44:04;N;SanCasciano2;2023;winter;RoeDeer;1
11/01/2023;3;20;60;13:47:00;D;Osmannoro;2023;winter;Human;1
11/01/2023;3;20;60;14:17:00;D;Osmannoro;2023;winter;Human;1
11/01/2023;3;20;60;15:09:00;D;Osmannoro;2023;winter;Human;2
11/01/2023;3;20;60;03:37:00;N;Sesto2;2023;winter;BlackRat;1
11/01/2023;3;20;60;03:37:00;N;Sesto2;2023;winter;BlackRat;1
11/01/2023;3;20;60;03:38:00;N;Sesto2;2023;winter;BlackRat;1
11/01/2023;3;20;60;07:54:00;N;Sesto2;2023;winter;RedFox;1
11/01/2023;3;20;60;07:55:00;N;Sesto2;2023;winter;RedFox;1
12/01/2023;2;21;60;08:10:00;D;TorrinoSantarosa;2023;winter;AegyptianGoose;1
12/01/2023;2;21;60;08:10:00;D;Sesto2;2023;winter;RedFox;1
12/01/2023;2;21;60;08:11:00;D;TorrinoSantarosa;2023;winter;AegyptianGoose;1
12/01/2023;2;21;60;08:11:00;D;Sesto2;2023;winter;RedFox;1
12/01/2023;2;21;60;08:12:00;D;Sesto2;2023;winter;RedFox;1
12/01/2023;2;21;60;08:45:00;D;Osmannoro;2023;winter;Human;1
12/01/2023;2;21;60;08:45:00;D;Sesto2;2023;winter;RedFox;1
12/01/2023;2;21;60;06:41:00;N;Osmannoro;2023;winter;Hedgehog;1
13/01/2023;2;22;60;10:59:00;D;Osmannoro;2023;winter;Human;1
13/01/2023;2;22;60;11:08:00;D;Osmannoro;2023;winter;Human;1
13/01/2023;2;22;60;00:01:00;N;Osmannoro;2023;winter;Hedgehog;1
13/01/2023;2;22;60;04:01:00;N;Sesto2;2023;winter;RedFox;1
14/01/2023;2;23;60;09:01:00;D;Osmannoro;2023;winter;Human;1
14/01/2023;2;23;60;10:04:00;D;Osmannoro;2023;winter;Human;1
14/01/2023;2;23;60;01:29:47;N;SanCasciano2;2023;winter;CrestedPorcupine;1
14/01/2023;2;23;60;01:33:38;N;SanCasciano2;2023;winter;CrestedPorcupine;1
14/01/2023;2;23;60;06:08:00;N;Sesto2;2023;winter;BlackRat;1
15/01/2023;2;24;60;08:24:00;D;Sesto2;2023;winter;EuropeanHare;1
15/01/2023;2;24;60;08:24:00;D;Sesto2;2023;winter;RedFox;1
15/01/2023;2;24;60;08:39:00;D;Sesto2;2023;winter;RedFox;1
15/01/2023;2;24;60;08:52:00;D;Sesto2;2023;winter;DomesticCat;1
15/01/2023;2;24;60;08:54:00;D;Sesto2;2023;winter;DomesticCat;1
15/01/2023;2;24;60;08:55:00;D;Sesto2;2023;winter;DomesticCat;1
15/01/2023;2;24;60;08:55:00;D;Sesto2;2023;winter;DomesticCat;1
15/01/2023;2;24;60;08:56:00;D;Sesto2;2023;winter;DomesticCat;1
15/01/2023;2;24;60;08:56:00;D;Sesto2;2023;winter;DomesticCat;1
15/01/2023;2;24;60;08:57:00;D;Sesto2;2023;winter;DomesticCat;1
15/01/2023;2;24;60;08:58:00;D;Sesto2;2023;winter;DomesticCat;1
15/01/2023;2;24;60;09:00:00;D;Sesto2;2023;winter;DomesticCat;1
15/01/2023;2;24;60;09:01:00;D;Sesto2;2023;winter;DomesticCat;1
15/01/2023;2;24;60;09:01:00;D;Sesto2;2023;winter;DomesticCat;1
15/01/2023;2;24;60;09:02:00;D;Sesto2;2023;winter;DomesticCat;1
15/01/2023;2;24;60;09:02:00;D;Sesto2;2023;winter;DomesticCat;1
15/01/2023;2;24;60;09:03:00;D;Sesto2;2023;winter;DomesticCat;1
15/01/2023;2;24;60;09:03:00;D;Sesto2;2023;winter;DomesticCat;1
15/01/2023;2;24;60;09:04:00;D;Sesto2;2023;winter;DomesticCat;1
15/01/2023;2;24;60;05:43:00;N;Sesto2;2023;winter;BlackRat;1
15/01/2023;2;24;60;05:43:00;N;Sesto2;2023;winter;RedFox;1
16/01/2023;2;25;60;08:04:00;D;Sesto2;2023;winter;BlackRat;1
17/01/2023;1;26;60;10:05:00;D;Sesto2;2023;winter;RedFox;1
17/01/2023;1;26;60;03:41:00;N;Sesto2;2023;winter;DomesticCat;1
17/01/2023;1;26;60;03:42:00;N;Sesto2;2023;winter;DomesticCat;1
17/01/2023;1;26;60;03:43:00;N;Sesto2;2023;winter;DomesticCat;1
17/01/2023;1;26;60;04:58:00;N;Sesto2;2023;winter;DomesticCat;1
17/01/2023;1;26;60;04:59:00;N;Sesto2;2023;winter;DomesticCat;1
17/01/2023;1;26;60;05:00:00;N;Sesto2;2023;winter;DomesticCat;1
17/01/2023;1;26;60;05:00:00;N;Sesto2;2023;winter;DomesticCat;1
17/01/2023;1;26;60;05:01:00;N;Sesto2;2023;winter;DomesticCat;1
17/01/2023;1;26;60;05:01:00;N;Sesto2;2023;winter;DomesticCat;1
17/01/2023;1;26;60;05:02:00;N;Sesto2;2023;winter;DomesticCat;1
17/01/2023;1;26;60;05:03:00;N;Sesto2;2023;winter;DomesticCat;1
17/01/2023;1;26;60;05:03:00;N;Sesto2;2023;winter;DomesticCat;1
17/01/2023;1;26;60;05:04:00;N;Sesto2;2023;winter;DomesticCat;1
17/01/2023;1;26;60;05:05:00;N;Sesto2;2023;winter;DomesticCat;1
17/01/2023;1;26;60;05:07:00;N;Sesto2;2023;winter;DomesticCat;1
17/01/2023;1;26;60;05:08:00;N;Sesto2;2023;winter;DomesticCat;1
17/01/2023;1;26;60;05:39:00;N;Sesto2;2023;winter;DomesticCat;1
17/01/2023;1;26;60;06:29:00;N;Sesto2;2023;winter;RedFox;1
17/01/2023;1;26;60;06:37:00;N;Sesto2;2023;winter;RedFox;1
17/01/2023;1;26;60;07:02:00;N;Sesto2;2023;winter;RedFox;1
18/01/2023;1;27;40;09:28:00;D;Sesto2;2023;winter;RedFox;1
18/01/2023;1;27;40;10:07:00;D;Sesto2;2023;winter;RedFox;1
18/01/2023;1;27;40;10:13:00;D;Sesto2;2023;winter;RedFox;1
18/01/2023;1;27;40;10:40:00;D;Sesto2;2023;winter;RedFox;1
18/01/2023;1;27;40;06:12:00;N;Sesto2;2023;winter;BlackRat;1
18/01/2023;1;27;40;06:12:00;N;Sesto2;2023;winter;RedFox;1
18/01/2023;1;27;40;07:22:00;N;Sesto2;2023;winter;RedFox;1
18/01/2023;1;27;40;07:28:00;N;Sesto2;2023;winter;RedFox;1
18/01/2023;1;27;40;07:29:00;N;Sesto2;2023;winter;RedFox;1
18/01/2023;1;27;40;23:08:00;N;CascineDelRiccio3;2023;winter;RedFox;1
19/01/2023;1;28;40;13:03:00;D;Osmannoro;2023;winter;Human;1
19/01/2023;1;28;40;05:13:00;N;Sesto2;2023;winter;RedFox;1
19/01/2023;1;28;40;20:31:00;N;CascineDelRiccio3;2023;winter;RedFox;1
20/01/2023;1;29;20;08:27:00;D;Osmannoro;2023;winter;Human;1
20/01/2023;1;29;20;00:13:00;N;CascineDelRiccio3;2023;winter;RedFox;1
21/01/2023;1;1;20;10:21:00;D;Osmannoro;2023;winter;Human;2
21/01/2023;1;1;20;12:28:00;D;Osmannoro;2023;winter;Human;2
22/01/2023;1;2;20;20:11:00;N;SanCasciano1;2023;winter;EuropeanBadger;1
23/01/2023;1;3;20;13:13:00;D;Osmannoro;2023;winter;Human;2
23/01/2023;1;3;20;02:14:00;N;SanCasciano1;2023;winter;RoeDeer;1
23/01/2023;1;3;20;07:27:00;N;SanCasciano1;2023;winter;Blackbird;1
23/01/2023;1;3;20;07:28:00;N;SanCasciano1;2023;winter;Blackbird;1
23/01/2023;1;3;20;13:59:00;N;Lastra2;2024;winter;EurasianMagpie;1
24/01/2023;2;4;20;10:49:00;D;CascineDelRiccio3;2023;winter;WoodPigeon;1
24/01/2023;2;4;20;14:12:00;D;Empoli_Serravalle;2023;winter;Human;2
24/01/2023;2;4;20;14:39:00;D;Osmannoro;2023;winter;Human;2
24/01/2023;2;4;20;01:04:41;N;SanCasciano2;2023;winter;Wildboar;1
24/01/2023;2;4;20;01:35:00;N;SanCasciano1;2023;winter;RedFox;1
25/01/2023;2;5;20;13:09:00;D;Osmannoro;2023;winter;Human;2
25/01/2023;2;5;20;14:35:00;D;Empoli_Serravalle;2023;winter;Human;2
25/01/2023;2;5;20;03:30:00;N;Osmannoro;2023;winter;Hedgehog;2
25/01/2023;2;5;20;05:44:00;N;SanCasciano1;2023;winter;RedFox;1
26/01/2023;2;6;20;01:59:00;N;SanCasciano1;2023;winter;Wildboar;1
26/01/2023;2;6;20;02:25:00;N;CascineDelRiccio3;2023;winter;RedFox;1
26/01/2023;2;6;20;02:50:00;N;SanCasciano1;2023;winter;RedFox;1
26/01/2023;2;6;20;03:36:00;N;SanCasciano1;2023;winter;EuropeanBadger;1
26/01/2023;2;6;20;19:31:00;N;SanCasciano4;2023;winter;CrestedPorcupine;2
27/01/2023;3;7;20;08:34:00;D;Osmannoro;2023;winter;Human;2
27/01/2023;3;7;20;15:20:00;D;Osmannoro;2023;winter;Human;1
27/01/2023;3;7;20;16:46:00;D;Osmannoro;2023;winter;Human;2
27/01/2023;3;7;20;00:18:00;N;SanCasciano4;2023;winter;CrestedPorcupine;2
27/01/2023;3;7;20;00:18:00;N;SanCasciano4;2023;winter;CrestedPorcupine;2
27/01/2023;3;7;20;21:34:00;N;CascineDelRiccio3;2023;winter;RoeDeer;1
27/01/2023;3;7;20;21:38:00;N;Empoli_Serravalle;2023;winter;RedFox;1
27/01/2023;3;7;20;21:38:00;N;CascineDelRiccio3;2023;winter;RoeDeer;1
27/01/2023;3;7;20;22:00:00;N;CascineDelRiccio3;2023;winter;RoeDeer;1
28/01/2023;3;8;100;05:13:00;N;Empoli_Serravalle;2023;winter;Human;2
28/01/2023;3;8;100;23:41:00;N;CascineDelRiccio3;2023;winter;RedFox;1
29/01/2023;3;9;100;18:00:00;N;SanCasciano4;2023;winter;RoeDeer;1
29/01/2023;3;9;100;00:22:00;N;SanCasciano4;2023;winter;Wildboar;1
29/01/2023;3;9;100;00:43:00;N;CascineDelRiccio3;2023;winter;RoeDeer;1
29/01/2023;3;9;100;00:58:00;N;CascineDelRiccio3;2023;winter;RoeDeer;1
29/01/2023;3;9;100;01:55:00;N;CascineDelRiccio3;2023;winter;RoeDeer;1
31/01/2023;4;11;100;00:42:00;N;SanCasciano4;2023;winter;RedFox;1
31/01/2023;4;11;100;00:57:00;N;SanCasciano4;2023;winter;RedFox;1
31/01/2023;4;11;100;02:54:00;N;SanCasciano4;2023;winter;CrestedPorcupine;1
01/07/2023;4;14;0;08:27:00;D;Osmannoro;2023;summer;Human;2
01/07/2023;4;14;0;08:27:00;D;Osmannoro;2023;summer;Human;2
01/07/2023;4;14;0;09:45:00;D;Osmannoro;2023;summer;Human;2
01/07/2023;4;14;0;09:45:00;D;TorrinoSantarosa;2023;summer;AegyptianGoose;2
01/07/2023;4;14;0;11:39:00;D;Osmannoro;2023;summer;Human;2
01/07/2023;4;14;0;13:12:00;D;Osmannoro;2023;summer;Human;2
01/07/2023;4;14;0;13:12:00;D;Osmannoro;2023;summer;Human;2
01/07/2023;4;14;0;15:02:00;D;Osmannoro;2023;summer;Human;2
01/07/2023;4;14;0;16:07:00;D;Osmannoro;2023;summer;Human;2
01/07/2023;4;14;0;16:27:00;D;Osmannoro;2023;summer;Human;2
01/07/2023;4;14;0;19:21:00;D;Osmannoro;2023;summer;Human;1
01/07/2023;4;14;0;06:07:00;N;TorrinoSantaRosa;2023;summer;NorwayRat;1
01/07/2023;4;14;0;06:07:00;N;Bagno_a_Ripoli;2023;summer;Coypu;2
02/07/2023;4;15;0;10:16:00;D;Osmannoro;2023;summer;Human;1
02/07/2023;4;15;0;10:49:00;D;Osmannoro;2023;summer;Human;2
02/07/2023;4;15;0;11:08:00;D;Osmannoro;2023;summer;Human;2
02/07/2023;4;15;0;13:24:00;D;Osmannoro;2023;summer;Human;2
02/07/2023;4;15;0;13:45:00;D;Osmannoro;2023;summer;Human;2
02/07/2023;4;15;0;14:58:00;D;Osmannoro;2023;summer;Human;1
02/07/2023;4;15;0;16:58:00;D;Osmannoro;2023;summer;Human;2
02/07/2023;4;15;0;16:58:00;D;Osmannoro;2023;summer;Human;2
02/07/2023;4;15;0;04:46:00;N;Osmannoro;2023;summer;Human;1
02/07/2023;4;15;0;06:57:00;D;Osmannoro;2023;summer;Human;1
02/07/2023;4;15;0;07:50:00;D;Osmannoro;2023;summer;Human;2
03/07/2023;4;16;15;08:00:00;D;Osmannoro;2023;summer;Human;1
03/07/2023;4;16;15;08:32:00;D;Osmannoro;2023;summer;Human;2
03/07/2023;4;16;15;08:56:00;D;Osmannoro;2023;summer;Human;1
03/07/2023;4;16;15;09:02:00;D;Osmannoro;2023;summer;Human;2
03/07/2023;4;16;15;09:28:00;D;Osmannoro;2023;summer;Human;2
03/07/2023;4;16;15;11:51:00;D;Osmannoro;2023;summer;Human;2
03/07/2023;4;16;15;13:48:00;D;Osmannoro;2023;summer;Human;2
03/07/2023;4;16;15;13:49:00;D;Osmannoro;2023;summer;Human;2
03/07/2023;4;16;15;15:22:00;D;Osmannoro;2023;summer;Human;2
03/07/2023;4;16;15;16:01:00;D;Osmannoro;2023;summer;Human;2
03/07/2023;4;16;15;16:01:00;D;Osmannoro;2023;summer;Human;2
03/07/2023;4;16;15;04:14:00;N;Osmannoro;2023;summer;Human;1
03/07/2023;4;16;15;04:42:00;N;Osmannoro;2023;summer;Human;1
03/07/2023;4;16;15;06:14:00;D;Osmannoro;2023;summer;Human;2
03/07/2023;4;16;15;07:58:00;D;Osmannoro;2023;summer;Human;2
03/07/2023;4;16;15;07:58:00;D;Osmannoro;2023;summer;Human;2
03/07/2023;4;16;15;18:42:00;D;Osmannoro;2023;summer;Human;1
04/07/2023;3;17;15;08:53:00;D;Osmannoro;2023;summer;Human;2
04/07/2023;3;17;15;09:06:00;D;Osmannoro;2023;summer;Human;2
04/07/2023;3;17;15;09:20:00;D;Osmannoro;2023;summer;Human;2
04/07/2023;3;17;15;09:40:00;D;TorrinoSantarosa;2023;summer;AegyptianGoose;1
04/07/2023;3;17;15;09:40:00;D;Osmannoro;2023;summer;Human;1
04/07/2023;3;17;15;10:03:00;D;Osmannoro;2023;summer;Human;2
04/07/2023;3;17;15;10:23:00;D;Osmannoro;2023;summer;Human;2
04/07/2023;3;17;15;10:58:00;D;Osmannoro;2023;summer;Human;1
04/07/2023;3;17;15;11:28:00;D;Osmannoro;2023;summer;Human;1
04/07/2023;3;17;15;11:32:00;D;Osmannoro;2023;summer;Human;1
04/07/2023;3;17;15;12:44:00;D;Osmannoro;2023;summer;Human;2
04/07/2023;3;17;15;14:03:00;D;Osmannoro;2023;summer;Human;2
04/07/2023;3;17;15;07:30:00;D;Osmannoro;2023;summer;Human;1
04/07/2023;3;17;15;18:19:00;D;Osmannoro;2023;summer;Human;2
04/07/2023;3;17;15;18:25:00;D;Osmannoro;2023;summer;Human;2
04/07/2023;3;17;15;18:57:00;D;Osmannoro;2023;summer;Human;2
05/07/2023;3;18;0;09:25:00;D;Osmannoro;2023;summer;Human;2
05/07/2023;3;18;0;10:05:00;D;Osmannoro;2023;summer;Human;1
05/07/2023;3;18;0;10:19:00;D;Osmannoro;2023;summer;Human;2
05/07/2023;3;18;0;10:19:00;D;Osmannoro;2023;summer;Human;2
05/07/2023;3;18;0;10:50:00;D;Osmannoro;2023;summer;Human;2
05/07/2023;3;18;0;12:37:00;D;Osmannoro;2023;summer;Human;2
05/07/2023;3;18;0;12:44:00;D;Osmannoro;2023;summer;Human;2
05/07/2023;3;18;0;13:33:00;D;Osmannoro;2023;summer;Human;1
05/07/2023;3;18;0;13:33:00;D;Osmannoro;2023;summer;Human;2
05/07/2023;3;18;0;14:33:00;D;Osmannoro;2023;summer;Human;2
05/07/2023;3;18;0;16:15:00;D;Osmannoro;2023;summer;Human;2
05/07/2023;3;18;0;16:19:00;D;Osmannoro;2023;summer;Human;1
05/07/2023;3;18;0;16:52:00;D;Osmannoro;2023;summer;Human;2
05/07/2023;3;18;0;17:01:00;D;Osmannoro;2023;summer;Human;1
05/07/2023;3;18;0;17:01:00;D;Osmannoro;2023;summer;Human;2
05/07/2023;3;18;0;00:52:00;N;Osmannoro;2023;summer;Human;2
05/07/2023;3;18;0;05:56:00;N;Osmannoro;2023;summer;Human;1
05/07/2023;3;18;0;06:10:00;N;Osmannoro;2023;summer;Human;1
05/07/2023;3;18;0;06:59:00;D;Osmannoro;2023;summer;Human;2
05/07/2023;3;18;0;07:39:00;D;Osmannoro;2023;summer;Human;2
05/07/2023;3;18;0;07:46:00;D;Osmannoro;2023;summer;Human;1
05/07/2023;3;18;0;18:25:00;D;Osmannoro;2023;summer;Human;1
05/07/2023;3;18;0;18:51:00;D;Osmannoro;2023;summer;Human;2
05/07/2023;3;18;0;18:51:00;D;Osmannoro;2023;summer;Human;2
06/07/2023;3;19;0;08:13:00;D;Osmannoro;2023;summer;Human;2
06/07/2023;3;19;0;08:20:00;D;Osmannoro;2023;summer;Human;1
06/07/2023;3;19;0;08:24:00;D;Osmannoro;2023;summer;Human;2
06/07/2023;3;19;0;08:24:00;D;Osmannoro;2023;summer;Human;2
06/07/2023;3;19;0;08:30:00;D;Osmannoro;2023;summer;Human;2
06/07/2023;3;19;0;10:01:00;D;Osmannoro;2023;summer;Human;1
06/07/2023;3;19;0;11:29:00;D;Osmannoro;2023;summer;Human;2
06/07/2023;3;19;0;12:28:00;D;Osmannoro;2023;summer;Human;1
06/07/2023;3;19;0;12:58:00;D;Osmannoro;2023;summer;Human;1
06/07/2023;3;19;0;13:35:00;D;Osmannoro;2023;summer;Human;2
06/07/2023;3;19;0;13:35:00;D;Osmannoro;2023;summer;Human;2
06/07/2023;3;19;0;15:16:00;D;Osmannoro;2023;summer;Human;1
06/07/2023;3;19;0;15:29:00;D;Osmannoro;2023;summer;Human;2
06/07/2023;3;19;0;15:29:00;D;Osmannoro;2023;summer;Human;2
06/07/2023;3;19;0;16:52:00;D;Osmannoro;2023;summer;Human;2
06/07/2023;3;19;0;04:08:00;N;Osmannoro;2023;summer;Human;1
06/07/2023;3;19;0;04:08:00;N;Osmannoro;2023;summer;Human;2
06/07/2023;3;19;0;07:39:00;D;Osmannoro;2023;summer;Human;2
06/07/2023;3;19;0;07:39:00;D;Osmannoro;2023;summer;Human;2
06/07/2023;3;19;0;07:48:00;D;Osmannoro;2023;summer;Human;2
06/07/2023;3;19;0;18:44:00;D;Osmannoro;2023;summer;Human;1
06/07/2023;3;19;0;02:38:00;N;Bagno_a_Ripoli;2023;summer;Coypu;2
06/07/2023;3;19;0;03:16:00;N;TorrinoSantaRosa;2023;summer;NorwayRat;1
07/07/2023;3;20;20;08:51:00;D;Osmannoro;2023;summer;Human;2
07/07/2023;3;20;20;09:50:00;D;Osmannoro;2023;summer;Human;1
07/07/2023;3;20;20;11:13:00;D;Osmannoro;2023;summer;Human;2
07/07/2023;3;20;20;11:13:00;D;Osmannoro;2023;summer;Human;2
07/07/2023;3;20;20;11:29:00;D;Osmannoro;2023;summer;Human;2
07/07/2023;3;20;20;12:32:00;D;Osmannoro;2023;summer;Human;1
07/07/2023;3;20;20;12:52:00;D;Osmannoro;2023;summer;Human;1
07/07/2023;3;20;20;14:32:00;D;Osmannoro;2023;summer;Human;1
07/07/2023;3;20;20;15:13:00;D;Osmannoro;2023;summer;Human;1
07/07/2023;3;20;20;15:19:00;D;Osmannoro;2023;summer;Human;2
07/07/2023;3;20;20;17:07:00;D;Osmannoro;2023;summer;Human;2
07/07/2023;3;20;20;17:40:00;D;Osmannoro;2023;summer;Human;1
07/07/2023;3;20;20;01:55:00;N;Osmannoro;2023;summer;Human;1
07/07/2023;3;20;20;05:00:00;N;Osmannoro;2023;summer;Human;1
07/07/2023;3;20;20;05:37:00;N;Osmannoro;2023;summer;Human;1
07/07/2023;3;20;20;06:01:00;N;Osmannoro;2023;summer;Human;1
07/07/2023;3;20;20;06:23:00;D;Osmannoro;2023;summer;Human;1
07/07/2023;3;20;20;06:50:00;D;Osmannoro;2023;summer;Human;1
07/07/2023;3;20;20;07:55:00;D;Osmannoro;2023;summer;Human;2
07/07/2023;3;20;20;19:00:00;D;Osmannoro;2023;summer;Human;1
08/07/2023;2;21;20;09:41:00;D;TorrinoSantarosa;2023;summer;AegyptianGoose;1
08/07/2023;2;21;20;09:41:00;D;Osmannoro;2023;summer;Human;1
08/07/2023;2;21;20;10:56:00;D;Osmannoro;2023;summer;Human;2
08/07/2023;2;21;20;12:57:00;D;Osmannoro;2023;summer;Human;1
08/07/2023;2;21;20;13:29:00;D;Osmannoro;2023;summer;Human;2
08/07/2023;2;21;20;14:48:00;D;Osmannoro;2023;summer;Human;1
08/07/2023;2;21;20;15:12:00;D;Osmannoro;2023;summer;Human;2
08/07/2023;2;21;20;15:46:00;D;Osmannoro;2023;summer;Human;1
08/07/2023;2;21;20;17:53:00;D;Osmannoro;2023;summer;Human;1
08/07/2023;2;21;20;17:55:00;D;Osmannoro;2023;summer;Human;1
08/07/2023;2;21;20;00:55:00;N;Osmannoro;2023;summer;Human;2
08/07/2023;2;21;20;04:04:00;N;Osmannoro;2023;summer;Human;1
08/07/2023;2;21;20;04:04:00;N;Osmannoro;2023;summer;Human;2
08/07/2023;2;21;20;07:36:00;D;Osmannoro;2023;summer;Human;1
08/07/2023;2;21;20;19:40:00;D;Osmannoro;2023;summer;Human;2
08/07/2023;2;21;20;21:49:00;N;Osmannoro;2023;summer;Human;1
08/07/2023;2;21;20;23:17:00;N;Osmannoro;2023;summer;Human;1
08/07/2023;2;21;20;23:21:00;N;Capellino_1;2023;summer;BarnOwl;1
09/07/2023;2;22;20;08:02:00;D;Osmannoro;2023;summer;Human;5
09/07/2023;2;22;20;08:27:00;D;Osmannoro;2023;summer;Human;2
09/07/2023;2;22;20;08:58:00;D;Osmannoro;2023;summer;Human;2
09/07/2023;2;22;20;09:15:00;D;Osmannoro;2023;summer;Human;2
09/07/2023;2;22;20;09:17:00;D;Cascine;2023;summer;RedSquirrel;1
09/07/2023;2;22;20;09:34:00;D;Osmannoro;2023;summer;Human;2
09/07/2023;2;22;20;18:07:00;D;Osmannoro;2023;summer;Human;1
09/07/2023;2;22;20;02:51:36;N;Sesto4;2023;summer;CrestedPorcupine;2
09/07/2023;2;22;20;02:53:05;N;Sesto4;2023;summer;CrestedPorcupine;1
09/07/2023;2;22;20;03:06:59;N;Sesto4;2023;summer;CrestedPorcupine;1
09/07/2023;2;22;20;03:06:59;N;Sesto4;2023;summer;DomesticCat;1
09/07/2023;2;22;20;04:43:00;N;Osmannoro;2023;summer;Human;1
09/07/2023;2;22;20;07:35:00;D;Osmannoro;2023;summer;Human;2
09/07/2023;2;22;20;07:49:00;D;Osmannoro;2023;summer;Human;2
09/07/2023;2;22;20;19:11:00;D;Osmannoro;2023;summer;Human;1
09/07/2023;2;22;20;19:14:00;D;Osmannoro;2023;summer;Human;1
09/07/2023;2;22;20;19:19:00;D;Osmannoro;2023;summer;Human;1
09/07/2023;2;22;20;20:17:00;D;Osmannoro;2023;summer;Human;1
09/07/2023;2;22;20;20:27:00;D;Osmannoro;2023;summer;Human;1
09/07/2023;2;22;20;23:46:00;N;Bagno_a_Ripoli;2023;summer;Coypu;2
10/07/2023;2;23;20;08:40:00;D;Osmannoro;2023;summer;Human;1
10/07/2023;2;23;20;09:41:00;D;TorrinoSantarosa;2023;summer;AegyptianGoose;1
10/07/2023;2;23;20;09:41:00;D;Osmannoro;2023;summer;Human;1
10/07/2023;2;23;20;09:46:00;D;Osmannoro;2023;summer;Human;2
10/07/2023;2;23;20;09:51:00;D;Osmannoro;2023;summer;Human;2
10/07/2023;2;23;20;09:54:00;D;Osmannoro;2023;summer;Human;1
10/07/2023;2;23;20;10:29:00;D;Osmannoro;2023;summer;Human;2
10/07/2023;2;23;20;10:33:00;D;Osmannoro;2023;summer;Human;2
10/07/2023;2;23;20;10:49:00;D;Sesto2;2023;summer;Blackbird;1
10/07/2023;2;23;20;10:49:00;D;Empoli_Serravalle;2023;summer;DomesticDog;1
10/07/2023;2;23;20;11:38:00;D;Osmannoro;2023;summer;Human;1
10/07/2023;2;23;20;12:17:00;D;Sesto2;2023;summer;Blackbird;1
10/07/2023;2;23;20;12:17:00;D;Empoli_Serravalle;2023;summer;DomesticDog;1
10/07/2023;2;23;20;15:18:00;D;Osmannoro;2023;summer;Human;2
10/07/2023;2;23;20;15:46:00;D;Osmannoro;2023;summer;Human;2
10/07/2023;2;23;20;17:58:00;D;Osmannoro;2023;summer;Human;2
10/07/2023;2;23;20;18:01:00;D;Osmannoro;2023;summer;Human;1
10/07/2023;2;23;20;04:41:00;N;Osmannoro;2023;summer;Human;1
10/07/2023;2;23;20;05:29:00;N;Osmannoro;2023;summer;Human;2
10/07/2023;2;23;20;20:02:00;D;Osmannoro;2023;summer;Human;1
11/07/2023;2;24;0;08:15:00;D;Osmannoro;2023;summer;Human;1
11/07/2023;2;24;0;09:07:00;D;Osmannoro;2023;summer;Human;2
11/07/2023;2;24;0;11:01:00;D;Osmannoro;2023;summer;Human;1
11/07/2023;2;24;0;11:04:00;D;Osmannoro;2023;summer;Human;1
11/07/2023;2;24;0;12:37:00;D;Osmannoro;2023;summer;Human;1
11/07/2023;2;24;0;14:08:00;D;Osmannoro;2023;summer;Human;2
11/07/2023;2;24;0;15:14:00;D;Osmannoro;2023;summer;Human;1
11/07/2023;2;24;0;17:41:00;D;Osmannoro;2023;summer;Human;2
11/07/2023;2;24;0;00:18:00;N;Sesto2;2023;summer;BlackRat;1
11/07/2023;2;24;0;00:31:00;N;Sesto2;2023;summer;BlackRat;2
11/07/2023;2;24;0;00:31:00;N;Sesto2;2023;summer;BlackRat;1
11/07/2023;2;24;0;00:32:00;N;Sesto2;2023;summer;BlackRat;2
11/07/2023;2;24;0;02:20:00;N;Empoli_Serravalle;2023;summer;Coypu;1
11/07/2023;2;24;0;02:23:00;N;Empoli_Serravalle;2023;summer;Coypu;1
11/07/2023;2;24;0;03:31:00;N;Empoli_Serravalle;2023;summer;Coypu;1
11/07/2023;2;24;0;05:55:00;N;Empoli_Serravalle;2023;summer;Coypu;1
11/07/2023;2;24;0;05:56:00;N;Empoli_Serravalle;2023;summer;Coypu;1
11/07/2023;2;24;0;05:56:00;N;Empoli_Serravalle;2023;summer;Coypu;1
11/07/2023;2;24;0;06:05:00;N;Empoli_Serravalle;2023;summer;Coypu;1
11/07/2023;2;24;0;07:07:00;D;Empoli_Serravalle;2023;summer;Coypu;1
11/07/2023;2;24;0;07:15:00;D;Empoli_Serravalle;2023;summer;Coypu;1
11/07/2023;2;24;0;07:27:00;D;Empoli_Serravalle;2023;summer;Coypu;1
11/07/2023;2;24;0;07:27:00;D;Empoli_Serravalle;2023;summer;Coypu;1
11/07/2023;2;24;0;18:14:00;D;Osmannoro;2023;summer;Human;1
11/07/2023;2;24;0;21:21:00;N;Empoli_Serravalle;2023;summer;Coypu;1
12/07/2023;2;25;0;08:24:00;D;Sesto2;2023;summer;CommonPheasant;1
12/07/2023;2;25;0;08:31:00;D;Osmannoro;2023;summer;Human;2
12/07/2023;2;25;0;08:35:00;D;Osmannoro;2023;summer;Human;2
12/07/2023;2;25;0;10:54:00;D;Osmannoro;2023;summer;Human;2
12/07/2023;2;25;0;13:06:00;D;Osmannoro;2023;summer;Human;2
12/07/2023;2;25;0;14:06:00;D;Osmannoro;2023;summer;Human;1
12/07/2023;2;25;0;14:59:00;D;Osmannoro;2023;summer;Human;2
12/07/2023;2;25;0;15:40:00;D;Osmannoro;2023;summer;Human;1
12/07/2023;2;25;0;16:18:00;D;Osmannoro;2023;summer;Human;2
12/07/2023;2;25;0;17:05:00;D;Osmannoro;2023;summer;Human;2
12/07/2023;2;25;0;17:10:00;D;Osmannoro;2023;summer;Human;2
12/07/2023;2;25;0;03:31:00;N;Empoli_Serravalle;2023;summer;Coypu;1
12/07/2023;2;25;0;03:35:00;N;Empoli_Serravalle;2023;summer;Coypu;1
12/07/2023;2;25;0;03:37:00;N;Empoli_Serravalle;2023;summer;Coypu;1
12/07/2023;2;25;0;03:37:00;N;Empoli_Serravalle;2023;summer;Coypu;1
12/07/2023;2;25;0;03:58:00;N;Empoli_Serravalle;2023;summer;Coypu;1
12/07/2023;2;25;0;03:58:00;N;Empoli_Serravalle;2023;summer;Coypu;1
12/07/2023;2;25;0;04:48:00;N;Empoli_Serravalle;2023;summer;Coypu;1
12/07/2023;2;25;0;04:53:00;N;Empoli_Serravalle;2023;summer;Coypu;1
12/07/2023;2;25;0;06:24:00;D;Empoli_Serravalle;2023;summer;Coypu;1
12/07/2023;2;25;0;06:26:00;D;Empoli_Serravalle;2023;summer;Coypu;1
12/07/2023;2;25;0;06:26:00;D;Empoli_Serravalle;2023;summer;Coypu;1
12/07/2023;2;25;0;18:20:00;D;Osmannoro;2023;summer;Human;1
12/07/2023;2;25;0;19:42:00;D;Osmannoro;2023;summer;Human;1
12/07/2023;2;25;0;20:03:00;D;Osmannoro;2023;summer;Human;1
12/07/2023;2;25;0;21:09:00;N;Empoli_Serravalle;2023;summer;Coypu;1
12/07/2023;2;25;0;21:09:00;N;Empoli_Serravalle;2023;summer;Coypu;1
12/07/2023;2;25;0;21:15:00;N;Empoli_Serravalle;2023;summer;Coypu;1
13/07/2023;1;26;0;08:38:00;D;Osmannoro;2023;summer;Human;2
13/07/2023;1;26;0;08:38:00;D;Osmannoro;2023;summer;Human;2
13/07/2023;1;26;0;09:02:00;D;Osmannoro;2023;summer;Human;2
13/07/2023;1;26;0;09:26:00;D;Osmannoro;2023;summer;Human;1
13/07/2023;1;26;0;09:38:00;D;Osmannoro;2023;summer;Human;2
13/07/2023;1;26;0;10:14:00;D;Osmannoro;2023;summer;Human;2
13/07/2023;1;26;0;11:04:00;D;Osmannoro;2023;summer;Human;1
13/07/2023;1;26;0;11:08:00;D;Osmannoro;2023;summer;Human;2
13/07/2023;1;26;0;12:40:00;D;Osmannoro;2023;summer;Human;2
13/07/2023;1;26;0;16:09:00;D;Osmannoro;2023;summer;Human;1
13/07/2023;1;26;0;17:41:00;D;Osmannoro;2023;summer;Human;1
13/07/2023;1;26;0;00:43:00;N;Empoli_Serravalle;2023;summer;Coypu;1
13/07/2023;1;26;0;02:08:00;N;Empoli_Serravalle;2023;summer;Coypu;1
13/07/2023;1;26;0;02:08:00;N;Empoli_Serravalle;2023;summer;Coypu;1
13/07/2023;1;26;0;03:32:00;N;Empoli_Serravalle;2023;summer;Coypu;1
13/07/2023;1;26;0;03:33:00;N;Empoli_Serravalle;2023;summer;Coypu;1
13/07/2023;1;26;0;03:33:00;N;Empoli_Serravalle;2023;summer;Coypu;1
13/07/2023;1;26;0;03:48:00;N;Empoli_Serravalle;2023;summer;Coypu;1
13/07/2023;1;26;0;03:49:00;N;Empoli_Serravalle;2023;summer;Coypu;1
13/07/2023;1;26;0;04:50:00;N;Empoli_Serravalle;2023;summer;Coypu;1
13/07/2023;1;26;0;06:29:00;D;Osmannoro;2023;summer;Human;1
13/07/2023;1;26;0;19:35:00;D;Osmannoro;2023;summer;Human;1
13/07/2023;1;26;0;20:35:00;N;Osmannoro;2023;summer;Human;1
13/07/2023;1;26;0;21:17:00;N;Empoli_Serravalle;2023;summer;Coypu;1
13/07/2023;1;26;0;22:00:00;N;Empoli_Serravalle;2023;summer;Coypu;1
13/07/2023;1;26;0;22:01:00;N;Empoli_Serravalle;2023;summer;Coypu;1
13/07/2023;1;26;0;22:01:00;N;Empoli_Serravalle;2023;summer;Coypu;1
13/07/2023;1;26;0;23:11:00;N;Osmannoro;2023;summer;Human;2
13/07/2023;1;26;0;23:47:00;N;Empoli_Serravalle;2023;summer;Coypu;1
13/07/2023;1;26;0;23:50:00;N;Empoli_Serravalle;2023;summer;Coypu;1
13/07/2023;1;26;0;23:51:00;N;Empoli_Serravalle;2023;summer;Coypu;1
13/07/2023;1;26;0;07:16:00;N;TorrinoSantaRosa;2023;summer;NorwayRat;1
13/07/2023;1;26;0;07:16:00;N;Bagno_a_Ripoli;2023;summer;Coypu;1
13/07/2023;1;26;0;21:24:00;N;Bagno_a_Ripoli;2023;summer;Coypu;2
13/07/2023;1;26;0;21:50:00;N;Bagno_a_Ripoli;2023;summer;Coypu;2
13/07/2023;1;26;25;08:58:00;D;Osmannoro;2023;summer;Human;2
14/07/2023;1;27;0;10:05:00;D;Osmannoro;2023;summer;Human;2
14/07/2023;1;27;0;10:20:00;D;Osmannoro;2023;summer;Human;1
14/07/2023;1;27;0;11:18:00;D;Osmannoro;2023;summer;Human;1
14/07/2023;1;27;0;13:04:00;D;Osmannoro;2023;summer;Human;2
14/07/2023;1;27;0;15:01:00;D;Osmannoro;2023;summer;Human;2
14/07/2023;1;27;0;15:08:00;D;Osmannoro;2023;summer;Human;2
14/07/2023;1;27;0;16:03:00;D;Osmannoro;2023;summer;Human;2
14/07/2023;1;27;0;17:16:00;D;Osmannoro;2023;summer;Human;2
14/07/2023;1;27;0;04:50:00;N;Empoli_Serravalle;2023;summer;Coypu;1
14/07/2023;1;27;0;05:12:00;N;Empoli_Serravalle;2023;summer;Coypu;1
14/07/2023;1;27;0;05:17:00;N;Empoli_Serravalle;2023;summer;Coypu;1
14/07/2023;1;27;0;05:17:00;N;Empoli_Serravalle;2023;summer;Coypu;1
14/07/2023;1;27;0;05:57:00;N;Empoli_Serravalle;2023;summer;Coypu;1
14/07/2023;1;27;0;06:02:00;N;Empoli_Serravalle;2023;summer;Coypu;1
14/07/2023;1;27;0;06:02:00;N;Empoli_Serravalle;2023;summer;Coypu;1
14/07/2023;1;27;0;06:03:00;N;Empoli_Serravalle;2023;summer;Coypu;1
14/07/2023;1;27;0;06:03:00;N;Empoli_Serravalle;2023;summer;Coypu;1
14/07/2023;1;27;0;06:06:00;N;Empoli_Serravalle;2023;summer;Coypu;1
14/07/2023;1;27;0;06:11:00;D;Empoli_Serravalle;2023;summer;Coypu;1
14/07/2023;1;27;0;06:45:00;D;Osmannoro;2023;summer;Human;1
14/07/2023;1;27;0;21:43:00;N;Osmannoro;2023;summer;Human;1
14/07/2023;1;27;0;06:47:00;N;TorrinoSantaRosa;2023;summer;NorwayRat;1
14/07/2023;1;27;0;06:47:00;N;Bagno_a_Ripoli;2023;summer;Coypu;2
14/07/2023;1;27;0;21:36:00;N;Bagno_a_Ripoli;2023;summer;Coypu;1
14/07/2023;1;27;25;14:34:00;D;Osmannoro;2023;summer;Human;2
15/07/2023;1;28;0;08:23:00;D;Osmannoro;2023;summer;Human;2
15/07/2023;1;28;0;08:40:00;D;Empoli_Serravalle;2023;summer;Coypu;1
15/07/2023;1;28;0;08:45:00;D;Osmannoro;2023;summer;Human;2
15/07/2023;1;28;0;08:49:00;D;Osmannoro;2023;summer;Human;2
15/07/2023;1;28;0;09:30:00;D;Osmannoro;2023;summer;Human;1
15/07/2023;1;28;0;10:34:00;D;Osmannoro;2023;summer;Human;2
15/07/2023;1;28;0;10:38:00;D;Osmannoro;2023;summer;Human;2
15/07/2023;1;28;0;10:47:00;D;Osmannoro;2023;summer;Human;2
15/07/2023;1;28;0;14:40:00;D;Osmannoro;2023;summer;Human;2
15/07/2023;1;28;0;14:57:00;D;Osmannoro;2023;summer;Human;2
15/07/2023;1;28;0;16:24:00;D;Osmannoro;2023;summer;Human;1
15/07/2023;1;28;0;02:03:00;N;Empoli_Serravalle;2023;summer;Coypu;1
15/07/2023;1;28;0;02:04:00;N;Empoli_Serravalle;2023;summer;Coypu;1
15/07/2023;1;28;0;02:15:00;N;Empoli_Serravalle;2023;summer;Coypu;1
15/07/2023;1;28;0;02:15:00;N;Empoli_Serravalle;2023;summer;Coypu;1
15/07/2023;1;28;0;04:02:00;N;Empoli_Serravalle;2023;summer;Coypu;1
15/07/2023;1;28;0;04:54:00;N;Empoli_Serravalle;2023;summer;Coypu;1
15/07/2023;1;28;0;04:54:00;N;Empoli_Serravalle;2023;summer;Coypu;1
15/07/2023;1;28;0;06:05:00;N;Empoli_Serravalle;2023;summer;Coypu;1
15/07/2023;1;28;0;06:14:00;D;Empoli_Serravalle;2023;summer;Coypu;1
15/07/2023;1;28;0;06:23:00;D;Empoli_Serravalle;2023;summer;Coypu;1
15/07/2023;1;28;0;06:32:00;D;Empoli_Serravalle;2023;summer;Coypu;1
15/07/2023;1;28;0;07:02:00;D;Osmannoro;2023;summer;Human;1
15/07/2023;1;28;0;18:43:00;D;Osmannoro;2023;summer;Human;1
15/07/2023;1;28;0;20:06:00;D;Osmannoro;2023;summer;Human;1
15/07/2023;1;28;0;20:39:00;N;Osmannoro;2023;summer;Human;1
15/07/2023;1;28;0;21:12:00;N;Empoli_Serravalle;2023;summer;Coypu;1
15/07/2023;1;28;0;21:12:00;N;Empoli_Serravalle;2023;summer;Coypu;1
15/07/2023;1;28;0;21:21:00;N;Empoli_Serravalle;2023;summer;Coypu;1
15/07/2023;1;28;0;21:58:00;N;Osmannoro;2023;summer;Human;1
15/07/2023;1;28;0;22:58:00;N;Empoli_Serravalle;2023;summer;Coypu;1
15/07/2023;1;28;0;04:12:00;N;Bagno_a_Ripoli;2023;summer;Coypu;1
15/07/2023;1;28;0;23:14:00;N;Bagno_a_Ripoli;2023;summer;Coypu;1
15/07/2023;1;28;25;09:32:00;D;Osmannoro;2023;summer;Human;2
16/07/2023;1;29;0;08:41:00;D;Empoli_Serravalle;2023;summer;Coypu;1
16/07/2023;1;29;0;08:46:00;D;Empoli_Serravalle;2023;summer;Coypu;1
16/07/2023;1;29;0;10:20:00;D;Osmannoro;2023;summer;Human;1
16/07/2023;1;29;0;10:56:00;D;Osmannoro;2023;summer;Human;2
16/07/2023;1;29;0;13:17:00;D;Osmannoro;2023;summer;Human;2
16/07/2023;1;29;0;14:42:00;D;Osmannoro;2023;summer;Human;2
16/07/2023;1;29;0;16:54:00;D;Osmannoro;2023;summer;Human;2
16/07/2023;1;29;0;17:22:00;D;Osmannoro;2023;summer;Human;2
16/07/2023;1;29;0;17:44:00;D;Osmannoro;2023;summer;Human;2
16/07/2023;1;29;0;01:23:00;N;Sesto2;2023;summer;BlackRat;1
16/07/2023;1;29;0;01:24:00;N;Sesto2;2023;summer;BlackRat;1
16/07/2023;1;29;0;01:47:00;N;Sesto2;2023;summer;BlackRat;1
16/07/2023;1;29;0;07:37:00;D;Osmannoro;2023;summer;Human;1
16/07/2023;1;29;0;21:03:00;N;Empoli_Serravalle;2023;summer;Coypu;1
16/07/2023;1;29;0;21:04:00;N;Empoli_Serravalle;2023;summer;Coypu;1
16/07/2023;1;29;0;21:22:00;N;Empoli_Serravalle;2023;summer;Coypu;1
16/07/2023;1;29;0;21:23:00;N;Empoli_Serravalle;2023;summer;Coypu;1
16/07/2023;1;29;0;21:24:00;N;Empoli_Serravalle;2023;summer;Coypu;1
16/07/2023;1;29;0;21:34:00;N;Empoli_Serravalle;2023;summer;Coypu;1
16/07/2023;1;29;0;21:39:00;N;Sesto2;2023;summer;EuropeanHare;1
16/07/2023;1;29;0;21:50:00;N;Empoli_Serravalle;2023;summer;Coypu;1
16/07/2023;1;29;0;22:02:00;N;Empoli_Serravalle;2023;summer;Coypu;1
16/07/2023;1;29;0;22:09:00;N;Empoli_Serravalle;2023;summer;Coypu;1
16/07/2023;1;29;0;23:08:00;N;Empoli_Serravalle;2023;summer;Coypu;1
16/07/2023;1;29;0;23:17:00;N;Empoli_Serravalle;2023;summer;Coypu;1
16/07/2023;1;29;0;18:51:00;N;TorrinoSantaRosa;2023;summer;NorwayRat;1
16/07/2023;1;29;0;18:51:00;N;Bagno_a_Ripoli;2023;summer;Coypu;1
16/07/2023;1;29;0;20:04:00;N;Bagno_a_Ripoli;2023;summer;Coypu;1
16/07/2023;1;29;25;10:18:00;D;Osmannoro;2023;summer;Human;1
17/07/2023;1;1;0;08:20:00;D;Osmannoro;2023;summer;Human;2
17/07/2023;1;1;0;09:20:00;D;Osmannoro;2023;summer;Human;1
17/07/2023;1;1;0;10:53:00;D;Osmannoro;2023;summer;Human;2
17/07/2023;1;1;0;18:04:00;D;Osmannoro;2023;summer;Human;1
17/07/2023;1;1;0;00:58:00;N;Empoli_Serravalle;2023;summer;Coypu;1
17/07/2023;1;1;0;00:58:00;N;Empoli_Serravalle;2023;summer;Coypu;1
17/07/2023;1;1;0;00:58:00;N;Empoli_Serravalle;2023;summer;Coypu;1
17/07/2023;1;1;0;01:07:00;N;Empoli_Serravalle;2023;summer;Coypu;1
17/07/2023;1;1;0;01:30:00;N;Sesto2;2023;summer;BlackRat;1
17/07/2023;1;1;0;01:42:00;N;Empoli_Serravalle;2023;summer;Coypu;1
17/07/2023;1;1;0;02:21:00;N;Sesto2;2023;summer;BlackRat;1
17/07/2023;1;1;0;02:25:00;N;Sesto2;2023;summer;BlackRat;1
17/07/2023;1;1;0;02:26:00;N;Sesto2;2023;summer;BlackRat;1
17/07/2023;1;1;0;03:25:00;N;Empoli_Serravalle;2023;summer;Coypu;1
17/07/2023;1;1;0;03:40:00;N;Sesto2;2023;summer;BlackRat;1
17/07/2023;1;1;0;03:47:00;N;Empoli_Serravalle;2023;summer;Coypu;1
17/07/2023;1;1;0;04:04:00;N;Sesto2;2023;summer;BlackRat;2
17/07/2023;1;1;0;04:05:00;N;Sesto2;2023;summer;BlackRat;2
17/07/2023;1;1;0;04:05:00;N;Sesto2;2023;summer;BlackRat;1
17/07/2023;1;1;0;06:22:00;D;Sesto2;2023;summer;RedFox;1
17/07/2023;1;1;0;19:29:00;D;Osmannoro;2023;summer;Human;1
17/07/2023;1;1;0;23:20:00;N;Empoli_Serravalle;2023;summer;Coypu;1
17/07/2023;1;1;0;23:20:00;N;Empoli_Serravalle;2023;summer;Coypu;1
17/07/2023;1;1;0;23:39:00;N;Empoli_Serravalle;2023;summer;Coypu;1
17/07/2023;1;1;0;23:42:00;N;Empoli_Serravalle;2023;summer;Coypu;1
17/07/2023;1;1;0;23:43:00;N;Empoli_Serravalle;2023;summer;Coypu;1
17/07/2023;1;1;0;23:43:00;N;Empoli_Serravalle;2023;summer;Coypu;1
17/07/2023;1;1;0;23:48:00;N;Empoli_Serravalle;2023;summer;Coypu;1
18/07/2023;1;2;0;08:14:00;D;Osmannoro;2023;summer;Human;1
18/07/2023;1;2;0;08:38:00;D;Osmannoro;2023;summer;Human;2
18/07/2023;1;2;0;08:54:00;D;Osmannoro;2023;summer;Human;2
18/07/2023;1;2;0;09:02:00;D;Osmannoro;2023;summer;Human;2
18/07/2023;1;2;0;09:46:00;D;Sesto2;2023;summer;Blackbird;1
18/07/2023;1;2;0;09:46:00;D;Empoli_Serravalle;2023;summer;DomesticDog;1
18/07/2023;1;2;0;10:49:00;D;Osmannoro;2023;summer;Human;2
18/07/2023;1;2;0;11:56:00;D;Osmannoro;2023;summer;Human;2
18/07/2023;1;2;0;12:02:00;D;Osmannoro;2023;summer;Human;2
18/07/2023;1;2;0;12:06:00;D;Osmannoro;2023;summer;Human;2
18/07/2023;1;2;0;12:17:00;D;Osmannoro;2023;summer;Human;2
18/07/2023;1;2;0;16:48:00;D;Osmannoro;2023;summer;Human;2
18/07/2023;1;2;0;03:47:00;N;Empoli_Serravalle;2023;summer;Coypu;1
18/07/2023;1;2;0;04:03:00;N;Empoli_Serravalle;2023;summer;Coypu;1
18/07/2023;1;2;0;04:14:00;N;Empoli_Serravalle;2023;summer;Coypu;1
18/07/2023;1;2;0;04:14:00;N;Empoli_Serravalle;2023;summer;Coypu;1
18/07/2023;1;2;0;04:17:00;N;Empoli_Serravalle;2023;summer;Coypu;1
18/07/2023;1;2;0;04:19:00;N;Empoli_Serravalle;2023;summer;Coypu;1
18/07/2023;1;2;0;04:24:00;N;Empoli_Serravalle;2023;summer;Coypu;1
18/07/2023;1;2;0;04:24:00;N;Empoli_Serravalle;2023;summer;Coypu;1
18/07/2023;1;2;0;04:33:00;N;Sesto2;2023;summer;BlackRat;1
18/07/2023;1;2;0;04:53:00;N;Empoli_Serravalle;2023;summer;Coypu;1
18/07/2023;1;2;0;05:29:00;N;Empoli_Serravalle;2023;summer;Coypu;1
18/07/2023;1;2;0;05:29:00;N;Empoli_Serravalle;2023;summer;Coypu;1
18/07/2023;1;2;0;05:42:00;N;Empoli_Serravalle;2023;summer;Coypu;1
18/07/2023;1;2;0;06:28:00;D;Empoli_Serravalle;2023;summer;Coypu;1
18/07/2023;1;2;0;22:52:00;N;Osmannoro;2023;summer;Human;1
18/07/2023;1;2;0;03:45:00;N;Bagno_a_Ripoli;2023;summer;Coypu;2
19/07/2023;1;3;0;09:27:00;D;Osmannoro;2023;summer;Human;2
19/07/2023;1;3;0;10:19:00;D;Osmannoro;2023;summer;Human;1
19/07/2023;1;3;0;12:49:00;D;Osmannoro;2023;summer;Human;2
19/07/2023;1;3;0;13:49:00;D;Osmannoro;2023;summer;Human;2
19/07/2023;1;3;0;15:22:00;D;Osmannoro;2023;summer;Human;1
19/07/2023;1;3;0;16:59:00;D;Osmannoro;2023;summer;Human;1
19/07/2023;1;3;0;06:28:00;D;Empoli_Serravalle;2023;summer;Coypu;1
19/07/2023;1;3;0;06:28:00;D;Empoli_Serravalle;2023;summer;Coypu;1
19/07/2023;1;3;0;06:30:00;D;Empoli_Serravalle;2023;summer;Coypu;1
19/07/2023;1;3;0;06:45:00;D;Empoli_Serravalle;2023;summer;Coypu;1
19/07/2023;1;3;0;07:19:00;D;Empoli_Serravalle;2023;summer;Coypu;1
19/07/2023;1;3;0;07:19:00;D;Empoli_Serravalle;2023;summer;Coypu;1
20/07/2023;2;4;0;08:08:00;D;Empoli_Serravalle;2023;summer;Coypu;1
20/07/2023;2;4;0;08:24:00;D;Empoli_Serravalle;2023;summer;Coypu;1
20/07/2023;2;4;0;08:25:00;D;Empoli_Serravalle;2023;summer;Coypu;1
20/07/2023;2;4;0;08:25:00;D;Empoli_Serravalle;2023;summer;Coypu;1
20/07/2023;2;4;0;08:25:00;D;Empoli_Serravalle;2023;summer;Coypu;1
20/07/2023;2;4;0;08:27:00;D;Empoli_Serravalle;2023;summer;Coypu;1
20/07/2023;2;4;0;10:21:00;D;Osmannoro;2023;summer;Human;2
20/07/2023;2;4;0;11:22:00;D;Osmannoro;2023;summer;Human;2
20/07/2023;2;4;0;13:19:00;D;Osmannoro;2023;summer;Human;2
20/07/2023;2;4;0;14:36:00;D;Osmannoro;2023;summer;Human;1
20/07/2023;2;4;0;14:53:00;D;Osmannoro;2023;summer;Human;2
20/07/2023;2;4;0;04:18:00;N;Sesto2;2023;summer;BlackRat;1
20/07/2023;2;4;0;04:22:00;N;Sesto2;2023;summer;BlackRat;1
20/07/2023;2;4;0;04:24:00;N;Sesto2;2023;summer;BlackRat;1
20/07/2023;2;4;0;07:46:00;D;Empoli_Serravalle;2023;summer;Coypu;1
20/07/2023;2;4;0;07:47:00;D;Empoli_Serravalle;2023;summer;Coypu;1
20/07/2023;2;4;0;19:25:00;D;Osmannoro;2023;summer;Human;2
20/07/2023;2;4;0;21:21:00;N;Empoli_Serravalle;2023;summer;Coypu;1
20/07/2023;2;4;0;02:18:00;N;TorrinoSantaRosa;2023;summer;NorwayRat;1
20/07/2023;2;4;0;03:41:00;N;Bagno_a_Ripoli;2023;summer;Coypu;2
20/07/2023;2;4;0;05:55:00;N;Bagno_a_Ripoli;2023;summer;Coypu;2
21/07/2023;2;5;0;10:24:00;D;Osmannoro;2023;summer;Human;1
21/07/2023;2;5;0;10:43:00;D;Osmannoro;2023;summer;Human;1
21/07/2023;2;5;0;12:56:00;D;Sesto2;2023;summer;Blackbird;1
21/07/2023;2;5;0;12:56:00;D;Empoli_Serravalle;2023;summer;DomesticDog;1
21/07/2023;2;5;0;16:22:00;D;Sesto2;2023;summer;SardinianWarbler;2
21/07/2023;2;5;0;16:29:00;D;Osmannoro;2023;summer;Human;1
21/07/2023;2;5;0;07:50:00;D;Osmannoro;2023;summer;Human;1
21/07/2023;2;5;0;21:46:00;N;Empoli_Serravalle;2023;summer;Coypu;1
21/07/2023;2;5;0;21:57:00;N;Empoli_Serravalle;2023;summer;Coypu;1
21/07/2023;2;5;0;21:58:00;N;Empoli_Serravalle;2023;summer;Coypu;1
21/07/2023;2;5;0;22:00:00;N;Empoli_Serravalle;2023;summer;Coypu;1
21/07/2023;2;5;0;22:09:00;N;Empoli_Serravalle;2023;summer;Coypu;1
21/07/2023;2;5;0;22:09:00;N;Empoli_Serravalle;2023;summer;Coypu;1
21/07/2023;2;5;0;22:10:00;N;Empoli_Serravalle;2023;summer;Coypu;1
21/07/2023;2;5;0;23:05:00;N;Sesto2;2023;summer;RedFox;1
21/07/2023;2;5;0;23:28:00;N;TorrinoSantaRosa;2023;summer;NorwayRat;1
21/07/2023;2;5;0;21:28:00;N;Bagno_a_Ripoli;2023;summer;Coypu;1
21/07/2023;2;5;0;22:04:00;N;Bagno_a_Ripoli;2023;summer;Coypu;1
21/07/2023;2;5;0;23:51:00;N;Bagno_a_Ripoli;2023;summer;Coypu;1
22/07/2023;2;6;30;09:18:00;D;Osmannoro;2023;summer;Human;1
22/07/2023;2;6;30;10:21:00;D;Osmannoro;2023;summer;Human;1
22/07/2023;2;6;30;10:34:00;D;Sesto2;2023;summer;Blackbird;1
22/07/2023;2;6;30;10:34:00;D;Empoli_Serravalle;2023;summer;DomesticDog;1
22/07/2023;2;6;30;10:58:00;D;Sesto2;2023;summer;SardinianWarbler;2
22/07/2023;2;6;30;12:07:00;D;Osmannoro;2023;summer;Human;2
22/07/2023;2;6;30;14:55:00;D;Osmannoro;2023;summer;Human;1
22/07/2023;2;6;30;18:06:00;D;Osmannoro;2023;summer;Human;2
22/07/2023;2;6;30;01:41:00;N;Empoli_Serravalle;2023;summer;Coypu;1
22/07/2023;2;6;30;02:17:00;N;Empoli_Serravalle;2023;summer;Coypu;1
22/07/2023;2;6;30;04:08:00;N;Sesto2;2023;summer;BlackRat;1
22/07/2023;2;6;30;06:40:00;D;Osmannoro;2023;summer;Human;1
22/07/2023;2;6;30;06:40:00;D;TorrinoSantarosa;2023;summer;AegyptianGoose;1
22/07/2023;2;6;30;22:14:00;N;Empoli_Serravalle;2023;summer;Coypu;1
22/07/2023;2;6;30;22:15:00;N;Empoli_Serravalle;2023;summer;Coypu;1
22/07/2023;2;6;30;22:39:00;N;Empoli_Serravalle;2023;summer;Coypu;1
22/07/2023;2;6;30;22:39:00;N;Empoli_Serravalle;2023;summer;Coypu;1
22/07/2023;2;6;30;22:58:00;N;Empoli_Serravalle;2023;summer;Coypu;1
22/07/2023;2;6;30;23:41:00;N;Empoli_Serravalle;2023;summer;Coypu;1
22/07/2023;2;6;30;23:50:00;N;Empoli_Serravalle;2023;summer;Coypu;1
22/07/2023;2;6;30;07:13:00;N;TorrinoSantaRosa;2023;summer;NorwayRat;1
22/07/2023;2;6;30;07:13:00;N;Bagno_a_Ripoli;2023;summer;Coypu;1
22/07/2023;2;6;30;07:32:00;N;TorrinoSantaRosa;2023;summer;NorwayRat;1
22/07/2023;2;6;30;07:32:00;N;Bagno_a_Ripoli;2023;summer;Coypu;1
23/07/2023;3;7;30;09:32:00;D;Osmannoro;2023;summer;Human;2
23/07/2023;3;7;30;10:01:00;D;Osmannoro;2023;summer;Human;1
23/07/2023;3;7;30;13:11:00;D;Osmannoro;2023;summer;Human;2
23/07/2023;3;7;30;18:05:00;D;Osmannoro;2023;summer;Human;1
23/07/2023;3;7;30;02:17:00;N;Empoli_Serravalle;2023;summer;Coypu;1
23/07/2023;3;7;30;03:33:00;N;Empoli_Serravalle;2023;summer;Coypu;1
23/07/2023;3;7;30;04:28:00;N;Empoli_Serravalle;2023;summer;Coypu;1
23/07/2023;3;7;30;04:28:00;N;Empoli_Serravalle;2023;summer;Coypu;1
23/07/2023;3;7;30;04:41:00;N;Empoli_Serravalle;2023;summer;Coypu;1
23/07/2023;3;7;30;04:41:00;N;Empoli_Serravalle;2023;summer;Coypu;1
23/07/2023;3;7;30;05:30:00;N;Empoli_Serravalle;2023;summer;Coypu;1
23/07/2023;3;7;30;05:30:00;N;Empoli_Serravalle;2023;summer;Coypu;1
23/07/2023;3;7;30;07:13:00;D;Sesto2;2023;summer;Blackbird;2
23/07/2023;3;7;30;07:13:00;D;Empoli_Serravalle;2023;summer;DomesticDog;2
23/07/2023;3;7;30;19:24:00;D;Osmannoro;2023;summer;Human;1
23/07/2023;3;7;30;19:28:00;D;Osmannoro;2023;summer;Human;2
23/07/2023;3;7;30;20:11:00;D;Osmannoro;2023;summer;Human;2
24/07/2023;3;8;100;09:48:00;D;Cascine;2023;summer;RedSquirrel;1
24/07/2023;3;8;100;12:24:00;D;Osmannoro;2023;summer;Human;2
24/07/2023;3;8;100;15:12:00;D;Osmannoro;2023;summer;Human;1
24/07/2023;3;8;100;16:46:00;D;Osmannoro;2023;summer;Human;1
24/07/2023;3;8;100;04:49:00;N;Osmannoro;2023;summer;Human;1
24/07/2023;3;8;100;05:36:00;N;Empoli_Serravalle;2023;summer;Coypu;1
24/07/2023;3;8;100;05:50:00;N;Empoli_Serravalle;2023;summer;Coypu;1
24/07/2023;3;8;100;06:25:00;D;Empoli_Serravalle;2023;summer;Coypu;1
24/07/2023;3;8;100;06:26:00;D;Empoli_Serravalle;2023;summer;Coypu;1
24/07/2023;3;8;100;07:00:00;D;Empoli_Serravalle;2023;summer;Coypu;1
24/07/2023;3;8;100;19:20:00;D;Osmannoro;2023;summer;Human;1
24/07/2023;3;8;100;21:33:00;N;Empoli_Serravalle;2023;summer;Coypu;1
24/07/2023;3;8;100;21:33:00;N;Empoli_Serravalle;2023;summer;Coypu;1
24/07/2023;3;8;100;22:19:00;N;Osmannoro;2023;summer;Human;1
24/07/2023;3;8;100;03:15:00;N;TorrinoSantaRosa;2023;summer;NorwayRat;1
24/07/2023;3;8;100;10:04:00;N;TorrinoSantaRosa;2023;summer;NorwayRat;1
24/07/2023;3;8;100;21:04:00;N;Bagno_a_Ripoli;2023;summer;Coypu;1
25/07/2023;3;9;30;09:11:00;D;Cascine;2023;summer;RedSquirrel;1
25/07/2023;3;9;30;09:45:00;D;Cascine;2023;summer;RedSquirrel;1
25/07/2023;3;9;30;10:50:00;D;Osmannoro;2023;summer;Human;2
25/07/2023;3;9;30;18:02:00;D;Osmannoro;2023;summer;Human;2
25/07/2023;3;9;30;02:49:00;N;Empoli_Serravalle;2023;summer;Coypu;1
25/07/2023;3;9;30;03:13:00;N;Empoli_Serravalle;2023;summer;Coypu;1
25/07/2023;3;9;30;20:52:00;N;Osmannoro;2023;summer;Human;2
25/07/2023;3;9;30;23:04:00;N;Empoli_Serravalle;2023;summer;Coypu;1
25/07/2023;3;9;30;23:04:00;N;Empoli_Serravalle;2023;summer;Coypu;1
25/07/2023;3;9;30;23:23:00;N;Empoli_Serravalle;2023;summer;Coypu;1
26/07/2023;4;10;30;09:37:00;D;Osmannoro;2023;summer;Human;2
26/07/2023;4;10;30;10:17:00;D;Osmannoro;2023;summer;Human;2
26/07/2023;4;10;0;10:32:00;D;Osmannoro;2023;summer;Human;2
26/07/2023;4;10;0;13:01:00;D;Osmannoro;2023;summer;Human;2
26/07/2023;4;10;0;02:40:00;N;Osmannoro;2023;summer;Human;2
26/07/2023;4;10;0;03:13:00;N;Empoli_Serravalle;2023;summer;Coypu;1
26/07/2023;4;10;0;04:18:00;N;Empoli_Serravalle;2023;summer;Coypu;1
26/07/2023;4;10;0;04:18:00;N;Empoli_Serravalle;2023;summer;Coypu;1
26/07/2023;4;10;0;04:19:00;N;Empoli_Serravalle;2023;summer;Coypu;1
26/07/2023;4;10;0;04:43:00;N;Empoli_Serravalle;2023;summer;Coypu;1
26/07/2023;4;10;0;05:49:00;N;Empoli_Serravalle;2023;summer;Coypu;1
26/07/2023;4;10;0;05:49:00;N;Empoli_Serravalle;2023;summer;Coypu;1
26/07/2023;4;10;0;05:56:00;N;Empoli_Serravalle;2023;summer;Coypu;1
26/07/2023;4;10;0;07:15:00;D;Empoli_Serravalle;2023;summer;Coypu;1
26/07/2023;4;10;0;07:39:00;D;Empoli_Serravalle;2023;summer;Coypu;1
26/07/2023;4;10;0;07:46:00;D;Osmannoro;2023;summer;Human;1
26/07/2023;4;10;0;18:13:00;D;Osmannoro;2023;summer;Human;1
26/07/2023;4;10;0;19:20:00;D;Osmannoro;2023;summer;Human;1
26/07/2023;4;10;0;20:49:00;N;Osmannoro;2023;summer;Human;1
26/07/2023;4;10;0;21:33:00;N;Osmannoro;2023;summer;Human;2
26/07/2023;4;10;0;21:46:00;N;Bagno_a_Ripoli;2023;summer;Coypu;2
26/07/2023;4;10;0;21:49:00;N;Bagno_a_Ripoli;2023;summer;Coypu;2
27/07/2023;4;11;0;08:19:00;D;Empoli_Serravalle;2023;summer;Coypu;1
27/07/2023;4;11;0;08:19:00;D;Empoli_Serravalle;2023;summer;Coypu;1
27/07/2023;4;11;0;08:20:00;D;Empoli_Serravalle;2023;summer;Coypu;1
27/07/2023;4;11;0;08:22:00;D;Empoli_Serravalle;2023;summer;Coypu;1
27/07/2023;4;11;0;08:26:00;D;Empoli_Serravalle;2023;summer;Coypu;1
27/07/2023;4;11;0;09:21:00;D;Empoli_Serravalle;2023;summer;Coypu;1
27/07/2023;4;11;0;09:26:00;D;Empoli_Serravalle;2023;summer;Coypu;1
27/07/2023;4;11;0;09:31:00;D;Osmannoro;2023;summer;Human;1
27/07/2023;4;11;0;10:08:00;D;Osmannoro;2023;summer;Human;2
27/07/2023;4;11;0;13:54:00;D;Osmannoro;2023;summer;Human;2
27/07/2023;4;11;0;14:57:00;D;Osmannoro;2023;summer;Human;2
27/07/2023;4;11;0;06:53:00;D;Osmannoro;2023;summer;Human;1
27/07/2023;4;11;0;18:34:00;D;Osmannoro;2023;summer;Human;2
27/07/2023;4;11;0;21:12:00;N;Sesto2;2023;summer;RedFox;1
28/07/2023;4;12;0;10:21:00;D;Osmannoro;2023;summer;Human;1
28/07/2023;4;12;0;10:37:00;D;Osmannoro;2023;summer;Human;2
28/07/2023;4;12;0;10:38:00;D;Osmannoro;2023;summer;Human;1
28/07/2023;4;12;0;10:42:00;D;Osmannoro;2023;summer;Human;1
28/07/2023;4;12;0;10:49:00;D;Osmannoro;2023;summer;Human;1
28/07/2023;4;12;0;11:15:00;D;Osmannoro;2023;summer;Human;2
28/07/2023;4;12;0;11:38:00;D;Osmannoro;2023;summer;Human;2
28/07/2023;4;12;0;11:46:00;D;Osmannoro;2023;summer;Human;1
28/07/2023;4;12;0;13:17:00;D;Osmannoro;2023;summer;Human;1
28/07/2023;4;12;0;15:21:00;D;Osmannoro;2023;summer;Human;1
28/07/2023;4;12;0;16:46:00;D;Osmannoro;2023;summer;Human;2
28/07/2023;4;12;0;00:35:00;N;Empoli_Serravalle;2023;summer;Coypu;1
28/07/2023;4;12;0;00:53:00;N;Empoli_Serravalle;2023;summer;Coypu;1
28/07/2023;4;12;0;01:39:00;N;Empoli_Serravalle;2023;summer;Coypu;1
28/07/2023;4;12;0;02:05:00;N;Empoli_Serravalle;2023;summer;Coypu;1
28/07/2023;4;12;0;02:05:00;N;Empoli_Serravalle;2023;summer;Coypu;1
28/07/2023;4;12;0;03:01:00;N;Empoli_Serravalle;2023;summer;Coypu;1
28/07/2023;4;12;0;03:50:00;N;Empoli_Serravalle;2023;summer;Coypu;1
28/07/2023;4;12;0;04:42:00;N;Empoli_Serravalle;2023;summer;Coypu;1
28/07/2023;4;12;0;06:02:00;N;Empoli_Serravalle;2023;summer;Coypu;1
28/07/2023;4;12;0;18:11:00;D;Osmannoro;2023;summer;Human;2
28/07/2023;4;12;0;18:56:00;D;Osmannoro;2023;summer;Human;2
28/07/2023;4;12;0;21:56:00;N;Empoli_Serravalle;2023;summer;Coypu;1
28/07/2023;4;12;0;21:56:00;N;Empoli_Serravalle;2023;summer;Coypu;1
28/07/2023;4;12;0;22:33:00;N;Empoli_Serravalle;2023;summer;Coypu;1
28/07/2023;4;12;0;23:37:00;N;Empoli_Serravalle;2023;summer;Coypu;1
28/07/2023;4;12;0;02:32:00;N;TorrinoSantaRosa;2023;summer;NorwayRat;1
28/07/2023;4;12;0;03:51:00;N;TorrinoSantaRosa;2023;summer;NorwayRat;1
28/07/2023;4;12;0;03:51:00;N;Bagno_a_Ripoli;2023;summer;Coypu;1
29/07/2023;4;13;0;08:05:00;D;Osmannoro;2023;summer;Human;1
29/07/2023;4;13;0;08:44:00;D;Osmannoro;2023;summer;Human;2
29/07/2023;4;13;0;09:02:00;D;Osmannoro;2023;summer;Human;1
29/07/2023;4;13;0;09:34:00;D;Osmannoro;2023;summer;Human;2
29/07/2023;4;13;0;09:40:00;D;TorrinoSantarosa;2023;summer;AegyptianGoose;1
29/07/2023;4;13;0;09:40:00;D;Osmannoro;2023;summer;Human;1
29/07/2023;4;13;0;09:43:00;D;TorrinoSantarosa;2023;summer;AegyptianGoose;2
29/07/2023;4;13;0;09:43:00;D;Osmannoro;2023;summer;Human;2
29/07/2023;4;13;0;10:12:00;D;Osmannoro;2023;summer;Human;2
29/07/2023;4;13;0;10:15:00;D;Osmannoro;2023;summer;Human;1
29/07/2023;4;13;0;12:36:00;D;Osmannoro;2023;summer;Human;1
29/07/2023;4;13;0;12:47:00;D;Osmannoro;2023;summer;Human;1
29/07/2023;4;13;0;13:12:00;D;Osmannoro;2023;summer;Human;1
29/07/2023;4;13;0;13:50:00;D;Osmannoro;2023;summer;Human;2
29/07/2023;4;13;0;14:27:00;D;Osmannoro;2023;summer;Human;1
29/07/2023;4;13;0;15:24:00;D;Osmannoro;2023;summer;Human;1
29/07/2023;4;13;0;16:02:00;D;Osmannoro;2023;summer;Human;2
29/07/2023;4;13;0;16:03:00;D;Osmannoro;2023;summer;Human;2
29/07/2023;4;13;0;16:04:00;D;Osmannoro;2023;summer;Human;2
29/07/2023;4;13;0;16:38:00;D;Osmannoro;2023;summer;Human;2
29/07/2023;4;13;0;00:24:00;N;Osmannoro;2023;summer;Human;1
29/07/2023;4;13;0;02:11:00;N;Empoli_Serravalle;2023;summer;EasternCottontail;1
29/07/2023;4;13;0;02:11:00;N;Empoli_Serravalle;2023;summer;RedFox;1
29/07/2023;4;13;0;06:03:00;N;Empoli_Serravalle;2023;summer;Coypu;1
29/07/2023;4;13;0;07:40:00;D;Osmannoro;2023;summer;Human;2
29/07/2023;4;13;0;07:46:00;D;Empoli_Serravalle;2023;summer;Coypu;1
29/07/2023;4;13;0;07:47:00;D;Empoli_Serravalle;2023;summer;Coypu;1
29/07/2023;4;13;0;07:54:00;D;Empoli_Serravalle;2023;summer;Coypu;1
29/07/2023;4;13;0;19:13:00;D;Osmannoro;2023;summer;Human;1
29/07/2023;4;13;0;20:03:00;D;Osmannoro;2023;summer;Human;2
29/07/2023;4;13;0;21:04:00;N;Osmannoro;2023;summer;Human;1
29/07/2023;4;13;0;21:10:00;N;Osmannoro;2023;summer;Human;2
29/07/2023;4;13;0;21:56:00;N;Osmannoro;2023;summer;Human;2
29/07/2023;4;13;0;05:58:00;N;TorrinoSantaRosa;2023;summer;NorwayRat;1
29/07/2023;4;13;0;05:58:00;N;Bagno_a_Ripoli;2023;summer;Coypu;1
30/07/2023;4;14;0;08:53:00;D;Osmannoro;2023;summer;Human;1
30/07/2023;4;14;0;09:16:00;D;Osmannoro;2023;summer;Human;2
30/07/2023;4;14;0;09:51:00;D;Osmannoro;2023;summer;Human;1
30/07/2023;4;14;0;12:42:00;D;Osmannoro;2023;summer;Human;2
30/07/2023;4;14;0;12:49:00;D;Osmannoro;2023;summer;Human;1
30/07/2023;4;14;0;15:22:00;D;Osmannoro;2023;summer;Human;2
30/07/2023;4;14;0;16:11:00;D;Osmannoro;2023;summer;Human;2
30/07/2023;4;14;0;17:14:00;D;Osmannoro;2023;summer;Human;2
30/07/2023;4;14;0;02:04:00;N;Osmannoro;2023;summer;Human;2
30/07/2023;4;14;0;06:34:00;D;Osmannoro;2023;summer;Human;2
30/07/2023;4;14;0;07:11:00;D;Osmannoro;2023;summer;Human;2
30/07/2023;4;14;0;22:19:00;N;Osmannoro;2023;summer;Human;2
31/07/2023;4;15;0;08:24:00;D;Osmannoro;2023;summer;Human;1
31/07/2023;4;15;0;08:29:00;D;Sesto4;2023;summer;RockPigeon;2
31/07/2023;4;15;0;08:35:00;D;Sesto4;2023;summer;HoodedCrow;1
31/07/2023;4;15;0;08:35:00;D;Sesto4;2023;summer;RockPigeon;1
31/07/2023;4;15;0;09:09:00;D;Osmannoro;2023;summer;Human;1
31/07/2023;4;15;0;09:17:00;D;Osmannoro;2023;summer;Human;2
31/07/2023;4;15;0;10:30:00;D;Osmannoro;2023;summer;Human;2
31/07/2023;4;15;0;10:35:00;D;Osmannoro;2023;summer;Human;2
31/07/2023;4;15;0;10:52:00;D;Empoli_Serravalle;2023;summer;DomesticDog;1
31/07/2023;4;15;0;10:52:00;D;Empoli_Serravalle;2023;summer;DomesticGoose;3
31/07/2023;4;15;0;10:52:00;D;Empoli_Serravalle;2023;summer;SwanGoose;1
31/07/2023;4;15;0;10:57:00;D;Empoli_Serravalle;2023;summer;Human;3
31/07/2023;4;15;0;11:52:00;D;Empoli_Serravalle;2023;summer;Mallard;5
31/07/2023;4;15;0;11:52:00;D;Empoli_Serravalle;2023;summer;RockPigeon;3
31/07/2023;4;15;0;13:58:00;D;Osmannoro;2023;summer;Human;2
31/07/2023;4;15;0;17:14:00;D;Sesto4;2023;summer;RockPigeon;1
31/07/2023;4;15;0;17:19:00;D;Sesto4;2023;summer;RockPigeon;2
31/07/2023;4;15;0;17:24:00;D;Sesto4;2023;summer;EuropeanHare;1
31/07/2023;4;15;0;17:24:00;D;Sesto4;2023;summer;RockPigeon;9
31/07/2023;4;15;0;17:24:00;D;TorrinoSantarosa;2023;summer;AegyptianGoose;1
31/07/2023;4;15;0;17:24:00;D;TorrinoSantarosa;2023;summer;AegyptianGoose;9
31/07/2023;4;15;0;17:29:00;D;Sesto4;2023;summer;EurasianMagpie;1
31/07/2023;4;15;0;17:29:00;D;Sesto4;2023;summer;EuropeanHare;1
31/07/2023;4;15;0;17:29:00;D;TorrinoSantarosa;2023;summer;AegyptianGoose;1
31/07/2023;4;15;0;17:29:00;D;TorrinoSantarosa;2023;summer;AegyptianGoose;1
31/07/2023;4;15;0;17:32:00;D;Sesto4;2023;summer;RockPigeon;1
31/07/2023;4;15;0;17:42:00;D;Sesto4;2023;summer;RockPigeon;2
31/07/2023;4;15;0;17:52:00;D;Sesto4;2023;summer;EuropeanHare;1
31/07/2023;4;15;0;00:50:00;N;Sesto4;2023;summer;DomesticCat;1
31/07/2023;4;15;0;02:58:00;N;Empoli_Serravalle;2023;summer;RedFox;1
31/07/2023;4;15;0;05:46:00;N;Sesto4;2023;summer;Blackbird;1
31/07/2023;4;15;0;05:46:00;N;Empoli_Serravalle;2023;summer;DomesticDog;1
31/07/2023;4;15;0;18:16:00;D;Osmannoro;2023;summer;Human;1
31/07/2023;4;15;0;19:48:00;D;Osmannoro;2023;summer;Human;1
31/07/2023;4;15;0;21:44:00;N;Osmannoro;2023;summer;Human;2
31/07/2023;4;15;0;22:21:00;N;Sesto4;2023;summer;EuropeanHare;1
01/05/2023;4;12;45;08:37:00;D;Osmannoro;2023;spring;Human;1
01/05/2023;4;12;45;08:51:00;D;Empoli_Serravalle;2023;spring;EurasianMagpie;2
01/05/2023;4;12;45;09:15:00;D;Empoli_Serravalle;2023;spring;DomesticGoose;2
01/05/2023;4;12;45;11:00:00;D;Osmannoro;2023;spring;Human;1
01/05/2023;4;12;45;11:03:00;D;Osmannoro;2023;spring;Human;1
01/05/2023;4;12;45;12:21:00;D;Empoli_Serravalle;2023;spring;Mallard;2
01/05/2023;4;12;45;16:07:00;D;Empoli_Serravalle;2023;spring;Mallard;4
01/05/2023;4;12;45;16:23:00;D;SanCasciano4;2023;spring;DomesticDog;1
01/05/2023;4;12;45;18:07:00;D;Empoli_Serravalle;2023;spring;Human;1
01/05/2023;4;12;45;18:58:00;N;Bagno_a_Ripoli;2023;spring;Coypu;1
02/05/2023;4;13;45;10:31:00;D;SanCasciano3;2023;spring;Human;1
02/05/2023;4;13;45;22:20:00;N;SanCasciano3;2023;spring;Wildboar;1
03/05/2023;4;13;45;08:02:00;D;SanCasciano3;2023;spring;RoeDeer;5
03/05/2023;4;13;45;08:16:00;N;Bagno_a_Ripoli;2023;spring;Coypu;2
03/05/2023;4;13;45;02:08:00;N;SanCasciano3;2023;spring;CrestedPorcupine;1
04/05/2023;4;14;45;10:35:00;D;Osmannoro;2023;spring;Human;2
04/05/2023;4;14;45;12:11:00;D;Empoli_Serravalle;2023;spring;DomesticDog;1
04/05/2023;4;14;45;12:11:00;D;SanCasciano3;2023;spring;DomesticDog;1
04/05/2023;4;14;45;12:11:00;D;SanCasciano3;2023;spring;DomesticDog;1
04/05/2023;4;14;45;17:00:00;D;Osmannoro;2023;spring;Human;2
04/05/2023;4;14;45;17:44:00;N;Bagno_a_Ripoli;2023;spring;Coypu;2
04/05/2023;4;14;45;19:50:00;N;SanCasciano3;2023;spring;Wildboar;4
04/05/2023;4;14;45;19:51:00;N;SanCasciano3;2023;spring;Wildboar;1
04/05/2023;4;14;45;19:51:00;N;SanCasciano3;2023;spring;Wildboar;1
05/05/2023;4;15;45;08:12:00;D;TorrinoSantarosa;2023;spring;AegyptianGoose;1
05/05/2023;4;15;45;08:12:00;D;Osmannoro;2023;spring;Human;1
05/05/2023;4;15;45;09:00:00;D;Osmannoro;2023;spring;Human;1
05/05/2023;4;15;45;09:07:00;D;Osmannoro;2023;spring;Human;1
05/05/2023;4;15;45;09:36:00;D;Empoli_Serravalle;2023;spring;SwanGoose;2
05/05/2023;4;15;45;10:27:00;D;Empoli_Serravalle;2023;spring;Shelduck;2
05/05/2023;4;15;45;10:38:00;D;Osmannoro;2023;spring;Human;2
05/05/2023;4;15;45;10:42:00;D;Empoli_Serravalle;2023;spring;MuscovyDuck;2
05/05/2023;4;15;45;11:28:00;D;Empoli_Serravalle;2023;spring;Egret;2
05/05/2023;4;15;45;11:29:00;D;Osmannoro;2023;spring;Human;2
05/05/2023;4;15;45;11:49:00;D;Empoli_Serravalle;2023;spring;Egret;2
05/05/2023;4;15;45;12:07:00;D;Osmannoro;2023;spring;Human;1
05/05/2023;4;15;45;12:17:00;D;Empoli_Serravalle;2023;spring;Egret;2
05/05/2023;4;15;45;12:20:00;D;Osmannoro;2023;spring;Human;2
05/05/2023;4;15;45;14:59:00;D;Osmannoro;2023;spring;Human;2
05/05/2023;4;15;45;14:59:00;D;Osmannoro;2023;spring;Human;14
05/05/2023;4;15;45;15:33:00;D;Osmannoro;2023;spring;Human;1
05/05/2023;4;15;45;16:15:00;D;Osmannoro;2023;spring;Human;1
05/05/2023;4;15;45;17:32:00;D;Osmannoro;2023;spring;Human;2
05/05/2023;4;15;45;17:54:00;D;Osmannoro;2023;spring;Human;2
05/05/2023;4;15;45;02:57:00;N;SanCasciano3;2023;spring;CrestedPorcupine;1
05/05/2023;4;15;45;05:42:00;N;Osmannoro;2023;spring;Human;1
05/05/2023;4;15;45;05:45:00;N;Osmannoro;2023;spring;Human;1
05/05/2023;4;15;45;07:23:00;D;Empoli_Serravalle;2023;spring;SwanGoose;2
06/05/2023;4;16;45;10:30:00;D;Osmannoro;2023;spring;Human;1
06/05/2023;4;16;45;12:31:00;D;Osmannoro;2023;spring;Human;2
06/05/2023;4;16;45;13:34:00;D;Osmannoro;2023;spring;Human;2
06/05/2023;4;16;45;14:18:00;D;SanCasciano3;2023;spring;RedFox;1
06/05/2023;4;16;45;16:26:00;D;Osmannoro;2023;spring;Human;2
06/05/2023;4;16;45;17:58:00;D;SanCasciano3;2023;spring;Wildboar;1
06/05/2023;4;16;45;07:00:00;N;Osmannoro;2023;spring;Human;1
06/05/2023;4;16;45;07:34:00;D;SanCasciano3;2023;spring;EurasianRobin;1
06/05/2023;4;16;45;07:34:00;D;SanCasciano3;2023;spring;EuropeanHare;1
06/05/2023;4;16;45;07:34:00;D;SanCasciano3;2023;spring;RedFox;1
06/05/2023;4;16;45;18:40:00;D;Osmannoro;2023;spring;Human;2
06/05/2023;4;16;45;21:29:00;N;SanCasciano3;2023;spring;StoneMarten;1
07/05/2023;3;17;30;09:29:00;D;SanCasciano3;2023;spring;Blackbird;1
07/05/2023;3;17;30;18:05:00;D;Osmannoro;2023;spring;Human;1
07/05/2023;3;17;30;03:38:00;N;Bagno_a_Ripoli;2023;spring;Coypu;1
07/05/2023;3;17;30;02:01:00;N;SanCasciano3;2023;spring;CrestedPorcupine;1
07/05/2023;3;17;30;04:28:00;N;SanCasciano3;2023;spring;CrestedPorcupine;1
08/05/2023;3;18;30;16:46:00;D;SanCasciano3;2023;spring;EurasianRobin;1
08/05/2023;3;18;30;18:05:00;N;Bagno_a_Ripoli;2023;spring;Coypu;2
08/05/2023;3;18;30;18:27:00;N;Bagno_a_Ripoli;2023;spring;Coypu;1
08/05/2023;3;18;30;18:39:00;D;Sesto2;2023;spring;Blackbird;1
08/05/2023;3;18;30;18:43:00;D;Sesto2;2023;spring;Blackbird;1
09/05/2023;3;19;30;13:51:00;D;Sesto1;2023;spring;EurasianMagpie;1
09/05/2023;3;19;30;00:46:00;N;SanCasciano3;2023;spring;CrestedPorcupine;1
09/05/2023;3;19;30;01:48:00;N;Sesto2;2023;spring;RedFox;1
09/05/2023;3;19;30;01:48:00;N;Sesto2;2023;spring;RedFox;1
09/05/2023;3;19;30;07:45:00;D;SanCasciano3;2023;spring;EurasianRobin;1
10/05/2023;3;20;30;08:04:00;D;SanCasciano3;2023;spring;EuropeanHare;1
10/05/2023;3;20;30;08:14:00;D;SanCasciano3;2023;spring;EurasianRobin;1
10/05/2023;3;20;30;08:14:00;D;SanCasciano3;2023;spring;EuropeanHare;1
10/05/2023;3;20;30;11:36:00;D;SanCasciano3;2023;spring;EuropeanHare;1
10/05/2023;3;20;30;11:57:00;D;Empoli_Serravalle;2023;spring;DomesticDog;2
10/05/2023;3;20;30;11:57:00;D;SanCasciano3;2023;spring;DomesticDog;2
10/05/2023;3;20;30;11:57:00;D;SanCasciano3;2023;spring;DomesticDog;2
10/05/2023;3;20;30;22:20:00;N;SanCasciano3;2023;spring;EuropeanHare;2
11/05/2023;2;21;40;13:46:00;D;SanCasciano3;2023;spring;EuropeanHare;1
11/05/2023;2;21;40;13:46:00;D;SanCasciano3;2023;spring;Kingfisher;1
11/05/2023;2;21;40;14:16:00;D;Sesto2;2023;spring;Blackbird;1
11/05/2023;2;21;40;14:31:00;D;Sesto2;2023;spring;Blackbird;1
11/05/2023;2;21;40;17:26:00;D;Sesto2;2023;spring;Blackbird;1
11/05/2023;2;21;40;17:26:00;D;TorrinoSantarosa;2023;spring;AegyptianGoose;1
11/05/2023;2;21;40;19:15:00;N;Bagno_a_Ripoli;2023;spring;Coypu;2
12/05/2023;2;22;40;08:22:00;D;Sesto1;2023;spring;EurasianMagpie;1
12/05/2023;2;22;40;08:25:00;D;Sesto1;2023;spring;EurasianMagpie;1
12/05/2023;2;22;40;08:40:00;D;Sesto1;2023;spring;EurasianMagpie;1
12/05/2023;2;22;40;09:39:00;D;Sesto1;2023;spring;EurasianMagpie;1
12/05/2023;2;22;40;09:40:00;D;Sesto1;2023;spring;EurasianMagpie;1
12/05/2023;2;22;40;10:47:00;D;Sesto1;2023;spring;EurasianMagpie;1
12/05/2023;2;22;40;10:52:00;D;Sesto1;2023;spring;EurasianMagpie;1
12/05/2023;2;22;40;16:34:00;D;Empoli_Serravalle;2023;spring;DomesticDog;1
12/05/2023;2;22;40;16:34:00;D;SanCasciano3;2023;spring;DomesticDog;1
12/05/2023;2;22;40;16:34:00;D;SanCasciano3;2023;spring;DomesticDog;1
12/05/2023;2;22;40;18:02:00;N;Bagno_a_Ripoli;2023;spring;Coypu;1
12/05/2023;2;22;40;07:06:00;N;Sesto1;2023;spring;EurasianMagpie;1
12/05/2023;2;22;40;07:16:00;D;SanCasciano3;2023;spring;EuropeanHare;1
12/05/2023;2;22;40;07:19:00;D;Sesto1;2023;spring;EurasianMagpie;1
12/05/2023;2;22;40;07:21:00;D;Sesto1;2023;spring;EurasianMagpie;1
13/05/2023;2;23;40;01:04:00;N;SanCasciano3;2023;spring;EuropeanBadger;1
13/05/2023;2;23;40;01:11:00;N;SanCasciano3;2023;spring;CrestedPorcupine;1
13/05/2023;2;23;40;01:16:00;N;SanCasciano3;2023;spring;CrestedPorcupine;1
13/05/2023;2;23;40;01:17:00;N;SanCasciano3;2023;spring;CrestedPorcupine;1
13/05/2023;2;23;40;01:45:00;N;SanCasciano3;2023;spring;EuropeanBadger;1
13/05/2023;2;23;40;02:58:00;N;SanCasciano3;2023;spring;EuropeanBadger;1
13/05/2023;2;23;40;02:59:00;N;SanCasciano3;2023;spring;EuropeanBadger;1
13/05/2023;2;23;40;03:03:00;N;SanCasciano3;2023;spring;CrestedPorcupine;1
13/05/2023;2;23;40;07:08:00;N;SanCasciano3;2023;spring;EuropeanHare;1
14/05/2023;2;24;40;08:03:00;D;SanCasciano3;2023;spring;EurasianChaffinch;1
14/05/2023;2;24;40;06:10:00;N;SanCasciano3;2023;spring;CrestedPorcupine;1
15/05/2023;2;25;40;08:51:00;D;Sesto2;2023;spring;EuropeanHare;1
15/05/2023;2;25;40;18:09:00;N;Bagno_a_Ripoli;2023;spring;Coypu;3
15/05/2023;2;25;40;02:46:00;N;SanCasciano3;2023;spring;Wildboar;1
15/05/2023;2;25;40;02:53:00;N;SanCasciano3;2023;spring;Wildboar;1
15/05/2023;2;25;40;07:14:00;N;SanCasciano3;2023;spring;EuropeanHare;1
15/05/2023;2;25;40;07:49:00;D;Sesto2;2023;spring;EuropeanHare;1
15/05/2023;2;25;40;21:01:00;N;Sesto2;2023;spring;EuropeanHare;1
15/05/2023;2;25;40;21:02:00;N;Sesto2;2023;spring;EuropeanHare;1
15/05/2023;2;25;40;21:03:00;N;Sesto2;2023;spring;EuropeanHare;1
15/05/2023;2;25;40;21:57:00;N;SanCasciano3;2023;spring;Wildboar;1
15/05/2023;2;25;40;21:58:00;N;SanCasciano3;2023;spring;CrestedPorcupine;1
17/05/2023;1;27;40;16:23:00;D;Sesto2;2023;spring;EuropeanHare;1
17/05/2023;1;27;40;06:46:00;N;Sesto2;2023;spring;EuropeanHare;1
18/05/2023;1;28;40;09:01:00;D;Osmannoro;2023;spring;Human;2
18/05/2023;1;28;40;09:01:00;D;Empoli_Serravalle;2023;spring;SwanGoose;2
18/05/2023;1;28;40;12:14:00;D;Empoli_Serravalle;2023;spring;Mallard;2
18/05/2023;1;28;40;12:41:00;D;Osmannoro;2023;spring;Human;1
18/05/2023;1;28;40;07:07:00;N;Empoli_Serravalle;2023;spring;Human;1
18/05/2023;1;28;40;07:07:00;N;Osmannoro;2023;spring;Human;2
18/05/2023;1;28;40;07:47:00;D;SanCasciano3;2023;spring;RoeDeer;2
18/05/2023;1;28;40;07:56:00;D;Osmannoro;2023;spring;Human;2
18/05/2023;1;28;40;07:56:00;D;Osmannoro;2023;spring;Human;2
19/05/2023;1;29;40;09:23:00;D;Osmannoro;2023;spring;Human;1
19/05/2023;1;29;40;10:53:00;D;Osmannoro;2023;spring;Human;2
19/05/2023;1;29;40;12:53:00;D;Osmannoro;2023;spring;Human;2
19/05/2023;1;29;40;12:54:00;D;Empoli_Serravalle;2023;spring;DomesticGoose;2
19/05/2023;1;29;40;13:03:00;D;Osmannoro;2023;spring;Human;1
19/05/2023;1;29;40;16:44:00;D;Osmannoro;2023;spring;Human;2
19/05/2023;1;29;40;05:54:00;N;Osmannoro;2023;spring;Human;1
19/05/2023;1;29;40;07:42:00;D;Osmannoro;2023;spring;Human;1
19/05/2023;1;29;40;07:51:00;D;Osmannoro;2023;spring;Human;2
19/05/2023;1;29;40;07:54:00;D;Osmannoro;2023;spring;Human;2
20/05/2023;1;1;25;11:11:00;D;Osmannoro;2023;spring;Human;2
20/05/2023;1;1;25;14:43:00;D;Osmannoro;2023;spring;Human;2
20/05/2023;1;1;25;18:12:00;N;Bagno_a_Ripoli;2023;spring;Coypu;2
20/05/2023;1;1;25;21:55:00;N;Cascine;2023;spring;StoneMarten;1
21/05/2023;1;2;25;10:11:00;D;Osmannoro;2023;spring;Human;2
21/05/2023;1;2;25;10:11:00;D;Osmannoro;2023;spring;Human;2
21/05/2023;1;2;25;11:06:00;D;Osmannoro;2023;spring;Human;1
21/05/2023;1;2;25;12:55:00;D;Osmannoro;2023;spring;Human;1
21/05/2023;1;2;25;13:08:00;D;Osmannoro;2023;spring;Human;1
21/05/2023;1;2;25;13:39:00;D;Empoli_Serravalle;2023;spring;Human;2
21/05/2023;1;2;25;13:54:00;D;Empoli_Serravalle;2023;spring;Human;2
21/05/2023;1;2;25;14:08:00;D;Osmannoro;2023;spring;Human;2
21/05/2023;1;2;25;14:36:00;D;Osmannoro;2023;spring;Human;2
21/05/2023;1;2;25;15:03:00;D;Osmannoro;2023;spring;Human;1
21/05/2023;1;2;25;15:19:00;D;Osmannoro;2023;spring;Human;2
21/05/2023;1;2;25;15:49:00;D;Osmannoro;2023;spring;Human;1
21/05/2023;1;2;25;17:12:00;D;Osmannoro;2023;spring;Human;2
21/05/2023;1;2;25;00:36:00;N;Cascine;2023;spring;StoneMarten;1
21/05/2023;1;2;25;22:38:00;N;Osmannoro;2023;spring;Human;2
22/05/2023;1;3;25;08:48:00;D;Osmannoro;2023;spring;Human;1
22/05/2023;1;3;25;08:50:00;D;SanCasciano4;2023;spring;DomesticDog;1
22/05/2023;1;3;25;14:08:00;D;Osmannoro;2023;spring;Human;1
22/05/2023;1;3;25;14:10:00;D;Empoli_Serravalle;2023;spring;DomesticCat;1
22/05/2023;1;3;25;15:14:00;D;Osmannoro;2023;spring;Human;2
22/05/2023;1;3;25;15:39:00;D;Osmannoro;2023;spring;Human;1
22/05/2023;1;3;25;15:45:00;D;Osmannoro;2023;spring;DomesticDog;1
22/05/2023;1;3;25;15:48:00;D;Empoli_Serravalle;2023;spring;Human;2
22/05/2023;1;3;25;16:47:00;D;Osmannoro;2023;spring;Human;2
22/05/2023;1;3;25;06:17:00;N;Empoli_Serravalle;2023;spring;CommonSandpiper;1
22/05/2023;1;3;25;19:24:00;N;Osmannoro;2023;spring;Human;2
23/05/2023;2;4;100;13:22:00;D;Osmannoro;2023;spring;Human;2
23/05/2023;2;4;100;13:22:00;D;Osmannoro;2023;spring;Human;2
23/05/2023;2;4;100;16:24:00;D;Osmannoro;2023;spring;Human;2
23/05/2023;2;4;100;17:59:00;D;Osmannoro;2023;spring;Human;2
23/05/2023;2;4;100;06:50:00;N;Empoli_Serravalle;2023;spring;Human;2
23/05/2023;2;4;100;20:43:00;N;Osmannoro;2023;spring;Human;2
24/05/2023;2;5;100;09:34:00;D;Cascine;2023;spring;RedSquirrel;2
24/05/2023;2;5;100;09:43:00;D;TorrinoSantarosa;2023;spring;AegyptianGoose;1
24/05/2023;2;5;100;09:43:00;D;Osmannoro;2023;spring;Human;1
24/05/2023;2;5;100;10:37:00;D;Osmannoro;2023;spring;Human;2
24/05/2023;2;5;100;10:58:00;D;Empoli_Serravalle;2023;spring;Coypu;1
24/05/2023;2;5;100;05:02:00;N;Empoli_Serravalle;2023;spring;Coypu;1
24/05/2023;2;5;100;05:51:00;N;Osmannoro;2023;spring;Human;1
24/05/2023;2;5;100;06:32:00;N;Osmannoro;2023;spring;Human;1
24/05/2023;2;5;100;06:42:00;N;Empoli_Serravalle;2023;spring;Coypu;1
24/05/2023;2;5;100;07:01:00;N;Empoli_Serravalle;2023;spring;Coypu;1
24/05/2023;2;5;100;07:06:00;N;Empoli_Serravalle;2023;spring;Coypu;1
24/05/2023;2;5;100;07:06:00;N;Empoli_Serravalle;2023;spring;Coypu;1
24/05/2023;2;5;100;07:16:00;D;Osmannoro;2023;spring;Human;1
25/05/2023;2;6;100;09:49:00;D;Osmannoro;2023;spring;Human;1
25/05/2023;2;6;100;10:52:00;D;Osmannoro;2023;spring;Human;1
25/05/2023;2;6;100;16:43:00;D;Osmannoro;2023;spring;Human;2
25/05/2023;2;6;100;23:38:00;N;Bagno_a_Ripoli;2023;spring;Coypu;2
25/05/2023;2;6;100;05:58:00;N;Empoli_Serravalle;2023;spring;Coypu;1
25/05/2023;2;6;100;05:58:00;N;Empoli_Serravalle;2023;spring;Coypu;1
25/05/2023;2;6;100;06:45:00;N;Osmannoro;2023;spring;Human;2
25/05/2023;2;6;100;07:07:00;N;Empoli_Serravalle;2023;spring;Coypu;1
25/05/2023;2;6;100;07:11:00;N;Empoli_Serravalle;2023;spring;Coypu;1
26/05/2023;3;7;75;10:40:00;D;Osmannoro;2023;spring;Human;2
26/05/2023;3;7;75;10:42:00;D;Osmannoro;2023;spring;Human;1
26/05/2023;3;7;75;11:15:00;D;Osmannoro;2023;spring;Human;1
26/05/2023;3;7;75;11:22:00;D;Osmannoro;2023;spring;Human;2
26/05/2023;3;7;75;14:10:00;D;Osmannoro;2023;spring;Human;1
26/05/2023;3;7;75;14:16:00;D;Osmannoro;2023;spring;Human;1
26/05/2023;3;7;75;14:48:00;D;Osmannoro;2023;spring;Human;1
26/05/2023;3;7;75;14:49:00;D;Osmannoro;2023;spring;Human;1
26/05/2023;3;7;75;00:15:00;N;Empoli_Serravalle;2023;spring;Coypu;1
26/05/2023;3;7;75;00:36:00;N;Empoli_Serravalle;2023;spring;Coypu;1
26/05/2023;3;7;75;00:36:00;N;Empoli_Serravalle;2023;spring;Coypu;1
26/05/2023;3;7;75;06:24:00;N;Empoli_Serravalle;2023;spring;Coypu;1
26/05/2023;3;7;75;20:20:00;N;Empoli_Serravalle;2023;spring;Coypu;1
26/05/2023;3;7;75;20:24:00;N;Empoli_Serravalle;2023;spring;Coypu;1
26/05/2023;3;7;75;20:54:00;N;Empoli_Serravalle;2023;spring;Coypu;1
26/05/2023;3;7;75;21:13:00;N;Empoli_Serravalle;2023;spring;Coypu;1
28/05/2023;3;9;75;08:28:00;D;Osmannoro;2023;spring;Human;1
28/05/2023;3;9;75;11:47:00;D;Osmannoro;2023;spring;Human;2
28/05/2023;3;9;75;15:07:00;D;Osmannoro;2023;spring;Human;2
28/05/2023;3;9;75;17:06:00;D;Osmannoro;2023;spring;Human;1
28/05/2023;3;9;75;00:37:00;N;Empoli_Serravalle;2023;spring;Coypu;1
28/05/2023;3;9;75;00:37:00;N;Empoli_Serravalle;2023;spring;Coypu;1
28/05/2023;3;9;75;00:38:00;N;Empoli_Serravalle;2023;spring;RedFox;1
28/05/2023;3;9;75;00:57:00;N;Empoli_Serravalle;2023;spring;Coypu;1
29/05/2023;4;10;10;10:57:00;D;Osmannoro;2023;spring;Human;2
29/05/2023;4;10;10;11:50:00;D;Osmannoro;2023;spring;Human;2
29/05/2023;4;10;10;12:18:00;D;Osmannoro;2023;spring;Human;1
29/05/2023;4;10;10;14:42:00;D;Osmannoro;2023;spring;Human;2
29/05/2023;4;10;10;15:27:00;D;Osmannoro;2023;spring;Human;1
29/05/2023;4;10;10;16:44:00;D;Osmannoro;2023;spring;Human;2
29/05/2023;4;10;10;05:45:00;N;Bagno_a_Ripoli;2023;spring;Coypu;3
29/05/2023;4;10;10;21:45:00;N;Bagno_a_Ripoli;2023;spring;Coypu;1
29/05/2023;4;10;10;02:23:00;N;Empoli_Serravalle;2023;spring;Coypu;1
29/05/2023;4;10;10;03:07:00;N;Empoli_Serravalle;2023;spring;Coypu;1
29/05/2023;4;10;10;03:07:00;N;Empoli_Serravalle;2023;spring;Coypu;1
29/05/2023;4;10;10;03:15:00;N;Empoli_Serravalle;2023;spring;Coypu;1
29/05/2023;4;10;10;05:45:00;N;Empoli_Serravalle;2023;spring;Coypu;1
29/05/2023;4;10;10;05:46:00;N;Empoli_Serravalle;2023;spring;Coypu;1
30/05/2023;4;11;10;09:17:00;D;Sesto2;2023;spring;CommonPheasant;2
30/05/2023;4;11;10;09:30:00;D;Osmannoro;2023;spring;Human;2
30/05/2023;4;11;10;09:53:00;D;Osmannoro;2023;spring;Human;1
30/05/2023;4;11;10;17:25:00;D;Cascine;2023;spring;RedSquirrel;1
30/05/2023;4;11;10;17:25:00;D;TorrinoSantarosa;2023;spring;AegyptianGoose;1
30/05/2023;4;11;10;17:27:00;D;Empoli_Serravalle;2023;spring;Human;1
30/05/2023;4;11;10;17:27:00;D;TorrinoSantarosa;2023;spring;AegyptianGoose;1
30/05/2023;4;11;10;02:24:00;N;Bagno_a_Ripoli;2023;spring;Coypu;2
30/05/2023;4;11;10;05:19:00;N;Sesto2;2023;spring;EuropeanHare;1
30/05/2023;4;11;10;05:20:00;N;Sesto2;2023;spring;EuropeanHare;1
30/05/2023;4;11;10;05:21:00;N;Sesto2;2023;spring;EuropeanHare;1
30/05/2023;4;11;10;05:22:00;N;Sesto2;2023;spring;EuropeanHare;1
30/05/2023;4;11;10;05:25:00;N;Sesto2;2023;spring;EuropeanHare;1
30/05/2023;4;11;10;05:27:00;N;Sesto2;2023;spring;EuropeanHare;1
30/05/2023;4;11;10;05:28:00;N;Sesto2;2023;spring;EuropeanHare;1
30/05/2023;4;11;10;05:29:00;N;Sesto2;2023;spring;EuropeanHare;1
30/05/2023;4;11;10;05:29:00;N;Sesto2;2023;spring;EuropeanHare;1
30/05/2023;4;11;10;05:32:00;N;Sesto2;2023;spring;EuropeanHare;1
30/05/2023;4;11;10;05:33:00;N;Sesto2;2023;spring;EuropeanHare;1
30/05/2023;4;11;10;05:38:00;N;Sesto2;2023;spring;EuropeanHare;1
30/05/2023;4;11;10;05:46:00;N;Empoli_Serravalle;2023;spring;Coypu;1
30/05/2023;4;11;10;05:46:00;N;Empoli_Serravalle;2023;spring;Coypu;1
30/05/2023;4;11;10;05:46:00;N;Sesto2;2023;spring;EuropeanHare;1
30/05/2023;4;11;10;05:49:00;N;Empoli_Serravalle;2023;spring;Coypu;4
30/05/2023;4;11;10;05:49:00;N;Empoli_Serravalle;2023;spring;Coypu;1
30/05/2023;4;11;10;05:50:00;N;Empoli_Serravalle;2023;spring;Coypu;1
30/05/2023;4;11;10;05:57:00;N;Empoli_Serravalle;2023;spring;Coypu;1
30/05/2023;4;11;10;05:59:00;N;Empoli_Serravalle;2023;spring;Coypu;1
30/05/2023;4;11;10;05:59:00;N;Sesto2;2023;spring;EuropeanHare;1
30/05/2023;4;11;10;06:01:00;N;Sesto2;2023;spring;EuropeanHare;1
30/05/2023;4;11;10;06:19:00;N;Empoli_Serravalle;2023;spring;Coypu;2
30/05/2023;4;11;10;06:20:00;N;Empoli_Serravalle;2023;spring;Coypu;1
30/05/2023;4;11;10;06:20:00;N;Empoli_Serravalle;2023;spring;Coypu;1
30/05/2023;4;11;10;06:22:00;N;Empoli_Serravalle;2023;spring;Coypu;2
30/05/2023;4;11;10;06:24:00;N;Empoli_Serravalle;2023;spring;Coypu;2
30/05/2023;4;11;10;06:25:00;N;Empoli_Serravalle;2023;spring;Coypu;2
30/05/2023;4;11;10;06:30:00;N;Empoli_Serravalle;2023;spring;Coypu;2
30/05/2023;4;11;10;06:30:00;N;Empoli_Serravalle;2023;spring;Coypu;2
30/05/2023;4;11;10;06:30:00;N;Empoli_Serravalle;2023;spring;Coypu;1
30/05/2023;4;11;10;06:33:00;N;Empoli_Serravalle;2023;spring;Coypu;1
30/05/2023;4;11;10;06:34:00;N;Empoli_Serravalle;2023;spring;Coypu;1
30/05/2023;4;11;10;06:35:00;N;Empoli_Serravalle;2023;spring;Coypu;1
30/05/2023;4;11;10;06:35:00;N;Empoli_Serravalle;2023;spring;Coypu;1
31/05/2023;4;12;10;08:43:00;D;Osmannoro;2023;spring;Human;2
31/05/2023;4;12;10;08:43:00;D;Osmannoro;2023;spring;Human;2
31/05/2023;4;12;10;13:58:00;D;Osmannoro;2023;spring;Human;2
31/05/2023;4;12;10;15:17:00;D;Osmannoro;2023;spring;Human;2
31/05/2023;4;12;10;16:30:00;D;Osmannoro;2023;spring;Human;2
31/05/2023;4;12;10;17:01:00;D;Cascine;2023;spring;RedSquirrel;1
31/05/2023;4;12;10;17:30:00;D;Osmannoro;2023;spring;Human;2
31/05/2023;4;12;10;17:30:00;D;TorrinoSantarosa;2023;spring;AegyptianGoose;2
31/05/2023;4;12;10;02:35:00;N;Bagno_a_Ripoli;2023;spring;Coypu;3
31/05/2023;4;12;10;03:50:00;N;Bagno_a_Ripoli;2023;spring;Coypu;2
31/05/2023;4;12;10;03:50:00;N;Bagno_a_Ripoli;2023;spring;Coypu;2
31/05/2023;4;12;10;06:35:00;N;Empoli_Serravalle;2023;spring;Coypu;2
31/05/2023;4;12;10;06:36:00;N;Empoli_Serravalle;2023;spring;Coypu;2
31/05/2023;4;12;10;06:41:00;N;Empoli_Serravalle;2023;spring;Coypu;1
31/05/2023;4;12;10;06:41:00;N;Empoli_Serravalle;2023;spring;Coypu;2
31/05/2023;4;12;10;06:41:00;N;TorrinoSantarosa;2023;spring;AegyptianGoose;1
31/05/2023;4;12;10;06:41:00;N;TorrinoSantarosa;2023;spring;AegyptianGoose;2
31/05/2023;4;12;10;06:42:00;N;Empoli_Serravalle;2023;spring;Coypu;1
31/05/2023;4;12;10;06:44:00;N;Empoli_Serravalle;2023;spring;Coypu;1
31/05/2023;4;12;10;06:49:00;N;Empoli_Serravalle;2023;spring;Coypu;1
05/09/2023;2;23;0;02:17:20;N;Ponteallindiano2;2023;summer;CrestedPorcupine;1
01/05/2024;1;2;30;07:20:00;N;CasaDiMartino;2024;spring;EuropeanBadger;1
01/05/2024;1;2;30;22:43:00;N;CasaDiMartino;2024;spring;RedFox;1
02/05/2024;1;3;30;19:24:00;N;CasaDiMartino;2024;spring;EuropeanBadger;1
02/05/2024;1;3;30;21:23:00;N;CasaDiMartino;2024;spring;DomesticCat;1
02/05/2024;1;3;30;22:17:00;N;CasaDiMartino;2024;spring;DomesticCat;1
04/05/2024;2;5;30;01:56:00;N;CasaDiMartino;2024;spring;RedFox;1
04/05/2024;2;5;30;03:41:00;N;CasaDiMartino;2024;spring;EuropeanBadger;1
04/05/2024;2;5;30;04:43:00;N;CasaDiMartino;2024;spring;EuropeanBadger;1
04/05/2024;2;5;30;20:46:00;N;CasaDiMartino;2024;spring;DomesticCat;1
05/05/2024;2;6;0;00:17:00;N;CasaDiMartino;2024;spring;DomesticCat;1
01/03/2023;4;10;30;08:35:00;D;Empoli_Serravalle;2023;spring;Human;1
01/03/2023;4;10;30;08:41:00;D;Osmannoro;2023;spring;Human;2
01/03/2023;4;10;30;09:12:00;D;Osmannoro;2023;spring;Human;2
01/03/2023;4;10;30;09:47:00;D;Empoli_Serravalle;2023;spring;Human;2
01/03/2023;4;10;30;10:00:00;D;Empoli_Serravalle;2023;spring;Human;2
01/03/2023;4;10;30;13:25:00;D;Osmannoro;2023;spring;Human;1
01/03/2023;4;10;30;13:57:00;D;Osmannoro;2023;spring;Human;2
01/03/2023;4;10;30;14:49:00;D;Osmannoro;2023;spring;Human;2
01/03/2023;4;10;30;15:24:00;D;Osmannoro;2023;spring;Human;1
01/03/2023;4;10;30;16:16:00;D;Osmannoro;2023;spring;Human;2
01/03/2023;4;10;30;17:04:00;D;Empoli_Serravalle;2023;spring;Human;2
01/03/2023;4;10;30;23:23:00;N;Osmannoro;2023;spring;Human;1
01/03/2023;4;10;30;08:26:00;D;SanCasciano4;2023;winter;RedFox;1
01/03/2023;4;10;30;16:23:00;D;SanCasciano4;2023;winter;DomesticDog;1
01/03/2023;4;10;30;16:23:00;D;SanCasciano4;2023;winter;Human;1
01/03/2023;4;10;30;05:20:00;N;SanCasciano4;2023;winter;RedFox;1
01/03/2023;4;10;30;06:39:00;N;SanCasciano4;2023;winter;Blackbird;2
01/03/2023;4;10;30;06:39:00;N;TorrinoSantarosa;2023;winter;AegyptianGoose;2
02/03/2023;4;11;30;11:07:00;D;Osmannoro;2023;spring;Human;1
02/03/2023;4;11;30;12:13:00;D;Empoli_Serravalle;2023;spring;Human;2
02/03/2023;4;11;30;19:24:00;N;Osmannoro;2023;spring;Human;1
02/03/2023;4;11;30;20:37:00;N;Osmannoro;2023;spring;Human;1
03/03/2023;4;12;30;22:06:00;N;CascineDelRiccio2;2023;spring;RoeDeer;1
04/03/2023;4;13;30;09:52:00;D;Osmannoro;2023;spring;Human;2
04/03/2023;4;13;30;23:48:00;N;Empoli_Serravalle;2023;spring;RedFox;1
04/03/2023;4;13;30;23:48:00;N;CascineDelRiccio2;2023;spring;RoeDeer;1
05/03/2023;4;14;30;00:27:00;N;Empoli_Serravalle;2023;spring;Human;1
05/03/2023;4;14;30;05:53:00;N;Osmannoro;2023;spring;Human;1
06/03/2023;4;15;30;16:24:00;D;Osmannoro;2023;spring;Human;2
08/03/2023;3;17;50;13:15:00;D;Osmannoro;2023;spring;Human;2
09/03/2023;3;18;50;08:58:00;D;Osmannoro;2023;spring;Human;2
09/03/2023;3;18;50;11:11:00;D;Osmannoro;2023;spring;Human;2
09/03/2023;3;18;50;11:38:00;D;Osmannoro;2023;spring;Human;2
09/03/2023;3;18;50;07:50:00;D;Osmannoro;2023;spring;Human;2
10/03/2023;3;19;50;11:38:00;D;Osmannoro;2023;spring;Human;2
10/03/2023;3;19;50;13:56:00;D;Osmannoro;2023;spring;Human;2
11/03/2023;3;20;30;00:04:00;N;Cascine;2023;winter;StoneMarten;1
14/03/2023;2;23;50;08:07:00;D;Osmannoro;2023;spring;Human;2
14/03/2023;2;23;50;14:42:00;D;Osmannoro;2023;spring;Human;1
14/03/2023;2;23;50;15:54:00;D;Osmannoro;2023;spring;Human;1
15/03/2023;2;24;50;11:32:00;D;Osmannoro;2023;spring;Human;2
15/03/2023;2;24;50;11:32:00;D;Osmannoro;2023;spring;Human;2
15/03/2023;2;24;50;11:40:00;D;Osmannoro;2023;spring;Human;2
15/03/2023;2;24;50;13:50:00;D;Osmannoro;2023;spring;Human;2
15/03/2023;2;24;50;13:50:00;D;Osmannoro;2023;spring;Human;2
15/03/2023;2;24;50;16:07:00;D;Osmannoro;2023;spring;Human;2
16/03/2023;2;25;50;08:39:00;D;Osmannoro;2023;spring;Human;1
16/03/2023;2;25;50;09:12:00;D;Osmannoro;2023;spring;Human;2
16/03/2023;2;25;50;09:12:00;D;Osmannoro;2023;spring;Human;2
16/03/2023;2;25;50;10:31:00;D;Osmannoro;2023;spring;Human;3
16/03/2023;2;25;50;11:23:00;D;Osmannoro;2023;spring;Human;2
16/03/2023;2;25;50;11:23:00;D;Osmannoro;2023;spring;Human;2
16/03/2023;2;25;50;12:57:00;D;Osmannoro;2023;spring;Human;2
16/03/2023;2;25;50;12:57:00;D;Osmannoro;2023;spring;Human;2
16/03/2023;2;25;50;13:27:00;D;Osmannoro;2023;spring;Human;1
16/03/2023;2;25;50;16:46:00;D;Osmannoro;2023;spring;Human;1
17/03/2023;1;26;50;10:07:00;D;Osmannoro;2023;spring;Human;2
17/03/2023;1;26;50;10:51:00;D;Osmannoro;2023;spring;Human;2
17/03/2023;1;26;50;11:31:00;D;Osmannoro;2023;spring;Human;2
17/03/2023;1;26;50;14:39:00;D;Osmannoro;2023;spring;Human;2
17/03/2023;1;26;50;14:45:00;D;Osmannoro;2023;spring;Human;1
17/03/2023;1;26;50;17:00:00;D;Osmannoro;2023;spring;Human;2
18/03/2023;1;27;50;09:00:00;D;Osmannoro;2023;spring;Human;2
18/03/2023;1;27;50;09:30:00;D;Osmannoro;2023;spring;Human;1
18/03/2023;1;27;50;09:51:00;D;Osmannoro;2023;spring;Human;2
18/03/2023;1;27;50;02:54:00;N;Osmannoro;2023;spring;Human;1
22/03/2023;1;2;60;02:16:00;N;Cascine;2023;spring;StoneMarten;1
26/03/2023;2;5;100;20:03:06;N;Sesto4;2023;spring;DomesticCat;1
31/03/2023;4;11;100;17:41:00;D;Cascine;2023;spring;RedSquirrel;1
31/03/2023;4;11;100;22:09:06;N;Sesto4;2023;spring;DomesticCat;1
05/09/2023;2;23;0;01:26:43;N;Ponteallindiano2;2023;summer;CrestedPorcupine;1
29/02/2024;1;28;75;21:40:00;N;Impruneta;2024;winter;EuropeanHare;1
01/03/2024;1;29;75;00:32:00;N;Impruneta;2024;winter;EurasianMagpie;3
01/03/2024;1;29;75;01:06:00;N;Lastra2;2024;winter;DomesticDog;1
01/03/2024;1;29;75;03:23:00;N;Bottai;2024;winter;WoodMouse;1
01/03/2024;1;29;75;08:35:00;N;AsmanaWellness;2024;winter;DomesticRabbit;1
01/03/2024;1;29;75;10:41:00;N;Baronta;2024;winter;EurasianChaffinch;2
01/03/2024;1;29;75;14:43:00;N;Lastra2;2024;winter;Human;1
01/03/2024;1;29;75;14:44:00;N;Lastra2;2024;winter;Human;1
01/03/2024;1;29;75;15:13:00;N;Baronta;2024;winter;SongThrush;1
01/03/2024;1;29;75;15:31:00;N;Baronta;2024;winter;SongThrush;1
01/03/2024;1;29;75;16:27:00;N;Baronta;2024;winter;SongThrush;1
01/03/2024;1;29;75;17:36:00;N;Baronta;2024;winter;SongThrush;1
01/03/2024;1;29;75;18:23:00;N;Lastra2;2024;winter;Human;1
01/03/2024;1;29;75;18:24:00;N;Baronta;2024;winter;SongThrush;1
01/03/2024;1;29;75;18:24:00;N;Lastra2;2024;winter;Human;1
01/03/2024;1;29;75;18:24:00;N;Lastra2;2024;winter;Human;1
01/03/2024;1;29;75;23:35:00;N;CasaDiMartino;2024;winter;RedFox;1
02/03/2024;1;1;80;01:36:00;N;Lastra2;2024;winter;RedFox;1
02/03/2024;1;1;80;02:01:00;N;Bottai;2024;winter;WoodMouse;1
02/03/2024;1;1;80;02:48:00;N;Impruneta;2024;winter;EuropeanHare;1
02/03/2024;1;1;80;03:27:00;N;Lastra2;2024;winter;Wildboar;1
02/03/2024;1;1;80;03:28:00;N;Lastra2;2024;winter;Wildboar;1
02/03/2024;1;1;80;03:30:00;N;Lastra2;2024;winter;Wildboar;1
02/03/2024;1;1;80;04:14:00;N;CasaDiMartino;2024;winter;DomesticCat;1
02/03/2024;1;1;80;05:06:00;N;CasaDiMartino;2024;winter;RedFox;1
02/03/2024;1;1;80;08:20:00;N;Baronta;2024;winter;DomesticCat;1
02/03/2024;1;1;80;12:08:00;N;AsmanaWellness;2024;winter;DomesticRabbit;1
03/03/2024;1;2;80;05:40:00;N;Lastra2;2024;winter;"Wildboar	";1
03/03/2024;1;2;80;09:54:00;N;Lastra2;2024;winter;Human;1
03/03/2024;1;2;80;11:07:00;N;Lastra2;2024;winter;Human;1
03/03/2024;1;2;80;15:53:00;N;Lastra2;2024;winter;Human;1
03/03/2024;1;2;80;16:53:00;N;Lastra2;2024;winter;Human;1
03/03/2024;1;2;80;16:54:00;N;Lastra2;2024;winter;Human;1
03/03/2024;1;2;80;16:55:00;N;Lastra2;2024;winter;Human;1
03/03/2024;1;2;80;20:32:00;N;Impruneta;2024;winter;RedFox;1
04/03/2024;1;3;80;04:21:00;N;Lastra2;2024;winter;Wildboar;1
04/03/2024;1;3;80;04:22:00;N;Lastra2;2024;winter;Wildboar;1
04/03/2024;1;3;80;04:22:00;N;Lastra2;2024;winter;Wildboar;4
04/03/2024;1;3;80;04:23:00;N;Lastra2;2024;winter;Wildboar;2
04/03/2024;1;3;80;04:23:00;N;Lastra2;2024;winter;Wildboar;3
04/03/2024;1;3;80;04:26:00;N;Lastra2;2024;winter;Wildboar;5
04/03/2024;1;3;80;04:27:00;N;Lastra2;2024;winter;Wildboar;1
04/03/2024;1;3;80;04:27:00;N;Lastra2;2024;winter;Wildboar;2
04/03/2024;1;3;80;04:27:00;N;Lastra2;2024;winter;"Wildboar	";3
04/03/2024;1;3;80;04:27:00;N;Lastra2;2024;winter;Wildboar;1
04/03/2024;1;3;80;04:28:00;N;Lastra2;2024;winter;Wildboar;5
04/03/2024;1;3;80;04:32:00;N;Lastra2;2024;winter;Wildboar;1
04/03/2024;1;3;80;04:58:00;N;Bagnese;2024;winter;DomesticCat;1
04/03/2024;1;3;80;05:15:00;N;Lastra2;2024;winter;Wildboar;1
04/03/2024;1;3;80;05:17:00;N;Lastra2;2024;winter;Wildboar;1
04/03/2024;1;3;80;05:17:00;N;Lastra2;2024;winter;Wildboar;1
04/03/2024;1;3;80;05:52:00;N;Lastra2;2024;winter;RedFox;1
04/03/2024;1;3;80;09:59:00;N;Lastra2;2024;winter;Human;1
04/03/2024;1;3;80;10:33:00;N;Lastra2;2024;winter;DomesticDog;1
04/03/2024;1;3;80;12:08:00;N;Lastra2;2024;winter;Human;1
04/03/2024;1;3;80;12:08:00;N;Lastra2;2024;winter;Human;2
04/03/2024;1;3;80;12:31:00;N;Lastra2;2024;winter;Human;1
04/03/2024;1;3;80;16:57:00;N;AsmanaWellness;2024;winter;DomesticRabbit;1
04/03/2024;1;3;80;21:27:00;N;Impruneta;2024;winter;EurasianRobin;1
04/03/2024;1;3;80;22:53:00;N;Neto;2024;winter;DomesticCat;1
05/03/2024;2;4;80;00:37:00;N;CasaDiMartino;2024;winter;EuropeanBadger;1
05/03/2024;2;4;80;01:07:00;N;Impruneta;2024;winter;StoneMarten;1
05/03/2024;2;4;80;01:10:00;N;Impruneta;2024;winter;EuropeanHare;1
05/03/2024;2;4;80;01:27:00;N;Bottai;2024;winter;WoodMouse;1
05/03/2024;2;4;80;02:16:00;N;Impruneta;2024;winter;RedFox;1
05/03/2024;2;4;80;03:44:00;N;Impruneta;2024;winter;EuropeanHare;1
05/03/2024;2;4;80;04:45:00;N;Lastra2;2024;winter;Wildboar;1
05/03/2024;2;4;80;04:48:00;N;Lastra2;2024;winter;Wildboar;1
05/03/2024;2;4;80;06:56:00;N;AsmanaWellness;2024;winter;DomesticRabbit;1
05/03/2024;2;4;80;07:26:00;N;AsmanaWellness;2024;winter;DomesticRabbit;1
05/03/2024;2;4;80;10:44:00;N;AsmanaWellness;2024;winter;DomesticRabbit;1
05/03/2024;2;4;80;13:05:00;N;Lastra2;2024;winter;Human;1
05/03/2024;2;4;80;14:55:00;N;Lastra2;2024;winter;Human;1
05/03/2024;2;4;80;15:31:00;N;Lastra2;2024;winter;Human;1
05/03/2024;2;4;80;15:38:00;N;AsmanaWellness;2024;winter;DomesticRabbit;1
05/03/2024;2;4;80;16:06:00;N;AsmanaWellness;2024;winter;DomesticRabbit;1
05/03/2024;2;4;80;17:28:00;N;Lastra2;2024;winter;Human;1
05/03/2024;2;4;80;18:52:00;N;Impruneta;2024;winter;Human;1
05/03/2024;2;4;80;20:12:00;N;Bagnese;2024;winter;RedFox;1
05/03/2024;2;4;80;20:26:00;N;CasaDiMartino;2024;winter;CrestedPorcupine;1
05/03/2024;2;4;80;20:35:00;N;Lastra2;2024;winter;EuropeanBadger;1
05/03/2024;2;4;80;20:43:00;N;CasaDiMartino;2024;winter;DomesticDog;1
05/03/2024;2;4;80;23:06:00;N;Impruneta;2024;winter;EuropeanHare;1
05/03/2024;2;4;80;23:12:00;N;Lastra2;2024;winter;Wildboar;1
05/03/2024;2;4;80;23:12:00;N;Lastra2;2024;winter;Wildboar;1
05/03/2024;2;4;80;23:13:00;N;Lastra2;2024;winter;Wildboar;1
05/03/2024;2;4;80;23:35:00;N;Impruneta;2024;winter;Human;1
06/03/2024;2;5;80;00:37:00;N;Impruneta;2024;winter;CrestedPorcupine;1
06/03/2024;2;5;80;04:14:00;N;Impruneta;2024;winter;EuropeanHare;1
06/03/2024;2;5;80;04:27:00;N;Lastra2;2024;winter;Wildboar;2
06/03/2024;2;5;80;04:40:00;N;Impruneta;2024;winter;Blackbird;1
06/03/2024;2;5;80;04:45:00;N;Lastra2;2024;winter;Wildboar;2
06/03/2024;2;5;80;05:06:00;N;Impruneta;2024;winter;RedFox;1
06/03/2024;2;5;80;05:36:00;N;Lastra2;2024;winter;Wildboar;1
06/03/2024;2;5;80;08:35:00;N;CasaDiMartino;2024;winter;DomesticCat;1
06/03/2024;2;5;80;08:37:00;N;Bagnese;2024;winter;EuropeanHare;1
06/03/2024;2;5;80;11:48:00;N;Neto;2024;winter;WoodPigeon;1
06/03/2024;2;5;80;11:48:00;N;AsmanaWellness;2024;winter;DomesticRabbit;1
06/03/2024;2;5;80;17:21:00;N;Neto;2024;winter;WoodPigeon;1
06/03/2024;2;5;80;17:21:00;N;AsmanaWellness;2024;winter;DomesticRabbit;1
06/03/2024;2;5;80;17:31:00;N;Neto;2024;winter;Human;1
06/03/2024;2;5;80;17:31:00;N;AsmanaWellness;2024;winter;DomesticRabbit;1
06/03/2024;2;5;80;18:03:00;N;Bagnese;2024;winter;SongThrush;1
06/03/2024;2;5;80;18:23:00;N;Bagnese;2024;winter;EurasianRobin;1
06/03/2024;2;5;80;18:57:00;N;Neto;2024;winter;Mallard;1
06/03/2024;2;5;80;18:57:00;N;AsmanaWellness;2024;winter;DomesticRabbit;1
06/03/2024;2;5;80;20:26:00;N;Impruneta;2024;winter;EuropeanHare;1
06/03/2024;2;5;80;20:43:00;N;Bagnese;2024;winter;RedFox;1
06/03/2024;2;5;80;20:43:00;N;Impruneta;2024;winter;RedFox;1
06/03/2024;2;5;80;21:16:00;N;Bagnese;2024;winter;RedFox;1
06/03/2024;2;5;80;22:30:00;N;Lastra2;2024;winter;Wildboar;1
06/03/2024;2;5;80;22:30:00;N;Lastra2;2024;winter;Wildboar;1
06/03/2024;2;5;80;22:30:00;N;Lastra2;2024;winter;Wildboar;2
06/03/2024;2;5;80;22:36:00;N;Lastra2;2024;winter;Wildboar;1
06/03/2024;2;5;80;23:05:00;N;Lastra2;2024;winter;Wildboar;1
06/03/2024;2;5;80;23:06:00;N;Lastra2;2024;winter;Wildboar;1
07/03/2024;2;6;80;00:01:00;N;Lastra2;2024;winter;Wildboar;1
07/03/2024;2;6;80;02:01:00;N;Bagnese;2024;winter;StoneMarten;1
07/03/2024;2;6;80;03:56:00;N;Neto;2024;winter;DomesticCat;1
07/03/2024;2;6;80;04:08:00;N;Bagnese;2024;winter;BlackRat;1
07/03/2024;2;6;80;06:03:00;N;Impruneta;2024;winter;RedFox;1
07/03/2024;2;6;80;07:19:00;N;AsmanaWellness;2024;winter;DomesticRabbit;1
07/03/2024;2;6;80;10:47:00;N;Lastra2;2024;winter;Human;1
07/03/2024;2;6;80;16:35:00;N;AsmanaWellness;2024;winter;DomesticRabbit;1
07/03/2024;2;6;80;17:30:00;N;AsmanaWellness;2024;winter;DomesticRabbit;1
07/03/2024;2;6;80;19:48:00;N;Neto;2024;winter;DomesticCat;1
07/03/2024;2;6;80;20:00:00;N;Impruneta;2024;winter;RedFox;1
07/03/2024;2;6;80;20:23:00;N;Impruneta;2024;winter;GreyWolf;1
07/03/2024;2;6;80;22:55:00;N;Impruneta;2024;winter;Human;1
07/03/2024;2;6;80;23:33:00;N;Impruneta;2024;winter;EuropeanHare;1
07/03/2024;2;6;80;23:42:00;N;Impruneta;2024;winter;EuropeanHare;1
08/03/2024;3;7;20;00:02:00;N;Lastra2;2024;winter;Wildboar;1
08/03/2024;3;7;20;00:03:00;N;Lastra2;2024;winter;Wildboar;3
08/03/2024;3;7;20;00:03:00;N;Lastra2;2024;winter;Wildboar;3
08/03/2024;3;7;20;00:04:00;N;Lastra2;2024;winter;Wildboar;2
08/03/2024;3;7;20;00:04:00;N;Lastra2;2024;winter;Wildboar;2
08/03/2024;3;7;20;00:04:00;N;Lastra2;2024;winter;Wildboar;1
08/03/2024;3;7;20;00:05:00;N;Lastra2;2024;winter;Wildboar;1
08/03/2024;3;7;20;00:18:00;N;Lastra2;2024;winter;Wildboar;1
08/03/2024;3;7;20;01:00:00;N;Bagnese;2024;winter;BlackRat;1
08/03/2024;3;7;20;02:34:00;N;Impruneta;2024;winter;EuropeanHare;1
08/03/2024;3;7;20;02:53:00;N;Lastra2;2024;winter;Wildboar;1
08/03/2024;3;7;20;03:25:00;N;Neto;2024;winter;EuropeanBadger;1
08/03/2024;3;7;20;04:08:00;N;CasaDiMartino;2024;winter;DomesticCat;1
08/03/2024;3;7;20;08:25:00;N;Lastra2;2024;winter;Human;2
08/03/2024;3;7;20;09:51:00;N;Lastra2;2024;winter;Human;1
08/03/2024;3;7;20;10:07:00;N;Neto;2024;winter;Mallard;2
08/03/2024;3;7;20;10:07:00;N;Neto;2024;winter;Blackbird;1
08/03/2024;3;7;20;12:17:00;N;Neto;2024;winter;RedSquirrel;1
08/03/2024;3;7;20;12:17:00;N;Neto;2024;winter;Human;2
08/03/2024;3;7;20;12:17:00;N;Neto;2024;winter;DomesticDog;1
08/03/2024;3;7;20;15:54:00;N;Bottai;2024;winter;RedBilled_Leiothrix;1
08/03/2024;3;7;20;16:05:00;N;Empoli_Serravalle;2024;winter;GreyHeron;1
08/03/2024;3;7;20;16:05:00;N;Empoli_Serravalle;2024;winter;Coypu;1
08/03/2024;3;7;20;16:21:00;N;Empoli_Serravalle;2024;winter;Shelduck;1
08/03/2024;3;7;20;16:21:00;N;Empoli_Serravalle;2024;winter;MuscovyDuck;1
08/03/2024;3;7;20;16:33:00;N;Empoli_Serravalle;2024;winter;Human;1
08/03/2024;3;7;20;16:38:00;N;Empoli_Serravalle;2024;winter;Coypu;1
08/03/2024;3;7;20;16:54:00;N;Empoli_Serravalle;2024;winter;Mallard;2
08/03/2024;3;7;20;17:10:00;N;Empoli_Serravalle;2024;winter;DomesticGoose;3
08/03/2024;3;7;20;17:10:00;N;Empoli_Serravalle;2024;winter;SwanGoose;1
08/03/2024;3;7;20;17:16:00;N;Empoli_Serravalle;2024;winter;Coypu;1
08/03/2024;3;7;20;17:19:00;N;Empoli_Serravalle;2024;winter;Mallard;2
08/03/2024;3;7;20;17:28:00;N;Empoli_Serravalle;2024;winter;EurasianMagpie;3
08/03/2024;3;7;20;17:28:00;N;Empoli_Serravalle;2024;winter;Human;1
08/03/2024;3;7;20;17:40:00;N;Empoli_Serravalle;2024;winter;Coypu;1
08/03/2024;3;7;20;17:40:00;N;Empoli_Serravalle;2024;winter;DomesticDog;1
08/03/2024;3;7;20;18:18:00;N;Bagnese;2024;winter;EurasianRobin;1
08/03/2024;3;7;20;23:29:00;N;Lastra2;2024;winter;Wildboar;1
08/03/2024;3;7;20;23:30:00;N;Lastra2;2024;winter;Wildboar;2
08/03/2024;3;7;20;23:30:00;N;Lastra2;2024;winter;Wildboar;1
08/03/2024;3;7;20;23:31:00;N;Lastra2;2024;winter;Wildboar;1
09/03/2024;3;8;20;00:08:00;N;CasaDiMartino;2024;winter;EuropeanBadger;1
09/03/2024;3;8;20;02:14:00;N;Bagnese;2024;winter;Wildboar;1
09/03/2024;3;8;20;06:43:00;N;Empoli_Serravalle;2024;winter;DomesticGoose;3
09/03/2024;3;8;20;06:43:00;N;Empoli_Serravalle;2024;winter;SwanGoose;1
09/03/2024;3;8;20;07:04:00;N;Bagnese;2024;winter;SongThrush;1
09/03/2024;3;8;20;07:04:00;N;Bagnese;2024;winter;EurasianChaffinch;2
09/03/2024;3;8;20;08:15:00;N;Empoli_Serravalle;2024;winter;DomesticGoose;3
09/03/2024;3;8;20;08:15:00;N;Empoli_Serravalle;2024;winter;Coypu;1
09/03/2024;3;8;20;08:15:00;N;Empoli_Serravalle;2024;winter;Human;3
09/03/2024;3;8;20;08:18:00;N;Empoli_Serravalle;2024;winter;SwanGoose;1
09/03/2024;3;8;20;08:28:00;N;Neto;2024;winter;Mallard;1
09/03/2024;3;8;20;08:38:00;N;Lastra2;2024;winter;DomesticDog;1
09/03/2024;3;8;20;09:44:00;N;Bagnese;2024;winter;SongThrush;1
09/03/2024;3;8;20;09:59:00;N;Empoli_Serravalle;2024;winter;Coypu;2
09/03/2024;3;8;20;09:59:00;N;Empoli_Serravalle;2024;winter;RockPigeon;1
09/03/2024;3;8;20;16:45:00;N;Empoli_Serravalle;2024;winter;Coypu;1
09/03/2024;3;8;20;16:45:00;N;Empoli_Serravalle;2024;winter;Shelduck;1
09/03/2024;3;8;20;16:45:00;N;Empoli_Serravalle;2024;winter;MuscovyDuck;1
09/03/2024;3;8;20;16:58:00;N;Empoli_Serravalle;2024;winter;AmericanPondSlider;2
09/03/2024;3;8;20;17:04:00;N;Empoli_Serravalle;2024;winter;Coypu;2
09/03/2024;3;8;20;17:52:00;N;Bagnese;2024;winter;SongThrush;1
09/03/2024;3;8;20;18:02:00;N;Empoli_Serravalle;2024;winter;Coypu;2
09/03/2024;3;8;20;18:02:00;N;Empoli_Serravalle;2024;winter;Human;2
09/03/2024;3;8;20;18:04:00;N;Empoli_Serravalle;2024;winter;Mallard;2
09/03/2024;3;8;20;18:26:00;N;Empoli_Serravalle;2024;winter;Coypu;2
09/03/2024;3;8;20;21:13:00;N;Impruneta;2024;winter;Human;1
09/03/2024;3;8;20;23:53:00;N;Bagnese;2024;winter;DomesticCat;1
10/03/2024;3;9;20;00:07:00;N;Impruneta;2024;winter;EuropeanHare;1
10/03/2024;3;9;20;00:20:00;N;Impruneta;2024;winter;RedFox;1
10/03/2024;3;9;20;01:48:00;N;Lastra2;2024;winter;Wildboar;2
10/03/2024;3;9;20;03:05:00;N;Lastra2;2024;winter;EuropeanHare;1
10/03/2024;3;9;20;03:38:00;N;CasaDiMartino;2024;winter;CrestedPorcupine;1
10/03/2024;3;9;20;06:27:00;N;Bagnese;2024;winter;Blackbird;1
10/03/2024;3;9;20;06:43:00;N;Empoli_Serravalle;2024;winter;DomesticGoose;3
10/03/2024;3;9;20;06:43:00;N;Empoli_Serravalle;2024;winter;SwanGoose;1
10/03/2024;3;9;20;06:45:00;N;Empoli_Serravalle;2024;winter;Mallard;2
10/03/2024;3;9;20;07:01:00;N;Bagnese;2024;winter;SongThrush;2
10/03/2024;3;9;20;07:24:00;N;Bagnese;2024;winter;EurasianChaffinch;2
10/03/2024;3;9;20;07:36:00;N;Bagnese;2024;winter;SongThrush;2
10/03/2024;3;9;20;07:55:00;N;Empoli_Serravalle;2024;winter;MuscovyDuck;1
10/03/2024;3;9;20;07:55:00;N;Empoli_Serravalle;2024;winter;Shelduck;1
10/03/2024;3;9;20;07:55:00;N;Empoli_Serravalle;2024;winter;Coypu;1
10/03/2024;3;9;20;08:38:00;N;Lastra2;2024;winter;DomesticDog;1
10/03/2024;3;9;20;08:38:00;N;Lastra2;2024;winter;Human;1
10/03/2024;3;9;20;08:57:00;N;Bagnese;2024;winter;EurasianRobin;1
10/03/2024;3;9;20;18:11:00;N;CasaDiMartino;2024;winter;Human;1
10/03/2024;3;9;20;18:31:00;N;Empoli_Serravalle;2024;winter;Coypu;1
10/03/2024;3;9;20;22:39:00;N;Impruneta;2024;winter;RedFox;1
10/03/2024;3;9;20;22:41:00;N;Impruneta;2024;winter;EuropeanHare;2
10/03/2024;3;9;20;23:05:00;N;Impruneta;2024;winter;Human;1
11/03/2024;4;10;20;00:41:00;N;Impruneta;2024;winter;CrestedPorcupine;1
11/03/2024;4;10;20;00:41:00;N;Impruneta;2024;winter;EuropeanHare;1
11/03/2024;4;10;20;00:59:00;N;Neto;2024;winter;DomesticCat;1
11/03/2024;4;10;20;01:39:00;N;Impruneta;2024;winter;RedFox;1
11/03/2024;4;10;20;02:08:00;N;Impruneta;2024;winter;Human;1
11/03/2024;4;10;20;02:41:00;N;Impruneta;2024;winter;EuropeanHare;1
11/03/2024;4;10;20;04:58:00;N;Lastra2;2024;winter;RoeDeer;1
11/03/2024;4;10;20;06:31:00;N;Empoli_Serravalle;2024;winter;SwanGoose;1
11/03/2024;4;10;20;06:31:00;N;Empoli_Serravalle;2024;winter;Mallard;2
11/03/2024;4;10;20;06:31:00;N;Empoli_Serravalle;2024;winter;MuscovyDuck;2
11/03/2024;4;10;20;07:22:00;N;Bagnese;2024;winter;SongThrush;1
11/03/2024;4;10;20;12:43:00;N;Neto;2024;winter;EurasianMagpie;1
11/03/2024;4;10;20;12:43:00;N;Neto;2024;winter;RedSquirrel;1
11/03/2024;4;10;20;14:40:00;N;Lastra2;2024;winter;DomesticDog;1
11/03/2024;4;10;20;16:56:00;N;Empoli_Serravalle;2024;winter;Coypu;1
11/03/2024;4;10;20;20:42:00;N;Bagnese;2024;winter;RedFox;1
11/03/2024;4;10;20;21:06:00;N;Lastra2;2024;winter;Wildboar;3
11/03/2024;4;10;20;21:08:00;N;Lastra2;2024;winter;Wildboar;1
11/03/2024;4;10;20;21:12:00;N;Lastra2;2024;winter;Wildboar;1
12/03/2024;4;11;65;00:37:00;N;VillaStibbert;2024;winter;RedFox;1
12/03/2024;4;11;65;01:28:00;N;Impruneta;2024;winter;Human;1
12/03/2024;4;11;65;02:34:00;N;Bagnese;2024;winter;WoodMouse;1
12/03/2024;4;11;65;03:09:00;N;CasaDiMartino;2024;winter;CrestedPorcupine;1
12/03/2024;4;11;65;03:47:00;N;Bagnese;2024;winter;DomesticCat;1
12/03/2024;4;11;65;04:34:00;N;CasaDiMartino;2024;winter;CrestedPorcupine;1
12/03/2024;4;11;65;05:06:00;N;VillaStibbert;2024;winter;RedFox;1
12/03/2024;4;11;65;06:46:00;N;Empoli_Serravalle;2024;winter;Shelduck;1
12/03/2024;4;11;65;06:46:00;N;Empoli_Serravalle;2024;winter;MuscovyDuck;1
12/03/2024;4;11;65;07:09:00;N;Empoli_Serravalle;2024;winter;AmericanPondSlider;1
12/03/2024;4;11;65;07:09:00;N;Empoli_Serravalle;2024;winter;Mallard;2
12/03/2024;4;11;65;08:00:00;N;Empoli_Serravalle;2024;winter;DomesticGoose;3
12/03/2024;4;11;65;08:00:00;N;Empoli_Serravalle;2024;winter;SwanGoose;1
12/03/2024;4;11;65;08:16:00;N;Empoli_Serravalle;2024;winter;Coypu;1
12/03/2024;4;11;65;08:16:00;N;Empoli_Serravalle;2024;winter;Human;4
12/03/2024;4;11;65;08:16:00;N;Empoli_Serravalle;2024;winter;DomesticDog;3
12/03/2024;4;11;65;11:36:00;N;Neto;2024;winter;RedSquirrel;1
12/03/2024;4;11;65;11:36:00;N;Neto;2024;winter;Human;2
12/03/2024;4;11;65;17:19:00;N;Empoli_Serravalle;2024;winter;RedFox;1
12/03/2024;4;11;65;17:19:00;N;Empoli_Serravalle;2024;winter;EuropeanStarling;1
12/03/2024;4;11;65;18:43:00;N;Lastra2;2024;winter;Human;1
12/03/2024;4;11;65;20:13:00;N;CasaDiMartino;2024;winter;DomesticCat;1
12/03/2024;4;11;65;20:51:00;N;Bagnese;2024;winter;WoodMouse;1
12/03/2024;4;11;65;20:59:00;N;Empoli_Serravalle;2024;winter;Coypu;1
12/03/2024;4;11;65;21:13:00;N;Empoli_Serravalle;2024;winter;RedFox;1
12/03/2024;4;11;65;21:14:00;N;Empoli_Serravalle;2024;winter;LittleOwl;1
12/03/2024;4;11;65;21:25:00;N;Empoli_Serravalle;2024;winter;Coypu;1
12/03/2024;4;11;65;21:47:00;N;Empoli_Serravalle;2024;winter;Human;1
12/03/2024;4;11;65;22:18:00;N;Empoli_Serravalle;2024;winter;Coypu;1
12/03/2024;4;11;65;22:47:00;N;Empoli_Serravalle;2024;winter;Coypu;3
12/03/2024;4;11;65;23:11:00;N;Bagnese;2024;winter;RedFox;1
12/03/2024;4;11;65;23:48:00;N;Empoli_Serravalle;2024;winter;Coypu;2
13/03/2024;4;12;65;01:28:00;N;Empoli_Serravalle;2024;winter;Coypu;1
13/03/2024;4;12;65;02:15:00;N;Lastra2;2024;winter;Wildboar;1
13/03/2024;4;12;65;02:16:00;N;Lastra2;2024;winter;Wildboar;1
13/03/2024;4;12;65;02:19:00;N;Empoli_Serravalle;2024;winter;Coypu;1
13/03/2024;4;12;65;02:19:00;N;Impruneta;2024;winter;EuropeanHare;1
13/03/2024;4;12;65;02:54:00;N;Empoli_Serravalle;2024;winter;Coypu;1
13/03/2024;4;12;65;03:27:00;N;Empoli_Serravalle;2024;winter;Coypu;1
13/03/2024;4;12;65;03:56:00;N;Empoli_Serravalle;2024;winter;RedFox;1
13/03/2024;4;12;65;04:18:00;N;Empoli_Serravalle;2024;winter;Coypu;1
13/03/2024;4;12;65;04:40:00;N;VillaStibbert;2024;winter;StoneMarten;1
13/03/2024;4;12;65;05:41:00;N;Empoli_Serravalle;2024;winter;RedFox;1
13/03/2024;4;12;65;06:36:00;N;Empoli_Serravalle;2024;winter;GreyHeron;1
13/03/2024;4;12;65;06:36:00;N;Empoli_Serravalle;2024;winter;Human;1
13/03/2024;4;12;65;06:56:00;N;Bagnese;2024;winter;Blackbird;1
13/03/2024;4;12;65;07:00:00;N;Neto;2024;winter;HoodedCrow;1
13/03/2024;4;12;65;07:01:00;N;Empoli_Serravalle;2024;winter;Coypu;1
13/03/2024;4;12;65;07:01:00;N;Empoli_Serravalle;2024;winter;DomesticDog;2
13/03/2024;4;12;65;07:01:00;N;Empoli_Serravalle;2024;winter;Human;1
13/03/2024;4;12;65;07:40:00;N;Bagnese;2024;winter;Blackbird;1
13/03/2024;4;12;65;07:54:00;N;Empoli_Serravalle;2024;winter;Coypu;1
13/03/2024;4;12;65;08:06:00;N;Empoli_Serravalle;2024;winter;Human;3
13/03/2024;4;12;65;08:06:00;N;Empoli_Serravalle;2024;winter;EurasianMagpie;2
13/03/2024;4;12;65;08:06:00;N;Empoli_Serravalle;2024;winter;DomesticDog;3
13/03/2024;4;12;65;08:06:00;N;Empoli_Serravalle;2024;winter;Mallard;2
13/03/2024;4;12;65;08:08:00;N;Empoli_Serravalle;2024;winter;RockPigeon;1
13/03/2024;4;12;65;08:17:00;N;Empoli_Serravalle;2024;winter;Coypu;1
13/03/2024;4;12;65;08:31:00;N;Empoli_Serravalle;2024;winter;AmericanPondSlider;1
13/03/2024;4;12;65;08:31:00;N;Empoli_Serravalle;2024;winter;Human;1
13/03/2024;4;12;65;08:31:00;N;Empoli_Serravalle;2024;winter;DomesticDog;1
13/03/2024;4;12;65;08:37:00;N;Empoli_Serravalle;2024;winter;DomesticGoose;3
13/03/2024;4;12;65;08:37:00;N;Empoli_Serravalle;2024;winter;SwanGoose;1
13/03/2024;4;12;65;08:38:00;N;Empoli_Serravalle;2024;winter;Mallard;2
13/03/2024;4;12;65;08:45:00;N;Empoli_Serravalle;2024;winter;Coypu;1
13/03/2024;4;12;65;08:45:00;N;Empoli_Serravalle;2024;winter;ItalianSparrow;3
13/03/2024;4;12;65;08:59:00;N;Empoli_Serravalle;2024;winter;DomesticGoose;3
13/03/2024;4;12;65;08:59:00;N;Empoli_Serravalle;2024;winter;SwanGoose;1
13/03/2024;4;12;65;09:00:00;N;Empoli_Serravalle;2024;winter;Human;1
13/03/2024;4;12;65;09:00:00;N;Empoli_Serravalle;2024;winter;DomesticDog;1
13/03/2024;4;12;65;09:00:00;N;Empoli_Serravalle;2024;winter;Mallard;2
13/03/2024;4;12;65;09:04:00;N;Empoli_Serravalle;2024;winter;RockPigeon;1
13/03/2024;4;12;65;09:12:00;N;Empoli_Serravalle;2024;winter;Coypu;1
13/03/2024;4;12;65;09:20:00;N;Empoli_Serravalle;2024;winter;Egret;1
13/03/2024;4;12;65;09:30:00;N;Empoli_Serravalle;2024;winter;RockPigeon;1
13/03/2024;4;12;65;10:41:00;N;Lastra2;2024;winter;Wildboar;1
13/03/2024;4;12;65;16:00:00;N;Empoli_Serravalle;2024;winter;RockPigeon;16
13/03/2024;4;12;65;16:00:00;N;Empoli_Serravalle;2024;winter;Human;1
13/03/2024;4;12;65;16:00:00;N;Empoli_Serravalle;2024;winter;DomesticDog;1
13/03/2024;4;12;65;16:00:00;N;Empoli_Serravalle;2024;winter;YellowLeggedGull;1
13/03/2024;4;12;65;16:14:00;N;Empoli_Serravalle;2024;winter;AmericanPondSlider;1
13/03/2024;4;12;65;16:25:00;N;Empoli_Serravalle;2024;winter;Coypu;1
13/03/2024;4;12;65;16:25:00;N;Empoli_Serravalle;2024;winter;Mallard;2
13/03/2024;4;12;65;16:25:00;N;Empoli_Serravalle;2024;winter;Human;4
13/03/2024;4;12;65;16:25:00;N;Empoli_Serravalle;2024;winter;DomesticDog;2
13/03/2024;4;12;65;16:25:00;N;Empoli_Serravalle;2024;winter;Egret;1
13/03/2024;4;12;65;16:55:00;N;Empoli_Serravalle;2024;winter;Human;7
13/03/2024;4;12;65;16:59:00;N;Empoli_Serravalle;2024;winter;DomesticDog;1
13/03/2024;4;12;65;17:29:00;N;Empoli_Serravalle;2024;winter;Human;9
13/03/2024;4;12;65;17:29:00;N;Empoli_Serravalle;2024;winter;DomesticDog;3
13/03/2024;4;12;65;17:35:00;N;Empoli_Serravalle;2024;winter;DomesticGoose;3
13/03/2024;4;12;65;17:35:00;N;Empoli_Serravalle;2024;winter;SwanGoose;1
13/03/2024;4;12;65;17:35:00;N;Empoli_Serravalle;2024;winter;RockPigeon;4
13/03/2024;4;12;65;17:36:00;N;Empoli_Serravalle;2024;winter;Coypu;1
13/03/2024;4;12;65;18:01:00;N;Empoli_Serravalle;2024;winter;Human;1
13/03/2024;4;12;65;18:01:00;N;Empoli_Serravalle;2024;winter;DomesticDog;1
13/03/2024;4;12;65;18:01:00;N;Empoli_Serravalle;2024;winter;DomesticGoose;3
13/03/2024;4;12;65;18:01:00;N;Empoli_Serravalle;2024;winter;SwanGoose;1
13/03/2024;4;12;65;18:01:00;N;Empoli_Serravalle;2024;winter;Coypu;1
13/03/2024;4;12;65;18:06:00;N;Empoli_Serravalle;2024;winter;Mallard;2
13/03/2024;4;12;65;18:23:00;N;Empoli_Serravalle;2024;winter;Coypu;1
13/03/2024;4;12;65;18:43:00;N;Lastra2;2024;winter;Human;1
13/03/2024;4;12;65;18:45:00;N;Lastra2;2024;winter;Human;1
13/03/2024;4;12;65;18:45:00;N;Lastra2;2024;winter;Human;1
13/03/2024;4;12;65;18:46:00;N;Lastra2;2024;winter;Human;1
13/03/2024;4;12;65;18:57:00;N;Empoli_Serravalle;2024;winter;Coypu;1
13/03/2024;4;12;65;18:57:00;N;Empoli_Serravalle;2024;winter;Human;1
13/03/2024;4;12;65;19:29:00;N;Empoli_Serravalle;2024;winter;Coypu;1
13/03/2024;4;12;65;19:47:00;N;Empoli_Serravalle;2024;winter;Coypu;1
13/03/2024;4;12;65;20:22:00;N;Empoli_Serravalle;2024;winter;Coypu;1
13/03/2024;4;12;65;20:23:00;N;VillaStibbert;2024;winter;Human;4
13/03/2024;4;12;65;20:26:00;N;VillaStibbert;2024;winter;RedFox;1
13/03/2024;4;12;65;20:32:00;N;Bagnese;2024;winter;CrestedPorcupine;2
13/03/2024;4;12;65;20:43:00;N;VillaStibbert;2024;winter;NorwayRat;1
13/03/2024;4;12;65;20:49:00;N;CasaDiMartino;2024;winter;DomesticDog;1
13/03/2024;4;12;65;21:27:00;N;Bagnese;2024;winter;RoeDeer;1
13/03/2024;4;12;65;21:38:00;N;Bagnese;2024;winter;RoeDeer;2
13/03/2024;4;12;65;23:33:00;N;VillaStibbert;2024;winter;Human;1
14/03/2024;4;13;15;02:16:00;N;Bagnese;2024;winter;CrestedPorcupine;1
14/03/2024;4;13;15;02:34:00;N;VillaStibbert;2024;winter;DomesticCat;1
14/03/2024;4;13;15;02:48:00;N;Bagnese;2024;winter;CrestedPorcupine;2
14/03/2024;4;13;15;02:54:00;N;Impruneta;2024;winter;RedFox;1
14/03/2024;4;13;15;06:03:00;N;VillaStibbert;2024;winter;Human;1
14/03/2024;4;13;15;06:18:00;N;Bagnese;2024;winter;EurasianRobin;2
14/03/2024;4;13;15;07:35:00;N;Bagnese;2024;winter;EuropeanHare;1
14/03/2024;4;13;15;08:24:00;N;Lastra2;2024;winter;DomesticDog;1
14/03/2024;4;13;15;08:25:00;N;Lastra2;2024;winter;Human;2
14/03/2024;4;13;15;12:32:00;N;Lastra2;2024;winter;DomesticDog;1
14/03/2024;4;13;15;14:14:00;N;Neto;2024;winter;WoodPigeon;1
14/03/2024;4;13;15;15:55:00;N;Lastra2;2024;winter;Human;2
14/03/2024;4;13;15;16:57:00;N;Lastra2;2024;winter;Human;1
14/03/2024;4;13;15;18:06:00;N;Neto;2024;winter;WoodPigeon;1
14/03/2024;4;13;15;18:06:00;N;Neto;2024;winter;Blackbird;1
14/03/2024;4;13;15;20:00:00;N;VillaStibbert;2024;winter;RedFox;1
14/03/2024;4;13;15;22:55:00;N;VillaStibbert;2024;winter;DomesticCat;2
14/03/2024;4;13;15;23:06:00;N;Bagnese;2024;winter;DomesticCat;1
14/03/2024;4;13;15;23:42:00;N;VillaStibbert;2024;winter;DomesticCat;1
15/03/2024;4;14;15;00:07:00;N;VillaStibbert;2024;winter;DomesticCat;1
15/03/2024;4;14;15;00:15:00;N;Bagnese;2024;winter;RedFox;1
15/03/2024;4;14;15;00:20:00;N;VillaStibbert;2024;winter;NorwayRat;1
15/03/2024;4;14;15;00:29:00;N;Lastra2;2024;winter;Wildboar;1
15/03/2024;4;14;15;02:50:00;N;Lastra2;2024;winter;RoeDeer;1
15/03/2024;4;14;15;03:27:00;N;Impruneta;2024;winter;RedFox;1
15/03/2024;4;14;15;03:41:00;N;Neto;2024;winter;DomesticCat;1
15/03/2024;4;14;15;04:01:00;N;Bagnese;2024;winter;EuropeanHare;1
15/03/2024;4;14;15;05:15:00;N;Neto;2024;winter;EuropeanBadger;1
15/03/2024;4;14;15;06:29:00;N;Bagnese;2024;winter;EuropeanHare;1
15/03/2024;4;14;15;08:37:00;N;Bagnese;2024;winter;EuropeanHare;1
15/03/2024;4;14;15;09:03:00;N;Bagnese;2024;winter;EuropeanHare;1
15/03/2024;4;14;15;09:48:00;N;Bagnese;2024;winter;EuropeanHare;1
15/03/2024;4;14;15;11:16:00;N;Lastra2;2024;winter;Human;1
15/03/2024;4;14;15;11:16:00;N;Lastra2;2024;winter;Human;3
15/03/2024;4;14;15;16:37:00;N;Neto;2024;winter;Human;4
15/03/2024;4;14;15;17:00:00;N;Lastra2;2024;winter;Human;1
15/03/2024;4;14;15;21:13:00;N;VillaStibbert;2024;winter;RedFox;1
15/03/2024;4;14;15;22:39:00;N;VillaStibbert;2024;winter;DomesticCat;1
15/03/2024;4;14;15;22:41:00;N;VillaStibbert;2024;winter;DomesticCat;2
15/03/2024;4;14;15;23:05:00;N;VillaStibbert;2024;winter;DomesticCat;1
16/03/2024;4;15;15;00:32:00;N;Bagnese;2024;winter;BlackRat;1
16/03/2024;4;15;15;00:41:00;N;VillaStibbert;2024;winter;EuropeanBadger;1
16/03/2024;4;15;15;01:28:00;N;VillaStibbert;2024;winter;RedFox;1
16/03/2024;4;15;15;01:39:00;N;VillaStibbert;2024;winter;DomesticCat;1
16/03/2024;4;15;15;02:08:00;N;VillaStibbert;2024;winter;RedFox;1
16/03/2024;4;15;15;02:16:00;N;Bottai;2024;winter;Woodmouse;1
16/03/2024;4;15;15;02:41:00;N;VillaStibbert;2024;winter;RedFox;1
16/03/2024;4;15;15;02:48:00;N;Bottai;2024;winter;Woodmouse;1
16/03/2024;4;15;15;03:56:00;N;Impruneta;2024;winter;RedFox;1
16/03/2024;4;15;15;06:25:00;N;Bagnese;2024;winter;EuropeanHare;1
16/03/2024;4;15;15;10:27:00;N;VillaStibbert;2024;winter;Hawfinch;1
16/03/2024;4;15;15;11:17:00;N;Lastra2;2024;winter;Human;8
16/03/2024;4;15;15;11:17:00;N;Lastra2;2024;winter;Human;1
16/03/2024;4;15;15;13:26:00;N;Lastra2;2024;winter;DomesticDog;1
16/03/2024;4;15;15;13:39:00;N;Lastra2;2024;winter;Human;1
16/03/2024;4;15;15;14:19:00;N;VillaStibbert;2024;winter;Blackbird;1
16/03/2024;4;15;15;16:14:00;N;Empoli_Serravalle;2024;winter;Coypu;2
16/03/2024;4;15;15;16:26:00;N;Empoli_Serravalle;2024;winter;Human;1
16/03/2024;4;15;15;16:26:00;N;Empoli_Serravalle;2024;winter;DomesticDog;1
16/03/2024;4;15;15;16:45:00;N;Neto;2024;winter;RedSquirrel;1
16/03/2024;4;15;15;16:59:00;N;VillaStibbert;2024;winter;EurasianRobin;1
16/03/2024;4;15;15;17:01:00;N;Empoli_Serravalle;2024;winter;DomesticGoose;3
16/03/2024;4;15;15;17:01:00;N;Empoli_Serravalle;2024;winter;SwanGoose;1
16/03/2024;4;15;15;17:01:00;N;Empoli_Serravalle;2024;winter;Human;6
16/03/2024;4;15;15;17:01:00;N;Empoli_Serravalle;2024;winter;DomesticDog;1
16/03/2024;4;15;15;17:04:00;N;Empoli_Serravalle;2024;winter;Coypu;1
16/03/2024;4;15;15;17:25:00;N;Empoli_Serravalle;2024;winter;AmericanPondSlider;1
16/03/2024;4;15;15;17:26:00;N;Empoli_Serravalle;2024;winter;Coypu;1
16/03/2024;4;15;15;17:28:00;N;Empoli_Serravalle;2024;winter;Human;2
16/03/2024;4;15;15;17:28:00;N;Empoli_Serravalle;2024;winter;DomesticDog;1
16/03/2024;4;15;15;18:26:00;N;Empoli_Serravalle;2024;winter;Coypu;1
16/03/2024;4;15;15;18:26:00;N;Empoli_Serravalle;2024;winter;Mallard;3
16/03/2024;4;15;15;18:29:00;N;Empoli_Serravalle;2024;winter;EurasianRobin;1
16/03/2024;4;15;15;18:44:00;N;Lastra2;2024;winter;DomesticDog;1
16/03/2024;4;15;15;18:45:00;N;Lastra2;2024;winter;Human;1
16/03/2024;4;15;15;18:54:00;N;Empoli_Serravalle;2024;winter;Coypu;1
16/03/2024;4;15;15;19:13:00;N;Lastra2;2024;winter;Human;1
16/03/2024;4;15;15;19:27:00;N;Lastra2;2024;winter;Human;1
16/03/2024;4;15;15;19:28:00;N;Lastra2;2024;winter;Human;1
16/03/2024;4;15;15;19:55:00;N;Empoli_Serravalle;2024;winter;RedFox;1
16/03/2024;4;15;15;20:24:00;N;Neto;2024;winter;Hedgehog;1
16/03/2024;4;15;15;20:30:00;N;Empoli_Serravalle;2024;winter;RedFox;1
16/03/2024;4;15;15;20:32:00;N;Bottai;2024;winter;Woodmouse;1
16/03/2024;4;15;15;21:27:00;N;Bottai;2024;winter;Woodmouse;1
16/03/2024;4;15;15;21:30:00;N;Neto;2024;winter;Hedgehog;1
16/03/2024;4;15;15;21:40:00;N;Bagnese;2024;winter;RedFox;1
16/03/2024;4;15;15;22:02:00;N;Empoli_Serravalle;2024;winter;Coypu;1
16/03/2024;4;15;15;22:21:00;N;Empoli_Serravalle;2024;winter;RedFox;1
16/03/2024;4;15;15;22:52:00;N;Empoli_Serravalle;2024;winter;Coypu;1
16/03/2024;4;15;15;23:06:00;N;Bottai;2024;winter;Woodmouse;1
16/03/2024;4;15;15;23:10:00;N;Empoli_Serravalle;2024;winter;Coypu;2
16/03/2024;4;15;15;23:49:00;N;Empoli_Serravalle;2024;winter;Coypu;1
16/03/2024;4;15;15;23:52:00;N;Empoli_Serravalle;2024;winter;Human;1
17/03/2024;4;16;35;00:28:00;N;Empoli_Serravalle;2024;winter;Coypu;1
17/03/2024;4;16;35;00:41:00;N;VillaStibbert;2024;winter;RedFox;1
17/03/2024;4;16;35;01:12:00;N;Empoli_Serravalle;2024;winter;Coypu;1
17/03/2024;4;16;35;01:36:00;N;Empoli_Serravalle;2024;winter;Coypu;1
17/03/2024;4;16;35;02:12:00;N;Empoli_Serravalle;2024;winter;Coypu;1
17/03/2024;4;16;35;04:18:00;N;Impruneta;2024;winter;RedFox;1
17/03/2024;4;16;35;06:03:00;N;Empoli_Serravalle;2024;winter;DomesticGoose;3
17/03/2024;4;16;35;06:07:00;N;Empoli_Serravalle;2024;winter;SwanGoose;1
17/03/2024;4;16;35;06:33:00;N;Empoli_Serravalle;2024;winter;DomesticGoose;3
17/03/2024;4;16;35;06:33:00;N;Empoli_Serravalle;2024;winter;SwanGoose;1
17/03/2024;4;16;35;07:36:00;N;Empoli_Serravalle;2024;winter;DomesticGoose;3
17/03/2024;4;16;35;07:36:00;N;Empoli_Serravalle;2024;winter;SwanGoose;1
17/03/2024;4;16;35;07:48:00;N;Empoli_Serravalle;2024;winter;Coypu;1
17/03/2024;4;16;35;07:52:00;N;Empoli_Serravalle;2024;winter;Human;1
17/03/2024;4;16;35;07:52:00;N;Empoli_Serravalle;2024;winter;DomesticDog;1
17/03/2024;4;16;35;07:55:00;N;Empoli_Serravalle;2024;winter;RockPigeon;3
17/03/2024;4;16;35;07:58:00;N;Empoli_Serravalle;2024;winter;MuscovyDuck;1
17/03/2024;4;16;35;08:01:00;N;Empoli_Serravalle;2024;winter;Human;2
17/03/2024;4;16;35;08:02:00;N;Empoli_Serravalle;2024;winter;Coypu;2
17/03/2024;4;16;35;08:04:00;N;Empoli_Serravalle;2024;winter;EurasianMagpie;1
17/03/2024;4;16;35;08:04:00;N;Empoli_Serravalle;2024;winter;DomesticDog;1
17/03/2024;4;16;35;08:23:00;N;Empoli_Serravalle;2024;winter;SwanGoose;1
17/03/2024;4;16;35;08:23:00;N;Empoli_Serravalle;2024;winter;DomesticGoose;3
17/03/2024;4;16;35;08:23:00;N;Empoli_Serravalle;2024;winter;Coypu;2
17/03/2024;4;16;35;08:26:00;N;Empoli_Serravalle;2024;winter;Mallard;2
17/03/2024;4;16;35;08:29:00;N;Empoli_Serravalle;2024;winter;MuscovyDuck;1
17/03/2024;4;16;35;08:29:00;N;Empoli_Serravalle;2024;winter;DomesticDog;2
17/03/2024;4;16;35;08:29:00;N;Empoli_Serravalle;2024;winter;Human;2
17/03/2024;4;16;35;08:43:00;N;Empoli_Serravalle;2024;winter;MuscovyDuck;2
17/03/2024;4;16;35;08:43:00;N;Empoli_Serravalle;2024;winter;Shelduck;1
17/03/2024;4;16;35;08:43:00;N;Empoli_Serravalle;2024;winter;Coypu;1
17/03/2024;4;16;35;08:43:00;N;Empoli_Serravalle;2024;winter;SwanGoose;1
17/03/2024;4;16;35;08:43:00;N;Empoli_Serravalle;2024;winter;DomesticGoose;3
17/03/2024;4;16;35;08:50:00;N;Empoli_Serravalle;2024;winter;Mallard;2
17/03/2024;4;16;35;08:50:00;N;Empoli_Serravalle;2024;winter;MuscovyDuck;2
17/03/2024;4;16;35;08:50:00;N;Empoli_Serravalle;2024;winter;Shelduck;1
17/03/2024;4;16;35;08:50:00;N;Empoli_Serravalle;2024;winter;Human;3
17/03/2024;4;16;35;09:34:00;N;Empoli_Serravalle;2024;winter;Human;2
17/03/2024;4;16;35;09:34:00;N;Empoli_Serravalle;2024;winter;Coypu;2
17/03/2024;4;16;35;09:34:00;N;Empoli_Serravalle;2024;winter;SwanGoose;1
17/03/2024;4;16;35;09:34:00;N;Empoli_Serravalle;2024;winter;DomesticGoose;3
17/03/2024;4;16;35;09:51:00;N;Empoli_Serravalle;2024;winter;Mallard;2
17/03/2024;4;16;35;09:58:00;N;Bagnese;2024;winter;Blackbird;1
17/03/2024;4;16;35;11:20:00;N;Neto;2024;winter;WoodPigeon;1
17/03/2024;4;16;35;11:20:00;N;Neto;2024;winter;Human;1
17/03/2024;4;16;35;15:30:00;N;Neto;2024;winter;DomesticCat;1
17/03/2024;4;16;35;18:07:00;N;Empoli_Serravalle;2024;winter;GreyHeron;1
17/03/2024;4;16;35;18:07:00;N;Empoli_Serravalle;2024;winter;EurasianMagpie;2
17/03/2024;4;16;35;18:17:00;N;Empoli_Serravalle;2024;winter;SwanGoose;1
17/03/2024;4;16;35;18:17:00;N;Empoli_Serravalle;2024;winter;DomesticGoose;3
17/03/2024;4;16;35;18:17:00;N;Empoli_Serravalle;2024;winter;Coypu;2
17/03/2024;4;16;35;18:17:00;N;Empoli_Serravalle;2024;winter;Human;4
17/03/2024;4;16;35;18:41:00;N;Empoli_Serravalle;2024;winter;Mallard;2
17/03/2024;4;16;35;18:57:00;N;Bagnese;2024;winter;DomesticCat;1
17/03/2024;4;16;35;19:31:00;N;Empoli_Serravalle;2024;winter;Coypu;1
17/03/2024;4;16;35;19:53:00;N;CasaDiMartino;2024;winter;CrestedPorcupine;1
17/03/2024;4;16;35;20:27:00;N;Empoli_Serravalle;2024;winter;Coypu;1
17/03/2024;4;16;35;21:21:00;N;Empoli_Serravalle;2024;winter;Coypu;1
17/03/2024;4;16;35;21:41:00;N;CasaDiMartino;2024;winter;EuropeanBadger;1
17/03/2024;4;16;35;22:01:00;N;Empoli_Serravalle;2024;winter;Coypu;1
17/03/2024;4;16;35;22:48:00;N;Empoli_Serravalle;2024;winter;Coypu;1
17/03/2024;4;16;35;23:19:00;N;Empoli_Serravalle;2024;winter;Coypu;1
17/03/2024;4;16;35;23:57:00;N;Empoli_Serravalle;2024;winter;Coypu;1
18/03/2024;3;17;35;00:18:00;N;Empoli_Serravalle;2024;winter;Coypu;1
18/03/2024;3;17;35;01:28:00;N;Empoli_Serravalle;2024;winter;Coypu;1
18/03/2024;3;17;35;02:06:00;N;Empoli_Serravalle;2024;winter;Coypu;1
18/03/2024;3;17;35;05:41:00;N;Impruneta;2024;winter;RedFox;1
18/03/2024;3;17;35;06:47:00;N;Empoli_Serravalle;2024;winter;GreyHeron;1
18/03/2024;3;17;35;06:47:00;N;Empoli_Serravalle;2024;winter;Coypu;1
18/03/2024;3;17;35;07:45:00;N;Empoli_Serravalle;2024;winter;Coypu;1
18/03/2024;3;17;35;07:56:00;N;Empoli_Serravalle;2024;winter;SwanGoose;1
18/03/2024;3;17;35;07:56:00;N;Empoli_Serravalle;2024;winter;DomesticGoose;3
18/03/2024;3;17;35;07:57:00;N;Empoli_Serravalle;2024;winter;Human;1
18/03/2024;3;17;35;08:03:00;N;Empoli_Serravalle;2024;winter;Mallard;2
18/03/2024;3;17;35;08:18:00;N;Empoli_Serravalle;2024;winter;Coypu;1
18/03/2024;3;17;35;08:33:00;N;Empoli_Serravalle;2024;winter;SwanGoose;1
18/03/2024;3;17;35;08:33:00;N;Empoli_Serravalle;2024;winter;DomesticGoose;3
18/03/2024;3;17;35;08:43:00;N;Empoli_Serravalle;2024;winter;DomesticDog;1
18/03/2024;3;17;35;08:43:00;N;Empoli_Serravalle;2024;winter;Human;1
18/03/2024;3;17;35;08:53:00;N;Empoli_Serravalle;2024;winter;Coypu;1
18/03/2024;3;17;35;08:53:00;N;Empoli_Serravalle;2024;winter;Mallard;2
18/03/2024;3;17;35;09:20:00;N;Empoli_Serravalle;2024;winter;Coypu;2
18/03/2024;3;17;35;09:41:00;N;Empoli_Serravalle;2024;winter;Mallard;2
18/03/2024;3;17;35;16:02:00;N;Empoli_Serravalle;2024;winter;GreyHeron;1
18/03/2024;3;17;35;16:42:00;N;Empoli_Serravalle;2024;winter;MuscovyDuck;1
18/03/2024;3;17;35;16:42:00;N;Empoli_Serravalle;2024;winter;Shelduck;1
18/03/2024;3;17;35;17:08:00;N;Empoli_Serravalle;2024;winter;Coypu;1
18/03/2024;3;17;35;18:17:00;N;Bagnese;2024;winter;EurasianRobin;1
18/03/2024;3;17;35;18:44:00;N;Empoli_Serravalle;2024;winter;Coypu;2
18/03/2024;3;17;35;18:49:00;N;Empoli_Serravalle;2024;winter;Human;2
18/03/2024;3;17;35;19:59:00;N;Empoli_Serravalle;2024;winter;RedFox;1
18/03/2024;3;17;35;20:01:00;N;Empoli_Serravalle;2024;winter;Coypu;1
18/03/2024;3;17;35;21:17:00;N;Empoli_Serravalle;2024;winter;RedFox;1
18/03/2024;3;17;35;23:46:00;N;Empoli_Serravalle;2024;winter;Coypu;1
19/03/2024;3;18;35;00:36:00;N;Empoli_Serravalle;2024;winter;Coypu;1
19/03/2024;3;18;35;01:18:00;N;Empoli_Serravalle;2024;winter;Coypu;1
19/03/2024;3;18;35;02:15:00;N;Empoli_Serravalle;2024;winter;Coypu;2
19/03/2024;3;18;35;02:39:00;N;Empoli_Serravalle;2024;winter;RedFox;1
19/03/2024;3;18;35;03:11:00;N;Empoli_Serravalle;2024;winter;Coypu;1
19/03/2024;3;18;35;06:25:00;N;Empoli_Serravalle;2024;winter;DomesticGoose;3
19/03/2024;3;18;35;06:25:00;N;Empoli_Serravalle;2024;winter;SwanGoose;1
19/03/2024;3;18;35;06:36:00;N;Impruneta;2024;winter;RedFox;1
19/03/2024;3;18;35;06:52:00;N;Empoli_Serravalle;2024;winter;EurasianMagpie;1
19/03/2024;3;18;35;07:04:00;N;Empoli_Serravalle;2024;winter;DomesticGoose;3
19/03/2024;3;18;35;07:04:00;N;Empoli_Serravalle;2024;winter;SwanGoose;1
19/03/2024;3;18;35;07:41:00;N;Empoli_Serravalle;2024;winter;DomesticGoose;3
19/03/2024;3;18;35;07:41:00;N;Empoli_Serravalle;2024;winter;SwanGoose;1
19/03/2024;3;18;35;07:49:00;N;Bagnese;2024;winter;RoeDeer;2
19/03/2024;3;18;35;08:08:00;N;Empoli_Serravalle;2024;winter;Human;1
19/03/2024;3;18;35;08:08:00;N;Empoli_Serravalle;2024;winter;Mallard;1
19/03/2024;3;18;35;08:08:00;N;Empoli_Serravalle;2024;winter;Coypu;1
19/03/2024;3;18;35;08:18:00;N;Empoli_Serravalle;2024;winter;DomesticGoose;3
19/03/2024;3;18;35;08:18:00;N;Empoli_Serravalle;2024;winter;SwanGoose;1
19/03/2024;3;18;35;08:57:00;N;Empoli_Serravalle;2024;winter;DomesticGoose;3
19/03/2024;3;18;35;08:57:00;N;Empoli_Serravalle;2024;winter;SwanGoose;1
19/03/2024;3;18;35;08:57:00;N;Empoli_Serravalle;2024;winter;DomesticDog;1
19/03/2024;3;18;35;09:28:00;N;Empoli_Serravalle;2024;winter;Coypu;1
19/03/2024;3;18;35;09:28:00;N;Empoli_Serravalle;2024;winter;DomesticGoose;3
19/03/2024;3;18;35;09:28:00;N;Empoli_Serravalle;2024;winter;SwanGoose;1
19/03/2024;3;18;35;09:39:00;N;Empoli_Serravalle;2024;winter;Human;1
19/03/2024;3;18;35;09:39:00;N;Empoli_Serravalle;2024;winter;AmericanPondSlider;4
19/03/2024;3;18;35;09:52:00;N;Empoli_Serravalle;2024;winter;Coypu;2
19/03/2024;3;18;35;11:57:00;N;Lastra2;2024;winter;Human;2
19/03/2024;3;18;35;11:58:00;N;Lastra2;2024;winter;Human;2
19/03/2024;3;18;35;15:03:00;N;Lastra2;2024;winter;Human;1
19/03/2024;3;18;35;16:05:00;N;Empoli_Serravalle;2024;winter;AmericanPondSlider;1
19/03/2024;3;18;35;16:05:00;N;Empoli_Serravalle;2024;winter;SwanGoose;1
19/03/2024;3;18;35;16:05:00;N;Empoli_Serravalle;2024;winter;DomesticGoose;1
19/03/2024;3;18;35;16:07:00;N;Empoli_Serravalle;2024;winter;DomesticDog;1
19/03/2024;3;18;35;16:07:00;N;Empoli_Serravalle;2024;winter;Human;1
19/03/2024;3;18;35;17:37:00;N;Empoli_Serravalle;2024;winter;Human;3
19/03/2024;3;18;35;18:08:00;N;Bagnese;2024;winter;Blackbird;1
19/03/2024;3;18;35;18:24:00;N;Empoli_Serravalle;2024;winter;Coypu;1
19/03/2024;3;18;35;18:28:00;N;CasaDiMartino;2024;winter;DomesticDog;1
19/03/2024;3;18;35;18:32:00;N;Empoli_Serravalle;2024;winter;Mallard;2
19/03/2024;3;18;35;18:34:00;N;Empoli_Serravalle;2024;winter;Human;1
19/03/2024;3;18;35;18:43:00;N;Empoli_Serravalle;2024;winter;DomesticDog;1
19/03/2024;3;18;35;18:43:00;N;Empoli_Serravalle;2024;winter;Human;1
19/03/2024;3;18;35;18:54:00;N;Empoli_Serravalle;2024;winter;Coypu;2
19/03/2024;3;18;35;19:11:00;N;Empoli_Serravalle;2024;winter;Mallard;2
19/03/2024;3;18;35;19:35:00;N;Empoli_Serravalle;2024;winter;Coypu;1
19/03/2024;3;18;35;20:26:00;N;Empoli_Serravalle;2024;winter;Coypu;2
19/03/2024;3;18;35;21:09:00;N;Empoli_Serravalle;2024;winter;RedFox;1
19/03/2024;3;18;35;22:14:00;N;Empoli_Serravalle;2024;winter;Coypu;1
19/03/2024;3;18;35;23:30:00;N;Empoli_Serravalle;2024;winter;Coypu;1
19/03/2024;3;18;35;23:53:00;N;Empoli_Serravalle;2024;winter;Coypu;1
20/03/2024;3;19;35;00:47:00;N;Empoli_Serravalle;2024;winter;Coypu;1
20/03/2024;3;19;35;01:01:00;N;Empoli_Serravalle;2024;winter;RedFox;1
20/03/2024;3;19;35;02:06:00;N;Empoli_Serravalle;2024;winter;Coypu;1
20/03/2024;3;19;35;03:49:00;N;Empoli_Serravalle;2024;winter;RedFox;1
20/03/2024;3;19;35;04:17:00;N;Empoli_Serravalle;2024;winter;RedFox;1
20/03/2024;3;19;35;05:55:00;N;Empoli_Serravalle;2024;winter;DomesticGoose;3
20/03/2024;3;19;35;05:55:00;N;Empoli_Serravalle;2024;winter;SwanGoose;1
20/03/2024;3;19;35;05:55:00;N;Empoli_Serravalle;2024;winter;EurasianMagpie;1
20/03/2024;3;19;35;06:25:00;N;Empoli_Serravalle;2024;winter;DomesticGoose;3
20/03/2024;3;19;35;06:25:00;N;Empoli_Serravalle;2024;winter;SwanGoose;1
20/03/2024;3;19;35;06:30:00;N;Empoli_Serravalle;2024;winter;Mallard;2
20/03/2024;3;19;35;06:53:00;N;Empoli_Serravalle;2024;winter;DomesticGoose;3
20/03/2024;3;19;35;06:53:00;N;Empoli_Serravalle;2024;winter;SwanGoose;1
20/03/2024;3;19;35;06:53:00;N;Empoli_Serravalle;2024;winter;Coypu;1
20/03/2024;3;19;35;07:21:00;N;Empoli_Serravalle;2024;winter;DomesticGoose;3
20/03/2024;3;19;35;07:21:00;N;Empoli_Serravalle;2024;winter;SwanGoose;1
20/03/2024;3;19;35;07:21:00;N;Empoli_Serravalle;2024;winter;Coypu;1
20/03/2024;3;19;35;07:40:00;N;Empoli_Serravalle;2024;winter;Mallard;2
20/03/2024;3;19;35;07:42:00;N;Neto;2024;winter;Mallard;2
20/03/2024;3;19;35;07:51:00;N;Empoli_Serravalle;2024;winter;DomesticGoose;3
20/03/2024;3;19;35;07:51:00;N;Empoli_Serravalle;2024;winter;SwanGoose;1
20/03/2024;3;19;35;07:51:00;N;Empoli_Serravalle;2024;winter;Coypu;1
20/03/2024;3;19;35;08:54:00;N;Neto;2024;winter;Mallard;3
20/03/2024;3;19;35;13:57:00;N;Lastra2;2024;winter;Human;1
20/03/2024;3;19;35;16:28:00;N;Neto;2024;winter;Mallard;2
20/03/2024;3;19;35;16:32:00;N;Lastra2;2024;winter;DomesticDog;1
20/03/2024;3;19;35;16:33:00;N;Lastra2;2024;winter;Human;1
20/03/2024;3;19;35;16:33:00;N;Lastra2;2024;winter;Human;1
20/03/2024;3;19;35;16:38:00;N;Lastra2;2024;winter;Human;1
20/03/2024;3;19;35;16:39:00;N;Lastra2;2024;winter;Human;1
20/03/2024;3;19;35;18:20:00;N;Neto;2024;winter;Mallard;1
20/03/2024;3;19;35;18:20:00;N;Neto;2024;winter;Human;1
20/03/2024;3;19;35;18:20:00;N;Neto;2024;winter;DomesticDog;1
20/03/2024;3;19;35;18:41:00;N;Neto;2024;winter;WoodPigeon;1
20/03/2024;3;19;35;20:20:00;N;Neto;2024;winter;DomesticCat;1
20/03/2024;3;19;35;20:38:00;N;CasaDiMartino;2024;winter;CrestedPorcupine;3
21/03/2024;3;20;50;14:35:00;N;Lastra2;2024;spring;Human;1
21/03/2024;3;20;50;17:22:00;N;Neto;2024;spring;RedSquirrel;2
21/03/2024;3;20;50;23:38:00;N;Bottai;2024;spring;RedFox;1
22/03/2024;2;21;50;01:26:00;N;Bagnese;2024;spring;RedFox;1
22/03/2024;2;21;50;06:27:00;N;Bagnese;2024;spring;SongThrush;1
22/03/2024;2;21;50;11:45:00;N;Neto;2024;spring;Human;2
22/03/2024;2;21;50;11:45:00;N;Neto;2024;spring;RingNeckedParakeet;1
22/03/2024;2;21;50;16:14:00;N;Lastra2;2024;spring;Human;1
22/03/2024;2;21;50;19:45:00;N;CasaDiMartino;2024;spring;EuropeanBadger;1
22/03/2024;2;21;50;20:03:00;N;CasaDiMartino;2024;spring;CrestedPorcupine;1
22/03/2024;2;21;50;22:15:00;N;Bottai;2024;spring;DomesticCat;1
22/03/2024;2;21;50;22:46:00;N;CasaDiMartino;2024;spring;CrestedPorcupine;1
23/03/2024;2;22;50;02:23:00;N;Bottai;2024;spring;DomesticCat;1
23/03/2024;2;22;50;02:28:00;N;CasaDiMartino;2024;spring;CrestedPorcupine;1
23/03/2024;2;22;50;03:10:00;N;Neto;2024;spring;StoneMarten;1
23/03/2024;2;22;50;03:35:00;N;Bagnese;2024;spring;DomesticCat;1
23/03/2024;2;22;50;03:35:00;N;Bagnese;2024;spring;StoneMarten;1
23/03/2024;2;22;50;08:23:00;N;CasaDiMartino;2024;spring;HoodedCrow;1
23/03/2024;2;22;50;11:00:00;N;Lastra2;2024;spring;Human;1
23/03/2024;2;22;50;13:29:00;N;Neto;2024;spring;DomesticCat;1
23/03/2024;2;22;50;16:57:00;N;Lastra2;2024;spring;Human;1
23/03/2024;2;22;50;16:57:00;N;Lastra2;2024;spring;Human;1
24/03/2024;2;23;50;03:28:00;N;Bagnese;2024;spring;Human;1
24/03/2024;2;23;50;06:26:00;N;Lastra2;2024;spring;Human;2
24/03/2024;2;23;50;08:46:00;N;Lastra2;2024;spring;DomesticDog;1
24/03/2024;2;23;50;09:04:00;N;Neto;2024;spring;Human;6
24/03/2024;2;23;50;12:24:00;N;Lastra2;2024;spring;Human;1
24/03/2024;2;23;50;19:52:00;N;CasaDiMartino;2024;spring;CrestedPorcupine;1
24/03/2024;2;23;50;20:14:00;N;Bagnese;2024;spring;RoeDeer;1
24/03/2024;2;23;50;21:46:00;N;Bagnese;2024;spring;RedFox;1
25/03/2024;2;24;50;02:35:00;N;Bagnese;2024;spring;DomesticCat;1
25/03/2024;2;24;50;02:37:00;N;Bagnese;2024;spring;CrestedPorcupine;2
25/03/2024;2;24;50;05:27:00;N;Bagnese;2024;spring;CrestedPorcupine;2
25/03/2024;2;24;50;06:55:00;N;Lastra2;2024;spring;Human;2
25/03/2024;2;24;50;09:56:00;N;Neto;2024;spring;RedSquirrel;1
25/03/2024;2;24;50;10:14:00;N;Neto;2024;spring;Blackbird;1
25/03/2024;2;24;50;10:19:00;N;Neto;2024;spring;Human;2
25/03/2024;2;24;50;11:03:00;N;Neto;2024;spring;EurasianMagpie;2
25/03/2024;2;24;50;16:09:00;N;Lastra2;2024;spring;DomesticDog;2
25/03/2024;2;24;50;16:55:00;N;Empoli_Serravalle;2024;spring;Coypu;2
25/03/2024;2;24;50;16:55:00;N;Empoli_Serravalle;2024;spring;Mallard;2
25/03/2024;2;24;50;16:55:00;N;Empoli_Serravalle;2024;spring;DomesticGoose;3
25/03/2024;2;24;50;16:55:00;N;Empoli_Serravalle;2024;spring;SwanGoose;1
25/03/2024;2;24;50;16:55:00;N;Empoli_Serravalle;2024;spring;Human;1
25/03/2024;2;24;50;17:44:00;N;Empoli_Serravalle;2024;spring;Human;4
25/03/2024;2;24;50;17:44:00;N;Empoli_Serravalle;2024;spring;Coypu;2
25/03/2024;2;24;50;17:44:00;N;Empoli_Serravalle;2024;spring;DomesticDog;1
25/03/2024;2;24;50;21:37:00;N;CasaDiMartino;2024;spring;EuropeanBadger;1
25/03/2024;2;24;50;22:03:00;N;CasaDiMartino;2024;spring;EuropeanBadger;1
25/03/2024;2;24;50;22:38:00;N;CasaDiMartino;2024;spring;CrestedPorcupine;1
26/03/2024;2;25;50;19:40:00;N;Lastra2;2024;spring;Human;1
26/03/2024;2;25;50;20:42:00;N;Empoli_Serravalle;2024;spring;DomesticDog;1
26/03/2024;2;25;50;20:54:00;N;Empoli_Serravalle;2024;spring;RedFox;1
26/03/2024;2;25;50;20:59:00;N;CasaDiMartino;2024;spring;CrestedPorcupine;1
27/03/2024;1;26;50;00:40:00;N;Bagnese;2024;spring;RedFox;1
27/03/2024;1;26;50;08:21:00;N;Bagnese;2024;spring;RoeDeer;1
27/03/2024;1;26;50;08:40:00;N;Bagnese;2024;spring;Blackbird;1
27/03/2024;1;26;50;09:20:00;N;Bagnese;2024;spring;RedSquirrel;1
27/03/2024;1;26;50;17:47:00;N;Empoli_Serravalle;2024;spring;MuscovyDuck;1
27/03/2024;1;26;50;17:47:00;N;Empoli_Serravalle;2024;spring;Shelduck;1
27/03/2024;1;26;50;18:17:00;N;Bagnese;2024;spring;RoeDeer;1
27/03/2024;1;26;50;18:58:00;N;Bagnese;2024;spring;RoeDeer;1
27/03/2024;1;26;50;19:07:00;N;Empoli_Serravalle;2024;spring;Coypu;1
27/03/2024;1;26;50;19:30:00;N;CasaDiMartino;2024;spring;"CrestedPorcupine	";1
27/03/2024;1;26;50;19:33:00;N;CasaDiMartino;2024;spring;CrestedPorcupine;1
28/03/2024;1;27;50;02:40:00;N;Bagnese;2024;spring;RoeDeer;1
28/03/2024;1;27;50;05:56:00;N;Empoli_Serravalle;2024;spring;Coypu;1
28/03/2024;1;27;50;08:10:00;N;Empoli_Serravalle;2024;spring;Coypu;1
28/03/2024;1;27;50;08:30:00;N;Empoli_Serravalle;2024;spring;Mallard;3
28/03/2024;1;27;50;08:30:00;N;Empoli_Serravalle;2024;spring;DomesticGoose;3
28/03/2024;1;27;50;08:30:00;N;Empoli_Serravalle;2024;spring;SwanGoose;1
28/03/2024;1;27;50;08:49:00;N;Empoli_Serravalle;2024;spring;Coypu;2
28/03/2024;1;27;50;09:01:00;N;Empoli_Serravalle;2024;spring;Human;2
28/03/2024;1;27;50;09:01:00;N;Empoli_Serravalle;2024;spring;DomesticDog;2
28/03/2024;1;27;50;09:07:00;N;Empoli_Serravalle;2024;spring;Mallard;2
28/03/2024;1;27;50;09:12:00;N;Empoli_Serravalle;2024;spring;DomesticGoose;3
28/03/2024;1;27;50;09:13:00;N;Empoli_Serravalle;2024;spring;SwanGoose;1
28/03/2024;1;27;50;15:54:00;N;Neto;2024;spring;EurasianMagpie;2
28/03/2024;1;27;50;19:46:00;N;CasaDiMartino;2024;spring;DomesticCat;1
29/03/2024;1;28;100;04:45:00;N;Bagnese;2024;spring;WildBoar;1
29/03/2024;1;28;100;05:06:00;N;Bagnese;2024;spring;WildBoar;1
29/03/2024;1;28;100;06:42:00;N;Bagnese;2024;spring;WildBoar;1
29/03/2024;1;28;100;10:47:00;N;Neto;2024;spring;WoodPigeon;4
29/03/2024;1;28;100;12:17:00;N;Lastra2;2024;spring;Human;1
29/03/2024;1;28;100;15:12:00;N;Neto;2024;spring;RedSquirrel;1
29/03/2024;1;28;100;16:00:00;N;Lastra2;2024;spring;Human;1
29/03/2024;1;28;100;17:27:00;N;Neto;2024;spring;RedSquirrel;1
29/03/2024;1;28;100;17:31:00;N;Neto;2024;spring;Human;1
29/03/2024;1;28;100;17:31:00;N;Neto;2024;spring;WoodPigeon;2
29/03/2024;1;28;100;17:44:00;N;CasaDiMartino;2024;spring;Human;1
29/03/2024;1;28;100;19:24:00;N;CasaDiMartino;2024;spring;CrestedPorcupine;3
29/03/2024;1;28;100;19:26:00;N;CasaDiMartino;2024;spring;CrestedPorcupine;3
29/03/2024;1;28;100;19:27:00;N;CasaDiMartino;2024;spring;CrestedPorcupine;2
29/03/2024;1;28;100;22:59:00;N;Bagnese;2024;spring;Redfox;1
29/03/2024;1;28;100;23:57:00;N;Bagnese;2024;spring;RoeDeer;1
30/03/2024;1;29;100;01:00:00;N;Bagnese;2024;spring;Redfox;1
30/03/2024;1;29;100;03:12:00;N;CasaDiMartino;2024;spring;CrestedPorcupine;1
30/03/2024;1;29;100;07:21:00;N;Lastra2;2024;spring;Human;1
30/03/2024;1;29;100;07:22:00;N;Lastra2;2024;spring;Human;1
30/03/2024;1;29;100;07:28:00;N;Lastra2;2024;spring;Human;1
30/03/2024;1;29;100;07:31:00;N;Lastra2;2024;spring;DomesticDog;1
30/03/2024;1;29;100;09:25:00;N;Lastra2;2024;spring;DomesticDog;1
30/03/2024;1;29;100;09:47:00;N;Neto;2024;spring;GreenWoodpecker;1
30/03/2024;1;29;100;13:10:00;N;Neto;2024;spring;Human;2
30/03/2024;1;29;100;20:56:00;N;Bagnese;2024;spring;DomesticCat;1
30/03/2024;1;29;100;23:24:00;N;Bagnese;2024;spring;Redfox;1
31/03/2024;1;1;100;02:53:00;N;Bagnese;2024;spring;Wildboar;1
31/03/2024;1;1;100;03:12:00;N;Bagnese;2024;spring;Wildboar;1
31/03/2024;1;1;100;10:12:00;N;Lastra2;2024;spring;Human;1
31/03/2024;1;1;100;10:33:00;N;Lastra2;2024;spring;Human;1
31/03/2024;1;1;100;10:33:00;N;Lastra2;2024;spring;Human;2
31/03/2024;1;1;100;10:34:00;N;Lastra2;2024;spring;DomesticDog;1
31/03/2024;1;1;100;14:57:00;N;Lastra2;2024;spring;Human;1
31/03/2024;1;1;100;15:37:00;N;Lastra2;2024;spring;Human;4
05/09/2023;2;23;0;01:26:29;N;Ponteallindiano2;2023;summer;CrestedPorcupine;2
10/09/2023;1;28;50;09:00:00;N;Scandicci_Acciaiolo;2023;summer;Blackbird;1
10/09/2023;1;28;50;09:01:00;N;Scandicci_Acciaiolo;2023;summer;Blackbird;2
10/09/2023;1;28;50;09:16:00;N;Scandicci_Acciaiolo;2023;summer;EurasianRobin;1
10/09/2023;1;28;50;09:20:00;N;Scandicci_Acciaiolo;2023;summer;Blackbird;1
10/09/2023;1;28;50;09:31:00;N;Scandicci_Acciaiolo;2023;summer;EurasianRobin;1
10/10/2023;1;1;50;09:43:00;N;Scandicci_Acciaiolo;2023;autumn;Blackbird;2
10/10/2023;1;1;50;09:52:00;N;Scandicci_Acciaiolo;2023;autumn;Blackbird;2
10/10/2023;1;1;50;09:53:00;N;Scandicci_Acciaiolo;2023;autumn;GreenWoodpecker;1
10/10/2023;1;1;50;09:53:00;N;Scandicci_Acciaiolo;2023;autumn;Blackbird;1
31/10/2023;2;22;15;21:55:00;N;Scandicci_Acciaiolo;2023;autumn;EuropeanHare;1
01/11/2023;2;23;50;00:13:00;N;Scandicci_Acciaiolo;2023;autumn;EuropeanHare;1
01/11/2023;2;23;50;01:27:00;N;CasaDiMartino;2023;autumn;CrestedPorcupine;1
01/11/2023;2;23;50;01:31:00;N;Empoli_Serravalle;2023;autumn;RedFox;1
01/11/2023;2;23;50;01:34:00;N;Compiobbi;2023;autumn;Wildboar;1
01/11/2023;2;23;50;01:35:00;N;Compiobbi;2023;autumn;Wildboar;1
01/11/2023;2;23;50;01:36:00;N;Compiobbi;2023;autumn;Wildboar;2
01/11/2023;2;23;50;01:43:00;N;Capellino_1;2023;autumn;RedFox;1
01/11/2023;2;23;50;02:10:00;N;Compiobbi;2023;autumn;GreyWolf;1
01/11/2023;2;23;50;02:23:00;N;CasaDiMartino;2023;autumn;CrestedPorcupine;1
01/11/2023;2;23;50;03:52:00;N;CasaDiMartino;2023;autumn;RedFox;1
01/11/2023;2;23;50;05:04:00;N;VillaStacchini1;2023;autumn;CommonPheasant;1
01/11/2023;2;23;50;05:06:00;N;VillaStacchini1;2023;autumn;CommonPheasant;1
01/11/2023;2;23;50;05:39:00;N;VillaStacchini1;2023;autumn;CommonPheasant;1
01/11/2023;2;23;50;08:38:00;N;Scandicci_Acciaiolo;2023;autumn;CommonPheasant;1
01/11/2023;2;23;50;09:43:00;N;CasaDiMartino;2023;autumn;DomesticDog;1
01/11/2023;2;23;50;11:31:00;N;Compiobbi;2023;autumn;Blackbird;2
01/11/2023;2;23;50;11:46:00;N;Capellino_1;2023;autumn;DomesticDog;1
01/11/2023;2;23;50;14:56:00;N;Compiobbi;2023;autumn;DomesticCat;1
01/11/2023;2;23;50;19:11:00;N;Compiobbi;2023;autumn;Wildboar;2
01/11/2023;2;23;50;19:12:00;N;Compiobbi;2023;autumn;Wildboar;2
01/11/2023;2;23;50;19:15:00;N;Compiobbi;2023;autumn;Wildboar;1
01/11/2023;2;23;50;19:16:00;N;Compiobbi;2023;autumn;Wildboar;1
01/11/2023;2;23;50;19:17:00;N;Compiobbi;2023;autumn;Wildboar;1
01/11/2023;2;23;50;19:18:00;N;Compiobbi;2023;autumn;Wildboar;1
01/11/2023;2;23;50;19:20:00;N;Compiobbi;2023;autumn;Wildboar;3
02/11/2023;2;24;50;00:51:00;N;CasaDiMartino;2023;autumn;CrestedPorcupine;1
02/11/2023;2;24;50;00:52:00;N;CasaDiMartino;2023;autumn;DomesticCat;1
02/11/2023;2;24;50;00:55:00;N;CasaDiMartino;2023;autumn;CrestedPorcupine;1
02/11/2023;2;24;50;01:34:00;N;Scandicci_Acciaiolo;2023;autumn;EuropeanHare;1
02/11/2023;2;24;50;02:21:00;N;Capellino_1;2023;autumn;RedFox;1
02/11/2023;2;24;50;02:51:00;N;CasaDiMartino;2023;autumn;CrestedPorcupine;1
02/11/2023;2;24;50;05:07:00;N;VillaStacchini1;2023;autumn;CommonPheasant;1
02/11/2023;2;24;50;05:13:00;N;VillaStacchini1;2023;autumn;CommonPheasant;1
02/11/2023;2;24;50;05:43:00;N;CasaDiMartino;2023;autumn;CrestedPorcupine;1
02/11/2023;2;24;50;06:02:00;N;CasaDiMartino;2023;autumn;CrestedPorcupine;1
02/11/2023;2;24;50;18:36:00;N;Compiobbi;2023;autumn;Wildboar;2
02/11/2023;2;24;50;18:37:00;N;Compiobbi;2023;autumn;Wildboar;1
02/11/2023;2;24;50;18:38:00;N;Compiobbi;2023;autumn;Wildboar;1
02/11/2023;2;24;50;18:39:00;N;Compiobbi;2023;autumn;Wildboar;1
02/11/2023;2;24;50;18:42:00;N;Compiobbi;2023;autumn;Wildboar;2
02/11/2023;2;24;50;18:43:00;N;Compiobbi;2023;autumn;Wildboar;1
02/11/2023;2;24;50;18:44:00;N;Compiobbi;2023;autumn;Wildboar;1
02/11/2023;2;24;50;18:45:00;N;Compiobbi;2023;autumn;Wildboar;3
02/11/2023;2;24;50;20:41:00;N;Scandicci_Acciaiolo;2023;autumn;Hedgehog;1
02/11/2023;2;24;50;20:51:00;N;CasaDiMartino;2023;autumn;EuropeanBadger;1
02/11/2023;2;24;50;21:40:00;N;Compiobbi;2023;autumn;Wildboar;3
02/11/2023;2;24;50;23:09:00;N;Fiesole;2023;autumn;Wildboar;1
03/11/2023;2;25;50;00:20:00;N;Capellino_1;2023;autumn;RedFox;1
03/11/2023;2;25;50;04:09:00;N;VillaStacchini1;2023;autumn;DomesticCat;1
03/11/2023;2;25;50;04:19:00;N;VillaStacchini1;2023;autumn;CrestedPorcupine;1
03/11/2023;2;25;50;04:59:00;N;CasaDiMartino;2023;autumn;CrestedPorcupine;1
03/11/2023;2;25;50;05:19:00;N;VillaStacchini1;2023;autumn;CommonPheasant;1
03/11/2023;2;25;50;05:55:00;N;CasaDiMartino;2023;autumn;EuropeanBadger;1
03/11/2023;2;25;50;15:17:00;N;Capellino_1;2023;autumn;EurasianMagpie;2
03/11/2023;2;25;50;17:38:00;N;Capellino_1;2023;autumn;Human;3
03/11/2023;2;25;50;17:38:00;N;Capellino_1;2023;autumn;Human;2
03/11/2023;2;25;50;17:38:00;N;Capellino_1;2023;autumn;HoodedCrow;1
03/11/2023;2;25;50;18:37:00;N;Scandicci_Acciaiolo;2023;autumn;EuropeanHare;1
04/11/2023;1;26;35;03:15:00;N;Capellino_1;2023;autumn;RedFox;1
04/11/2023;1;26;35;04:14:00;N;Capellino_1;2023;autumn;RedFox;1
04/11/2023;1;26;35;07:21:00;N;Compiobbi;2023;autumn;RedFox;1
04/11/2023;1;26;35;07:59:00;N;Capellino_1;2023;autumn;Blackbird;1
04/11/2023;1;26;35;12:13:00;N;Capellino_1;2023;autumn;Human;1
04/11/2023;1;26;35;12:14:00;N;Capellino_1;2023;autumn;Human;3
04/11/2023;1;26;35;12:58:00;N;Capellino_1;2023;autumn;Egret;1
04/11/2023;1;26;35;13:33:00;N;Capellino_1;2023;autumn;NightHeron;1
04/11/2023;1;26;35;13:33:00;N;Capellino_1;2023;autumn;EurasianMagpie;1
04/11/2023;1;26;35;13:50:00;N;Capellino_1;2023;autumn;Human;1
04/11/2023;1;26;35;21:20:00;N;Fiesole;2023;autumn;Wildboar;2
04/11/2023;1;26;35;22:07:00;N;CasaDiMartino;2023;autumn;CrestedPorcupine;1
04/11/2023;1;26;35;22:07:00;N;CasaDiMartino;2023;autumn;CrestedPorcupine;1
04/11/2023;1;26;35;23:54:00;N;CasaDiMartino;2023;autumn;CrestedPorcupine;1
04/11/2023;1;26;35;23:54:00;N;CasaDiMartino;2023;autumn;CrestedPorcupine;1
05/11/2023;1;27;35;00:06:00;N;CasaDiMartino;2023;autumn;RedFox;1
05/11/2023;1;27;35;00:06:00;N;CasaDiMartino;2023;autumn;RedFox;1
05/11/2023;1;27;35;01:04:00;N;CasaDiMartino;2023;autumn;RedFox;1
05/11/2023;1;27;35;01:04:00;N;CasaDiMartino;2023;autumn;RedFox;1
05/11/2023;1;27;35;19:21:00;N;Compiobbi;2023;autumn;RedFox;1
05/11/2023;1;27;35;21:40:00;N;Scandicci_Acciaiolo;2023;autumn;EuropeanHare;1
05/11/2023;1;27;35;21:53:00;N;Scandicci_Acciaiolo;2023;autumn;EuropeanHare;1
05/11/2023;1;27;35;21:53:00;N;Scandicci_Acciaiolo;2023;autumn;EuropeanBadger;1
05/11/2023;1;27;35;22:00:00;N;Scandicci_Acciaiolo;2023;autumn;EuropeanHare;1
05/11/2023;1;27;35;22:07:00;N;Scandicci_Acciaiolo;2023;autumn;EuropeanHare;1
05/11/2023;1;27;35;22:07:00;N;Scandicci_Acciaiolo;2023;autumn;EuropeanBadger;1
05/11/2023;1;27;35;22:07:00;N;Compiobbi;2023;autumn;Wildboar;1
05/11/2023;1;27;35;22:08:00;N;Compiobbi;2023;autumn;Wildboar;2
05/11/2023;1;27;35;22:21:00;N;Scandicci_Acciaiolo;2023;autumn;EuropeanHare;1
06/11/2023;1;28;35;02:45:00;N;CasaDiMartino;2023;autumn;RedFox;1
06/11/2023;1;28;35;02:45:00;N;CasaDiMartino;2023;autumn;RedFox;1
06/11/2023;1;28;35;03:03:00;N;Compiobbi;2023;autumn;RedFox;1
06/11/2023;1;28;35;03:55:00;N;CasaDiMartino;2023;autumn;CrestedPorcupine;1
06/11/2023;1;28;35;03:55:00;N;CasaDiMartino;2023;autumn;CrestedPorcupine;1
06/11/2023;1;28;35;06:00:00;N;CasaDiMartino;2023;autumn;RedFox;1
06/11/2023;1;28;35;06:00:00;N;CasaDiMartino;2023;autumn;RedFox;1
06/11/2023;1;28;35;07:47:00;N;Scandicci_Acciaiolo;2023;autumn;CommonPheasant;1
06/11/2023;1;28;35;20:09:00;N;Scandicci_Acciaiolo;2023;autumn;EuropeanHare;1
06/11/2023;1;28;35;20:41:00;N;Compiobbi;2023;autumn;Wildboar;1
06/11/2023;1;28;35;20:47:00;N;Compiobbi;2023;autumn;Wildboar;1
06/11/2023;1;28;35;21:29:00;N;Compiobbi;2023;autumn;Wildboar;1
06/11/2023;1;28;35;22:00:00;N;Scandicci_Acciaiolo;2023;autumn;EuropeanBadger;1
06/11/2023;1;28;35;22:09:00;N;Compiobbi;2023;autumn;Wildboar;3
06/11/2023;1;28;35;22:50:00;N;Scandicci_Acciaiolo;2023;autumn;EuropeanHare;1
06/11/2023;1;28;35;22:50:00;N;Scandicci_Acciaiolo;2023;autumn;EuropeanHare;1
06/11/2023;1;28;35;22:55:00;N;Scandicci_Acciaiolo;2023;autumn;EuropeanHare;1
07/11/2023;1;29;35;03:27:00;N;Compiobbi;2023;autumn;RedFox;1
07/11/2023;1;29;35;03:45:00;N;Scandicci_Acciaiolo;2023;autumn;EuropeanBadger;1
07/11/2023;1;29;35;06:39:00;N;Compiobbi;2023;autumn;RedFox;1
07/11/2023;1;29;35;08:56:00;N;Scandicci_Acciaiolo;2023;autumn;EurasianRobin;1
07/11/2023;1;29;35;18:13:00;N;Scandicci_Acciaiolo;2023;autumn;EurasianRobin;1
07/11/2023;1;29;35;20:48:00;N;Compiobbi;2023;autumn;Wildboar;1
07/11/2023;1;29;35;21:26:00;N;Compiobbi;2023;autumn;RedFox;1
07/11/2023;1;29;35;22:15:00;N;Compiobbi;2023;autumn;Wildboar;1
07/11/2023;1;29;35;22:42:00;N;Fiesole;2023;autumn;Wildboar;1
08/11/2023;1;1;35;00:12:00;N;CasaDiMartino;2023;autumn;EuropeanBadger;1
08/11/2023;1;1;35;00:12:00;N;CasaDiMartino;2023;autumn;EuropeanBadger;1
08/11/2023;1;1;35;01:39:00;N;Impruneta;2023;autumn;RedFox;1
08/11/2023;1;1;35;02:45:00;N;CasaDiMartino;2023;autumn;RedFox;1
08/11/2023;1;1;35;02:45:00;N;CasaDiMartino;2023;autumn;RedFox;1
08/11/2023;1;1;35;03:38:00;N;CasaDiMartino;2023;autumn;CrestedPorcupine;2
08/11/2023;1;1;35;03:38:00;N;CasaDiMartino;2023;autumn;CrestedPorcupine;2
08/11/2023;1;1;35;03:40:00;N;CasaDiMartino;2023;autumn;CrestedPorcupine;1
08/11/2023;1;1;35;03:40:00;N;CasaDiMartino;2023;autumn;CrestedPorcupine;1
08/11/2023;1;1;35;03:53:00;N;Impruneta;2023;autumn;GreyWolf;1
08/11/2023;1;1;35;04:14:00;N;Impruneta;2023;autumn;RedFox;1
08/11/2023;1;1;35;05:47:00;N;CasaDiMartino;2023;autumn;CrestedPorcupine;1
08/11/2023;1;1;35;05:47:00;N;CasaDiMartino;2023;autumn;CrestedPorcupine;1
08/11/2023;1;1;35;19:30:00;N;Scandicci_Acciaiolo;2023;autumn;EuropeanHare;1
08/11/2023;1;1;35;19:30:00;N;Scandicci_Acciaiolo;2023;autumn;EuropeanBadger;1
08/11/2023;1;1;35;21:11:00;N;Compiobbi;2023;autumn;Wildboar;1
08/11/2023;1;1;35;22:02:00;N;Scandicci_Acciaiolo;2023;autumn;EuropeanHare;1
08/11/2023;1;1;35;22:03:00;N;Scandicci_Acciaiolo;2023;autumn;EuropeanHare;1
08/11/2023;1;1;35;22:30:00;N;Impruneta;2023;autumn;RedFox;1
09/11/2023;1;2;15;00:00:00;N;Fiesole;2023;autumn;Wildboar;1
09/11/2023;1;2;15;00:00:03;N;Fiesole;2023;autumn;Wildboar;1
09/11/2023;1;2;15;03:32:00;N;CasaDiMartino;2023;autumn;CrestedPorcupine;1
09/11/2023;1;2;15;03:32:00;N;CasaDiMartino;2023;autumn;CrestedPorcupine;1
09/11/2023;1;2;15;07:08:00;N;Compiobbi;2023;autumn;RedFox;1
09/11/2023;1;2;15;09:15:00;N;Scandicci_Acciaiolo;2023;autumn;SongThrush;1
09/11/2023;1;2;15;09:18:00;N;Scandicci_Acciaiolo;2023;autumn;SongThrush;1
09/11/2023;1;2;15;09:18:00;N;Scandicci_Acciaiolo;2023;autumn;Blackbird;2
09/11/2023;1;2;15;16:33:00;N;VillaStacchini2;2023;autumn;CommonPheasant;1
09/11/2023;1;2;15;20:32:00;N;Compiobbi;2023;autumn;RedFox;1
09/11/2023;1;2;15;21:22:00;N;CasaDiMartino;2023;autumn;RedFox;1
09/11/2023;1;2;15;21:22:00;N;CasaDiMartino;2023;autumn;RedFox;1
09/11/2023;1;2;15;21:33:00;N;Compiobbi;2023;autumn;Wildboar;1
09/11/2023;1;2;15;21:44:00;N;Compiobbi;2023;autumn;Wildboar;1
09/11/2023;1;2;15;22:37:00;N;Compiobbi;2023;autumn;Wildboar;1
10/11/2023;1;3;15;01:31:00;N;CasaDiMartino;2023;autumn;CrestedPorcupine;1
10/11/2023;1;3;15;01:31:00;N;CasaDiMartino;2023;autumn;CrestedPorcupine;1
10/11/2023;1;3;15;03:36:00;N;Impruneta;2023;autumn;RedFox;1
10/11/2023;1;3;15;05:39:00;N;CasaDiMartino;2023;autumn;CrestedPorcupine;1
10/11/2023;1;3;15;05:39:00;N;CasaDiMartino;2023;autumn;CrestedPorcupine;1
10/11/2023;1;3;15;05:40:00;N;CasaDiMartino;2023;autumn;CrestedPorcupine;1
10/11/2023;1;3;15;05:40:00;N;CasaDiMartino;2023;autumn;CrestedPorcupine;1
10/11/2023;1;3;15;06:08:00;N;Capellino_1;2023;autumn;RedFox;1
10/11/2023;1;3;15;21:24:00;N;Compiobbi;2023;autumn;Wildboar;1
10/11/2023;1;3;15;23:05:00;N;Capellino_1;2023;autumn;RedFox;1
11/11/2023;2;4;15;00:26:00;N;CasaDiMartino;2023;autumn;RedFox;1
11/11/2023;2;4;15;00:39:00;N;CasaDiMartino;2023;autumn;RedFox;1
11/11/2023;2;4;15;00:41:00;N;CasaDiMartino;2023;autumn;RedFox;1
11/11/2023;2;4;15;00:41:00;N;CasaDiMartino;2023;autumn;RedFox;1
11/11/2023;2;4;15;03:37:00;N;Compiobbi;2023;autumn;Wildboar;1
11/11/2023;2;4;15;03:38:00;N;Compiobbi;2023;autumn;Wildboar;1
11/11/2023;2;4;15;03:38:00;N;Compiobbi;2023;autumn;Wildboar;1
11/11/2023;2;4;15;03:39:00;N;Compiobbi;2023;autumn;Wildboar;1
11/11/2023;2;4;15;03:39:00;N;Compiobbi;2023;autumn;Wildboar;1
11/11/2023;2;4;15;03:40:00;N;Compiobbi;2023;autumn;Wildboar;1
11/11/2023;2;4;15;03:40:00;N;Compiobbi;2023;autumn;Wildboar;1
11/11/2023;2;4;15;03:40:00;N;Compiobbi;2023;autumn;Wildboar;1
11/11/2023;2;4;15;03:42:00;N;Compiobbi;2023;autumn;Wildboar;1
11/11/2023;2;4;15;03:44:00;N;Compiobbi;2023;autumn;Wildboar;1
11/11/2023;2;4;15;03:44:00;N;Compiobbi;2023;autumn;Wildboar;1
11/11/2023;2;4;15;03:45:00;N;Compiobbi;2023;autumn;Wildboar;1
11/11/2023;2;4;15;03:46:00;N;Compiobbi;2023;autumn;Wildboar;1
11/11/2023;2;4;15;03:47:00;N;Compiobbi;2023;autumn;Wildboar;1
11/11/2023;2;4;15;11:39:00;N;Compiobbi;2023;autumn;Wildboar;1
11/11/2023;2;4;15;19:48:00;N;Compiobbi;2023;autumn;RedFox;1
11/11/2023;2;4;15;22:38:00;N;Fiesole;2023;autumn;Wildboar;1
11/11/2023;2;4;15;23:55:00;N;Scandicci_Acciaiolo;2023;autumn;EuropeanHare;1
12/11/2023;2;5;15;04:03:00;N;CasaDiMartino;2023;autumn;RedFox;1
12/11/2023;2;5;15;04:03:00;N;CasaDiMartino;2023;autumn;RedFox;1
12/11/2023;2;5;15;04:04:00;N;CasaDiMartino;2023;autumn;RedFox;1
12/11/2023;2;5;15;04:04:00;N;CasaDiMartino;2023;autumn;RedFox;1
12/11/2023;2;5;15;04:32:00;N;Capellino_1;2023;autumn;RedFox;1
12/11/2023;2;5;15;04:42:00;N;Impruneta;2023;autumn;RedFox;1
12/11/2023;2;5;15;19:38:00;N;Compiobbi;2023;autumn;Wildboar;1
12/11/2023;2;5;15;19:38:00;N;Compiobbi;2023;autumn;Wildboar;1
12/11/2023;2;5;15;19:39:00;N;Compiobbi;2023;autumn;Wildboar;1
12/11/2023;2;5;15;19:40:00;N;Compiobbi;2023;autumn;Wildboar;1
12/11/2023;2;5;15;19:40:00;N;Compiobbi;2023;autumn;Wildboar;1
12/11/2023;2;5;15;19:41:00;N;Compiobbi;2023;autumn;Wildboar;1
12/11/2023;2;5;15;19:42:00;N;Compiobbi;2023;autumn;Wildboar;1
12/11/2023;2;5;15;19:44:00;N;Fiesole;2023;autumn;Woodmouse;1
12/11/2023;2;5;15;19:47:00;N;Compiobbi;2023;autumn;Wildboar;1
12/11/2023;2;5;15;19:52:00;N;Compiobbi;2023;autumn;Wildboar;1
12/11/2023;2;5;15;19:56:00;N;Compiobbi;2023;autumn;Wildboar;1
12/11/2023;2;5;15;19:56:00;N;Compiobbi;2023;autumn;Wildboar;1
12/11/2023;2;5;15;20:09:00;N;Fiesole;2023;autumn;Woodmouse;1
13/11/2023;2;6;15;00:10:00;N;Impruneta;2023;autumn;EuropeanBadger;1
13/11/2023;2;6;15;00:15:00;N;CasaDiMartino;2023;autumn;EuropeanBadger;1
13/11/2023;2;6;15;00:38:00;N;CasaDiMartino;2023;autumn;EuropeanBadger;1
13/11/2023;2;6;15;00:54:00;N;Scandicci_Acciaiolo;2023;autumn;EuropeanHare;1
13/11/2023;2;6;15;01:47:00;N;CasaDiMartino;2023;autumn;CrestedPorcupine;1
13/11/2023;2;6;15;03:13:00;N;Fiesole;2023;autumn;Wildboar;1
13/11/2023;2;6;15;03:44:00;N;Fiesole;2023;autumn;CrestedPorcupine;1
13/11/2023;2;6;15;06:09:00;N;Compiobbi;2023;autumn;Wildboar;1
13/11/2023;2;6;15;07:19:00;N;Scandicci_Acciaiolo;2023;autumn;EuropeanHare;1
13/11/2023;2;6;15;09:02:00;N;Fiesole;2023;autumn;Blackbird;2
13/11/2023;2;6;15;09:10:00;N;Scandicci_Acciaiolo;2023;autumn;Blackbird;2
13/11/2023;2;6;15;10:24:00;N;Compiobbi;2023;autumn;RedFox;1
13/11/2023;2;6;15;10:34:00;N;Compiobbi;2023;autumn;RoeDeer;1
13/11/2023;2;6;15;19:11:00;N;Compiobbi;2023;autumn;Wildboar;1
13/11/2023;2;6;15;19:11:00;N;Compiobbi;2023;autumn;Wildboar;1
13/11/2023;2;6;15;19:12:00;N;Compiobbi;2023;autumn;Wildboar;1
13/11/2023;2;6;15;19:13:00;N;Compiobbi;2023;autumn;Wildboar;1
13/11/2023;2;6;15;19:13:00;N;Compiobbi;2023;autumn;Wildboar;1
13/11/2023;2;6;15;19:14:00;N;Compiobbi;2023;autumn;Wildboar;1
13/11/2023;2;6;15;19:14:00;N;Compiobbi;2023;autumn;Wildboar;1
13/11/2023;2;6;15;19:15:00;N;Compiobbi;2023;autumn;Wildboar;1
13/11/2023;2;6;15;19:16:00;N;Compiobbi;2023;autumn;Wildboar;1
13/11/2023;2;6;15;19:20:00;N;Scandicci_Acciaiolo;2023;autumn;EuropeanHare;1
13/11/2023;2;6;15;20:18:00;N;Fiesole;2023;autumn;CrestedPorcupine;1
13/11/2023;2;6;20;23:33:00;N;Impruneta;2023;autumn;RedFox;1
14/11/2023;3;7;20;04:12:00;N;Capellino_1;2023;autumn;RedFox;1
14/11/2023;3;7;20;04:23:00;N;Capellino_1;2023;autumn;RedFox;1
14/11/2023;3;7;20;05:57:00;N;Compiobbi;2023;autumn;Wildboar;1
14/11/2023;3;7;20;06:04:00;N;CasaDiMartino;2023;autumn;CrestedPorcupine;1
14/11/2023;3;7;20;08:44:00;N;CasaDiMartino;2023;autumn;DomesticCat;1
14/11/2023;3;7;20;08:47:00;N;CasaDiMartino;2023;autumn;DomesticCat;1
14/11/2023;3;7;20;12:53:00;N;Compiobbi;2023;autumn;RedFox;1
14/11/2023;3;7;20;18:53:00;N;Capellino_1;2023;autumn;RingNeckedParakeet;1
14/11/2023;3;7;20;18:53:00;N;Fiesole;2023;autumn;DomesticDog;1
14/11/2023;3;7;20;20:10:00;N;CasaDiMartino;2023;autumn;CrestedPorcupine;2
14/11/2023;3;7;20;21:19:00;N;CasaDiMartino;2023;autumn;CrestedPorcupine;1
14/11/2023;3;7;20;23:24:00;N;Scandicci_Acciaiolo;2023;autumn;EuropeanHare;1
15/11/2023;3;8;20;00:14:00;N;Scandicci_Acciaiolo;2023;autumn;EuropeanHare;1
15/11/2023;3;8;20;00:34:00;N;Compiobbi;2023;autumn;RedFox;1
15/11/2023;3;8;20;01:08:00;N;Compiobbi;2023;autumn;Wildboar;1
15/11/2023;3;8;20;01:39:00;N;Scandicci_Acciaiolo;2023;autumn;EuropeanHare;1
15/11/2023;3;8;20;02:01:00;N;Scandicci_Acciaiolo;2023;autumn;EuropeanHare;1
15/11/2023;3;8;20;02:03:00;N;Compiobbi;2023;autumn;RedFox;1
15/11/2023;3;8;20;03:11:00;N;Scandicci_Acciaiolo;2023;autumn;EuropeanHare;1
15/11/2023;3;8;20;03:54:00;N;Scandicci_Acciaiolo;2023;autumn;EuropeanHare;1
15/11/2023;3;8;20;03:55:00;N;Scandicci_Acciaiolo;2023;autumn;EuropeanHare;1
15/11/2023;3;8;20;03:55:00;N;Scandicci_Acciaiolo;2023;autumn;EuropeanHare;1
15/11/2023;3;8;20;03:56:00;N;Scandicci_Acciaiolo;2023;autumn;EuropeanHare;1
15/11/2023;3;8;20;03:56:00;N;Scandicci_Acciaiolo;2023;autumn;EuropeanHare;1
15/11/2023;3;8;20;03:57:00;N;Scandicci_Acciaiolo;2023;autumn;EuropeanHare;1
15/11/2023;3;8;20;03:58:00;N;Scandicci_Acciaiolo;2023;autumn;EuropeanHare;1
15/11/2023;3;8;20;04:00:00;N;Scandicci_Acciaiolo;2023;autumn;EuropeanHare;1
15/11/2023;3;8;20;04:00:00;N;Scandicci_Acciaiolo;2023;autumn;EuropeanHare;1
15/11/2023;3;8;20;04:02:00;N;Scandicci_Acciaiolo;2023;autumn;EuropeanHare;1
15/11/2023;3;8;20;04:03:00;N;Scandicci_Acciaiolo;2023;autumn;EuropeanHare;1
15/11/2023;3;8;20;04:04:00;N;Scandicci_Acciaiolo;2023;autumn;EuropeanHare;1
15/11/2023;3;8;20;04:06:00;N;Scandicci_Acciaiolo;2023;autumn;EuropeanHare;1
15/11/2023;3;8;20;04:06:00;N;Scandicci_Acciaiolo;2023;autumn;EuropeanHare;1
15/11/2023;3;8;20;04:10:00;N;Scandicci_Acciaiolo;2023;autumn;EuropeanHare;1
15/11/2023;3;8;20;04:11:00;N;Scandicci_Acciaiolo;2023;autumn;EuropeanHare;1
15/11/2023;3;8;20;04:11:00;N;Scandicci_Acciaiolo;2023;autumn;EuropeanHare;1
15/11/2023;3;8;20;04:12:00;N;Scandicci_Acciaiolo;2023;autumn;EuropeanHare;1
15/11/2023;3;8;20;19:28:00;N;Compiobbi;2023;autumn;Wildboar;1
15/11/2023;3;8;20;19:31:00;N;Compiobbi;2023;autumn;Wildboar;1
15/11/2023;3;8;20;19:32:00;N;Compiobbi;2023;autumn;Wildboar;1
15/11/2023;3;8;20;19:33:00;N;Compiobbi;2023;autumn;Wildboar;1
15/11/2023;3;8;20;19:33:00;N;Compiobbi;2023;autumn;Wildboar;1
15/11/2023;3;8;20;19:37:00;N;Fiesole;2023;autumn;CrestedPorcupine;2
15/11/2023;3;8;20;19:43:00;N;Scandicci_Acciaiolo;2023;autumn;Hedgehog;1
15/11/2023;3;8;20;21:00:00;N;Scandicci_Acciaiolo;2023;autumn;EuropeanHare;1
15/11/2023;3;8;20;22:09:00;N;CasaDiMartino;2023;autumn;DomesticCat;1
15/11/2023;3;8;20;23:29:00;N;Compiobbi;2023;autumn;RedFox;1
16/11/2023;3;9;75;01:22:00;N;Capellino_1;2023;autumn;RedFox;1
16/11/2023;3;9;75;03:31:00;N;CasaDiMartino;2023;autumn;CrestedPorcupine;1
16/11/2023;3;9;75;04:29:00;N;CasaDiMartino;2023;autumn;CrestedPorcupine;1
16/11/2023;3;9;75;05:21:00;N;Capellino_1;2023;autumn;RedFox;1
16/11/2023;3;9;75;05:25:00;N;Compiobbi;2023;autumn;HazelDormouse;1
16/11/2023;3;9;75;06:15:00;N;CasaDiMartino;2023;autumn;RedFox;1
16/11/2023;3;9;75;06:16:00;N;CasaDiMartino;2023;autumn;RedFox;1
16/11/2023;3;9;75;06:16:00;N;CasaDiMartino;2023;autumn;RedFox;1
16/11/2023;3;9;75;06:25:00;N;Compiobbi;2023;autumn;RedFox;1
16/11/2023;3;9;75;07:15:00;N;CasaDiMartino;2023;autumn;RedFox;1
16/11/2023;3;9;75;07:22:00;N;CasaDiMartino;2023;autumn;RedFox;1
16/11/2023;3;9;75;07:24:00;N;CasaDiMartino;2023;autumn;CrestedPorcupine;1
16/11/2023;3;9;75;07:29:00;N;CasaDiMartino;2023;autumn;CrestedPorcupine;1
16/11/2023;3;9;75;07:36:00;N;Scandicci_Acciaiolo;2023;autumn;EuropeanHare;1
16/11/2023;3;9;75;08:57:00;N;Scandicci_Acciaiolo;2023;autumn;SongThrush;1
16/11/2023;3;9;75;09:06:00;N;Scandicci_Acciaiolo;2023;autumn;EurasianRobin;1
16/11/2023;3;9;75;09:16:00;N;Scandicci_Acciaiolo;2023;autumn;Blackbird;2
16/11/2023;3;9;75;09:16:00;N;Scandicci_Acciaiolo;2023;autumn;GreatTit;1
16/11/2023;3;9;75;09:38:00;N;Scandicci_Acciaiolo;2023;autumn;EuropeanHare;1
16/11/2023;3;9;75;14:41:00;N;Compiobbi;2023;autumn;DomesticCat;1
16/11/2023;3;9;75;18:14:00;N;Capellino_1;2023;autumn;DomesticDog;1
16/11/2023;3;9;75;19:52:00;N;Scandicci_Acciaiolo;2023;autumn;Hedgehog;1
16/11/2023;3;9;75;19:56:00;N;Scandicci_Acciaiolo;2023;autumn;Hedgehog;1
16/11/2023;3;9;75;19:57:00;N;Scandicci_Acciaiolo;2023;autumn;Hedgehog;1
16/11/2023;3;9;75;22:54:00;N;Compiobbi;2023;autumn;RoeDeer;1
16/11/2023;3;9;75;22:55:00;N;Fiesole;2023;autumn;Woodmouse;1
17/11/2023;4;10;75;00:26:00;N;CasaDiMartino;2023;autumn;EuropeanBadger;1
17/11/2023;4;10;75;00:31:00;N;Compiobbi;2023;autumn;RedFox;1
17/11/2023;4;10;75;04:07:00;N;Compiobbi;2023;autumn;Wildboar;1
17/11/2023;4;10;75;04:08:00;N;Compiobbi;2023;autumn;Wildboar;1
17/11/2023;4;10;75;06:41:00;N;Scandicci_Acciaiolo;2023;autumn;EuropeanHare;1
17/11/2023;4;10;75;07:30:00;N;Scandicci_Acciaiolo;2023;autumn;EuropeanHare;1
17/11/2023;4;10;75;08:38:00;N;Scandicci_Acciaiolo;2023;autumn;EuropeanHare;1
17/11/2023;4;10;75;08:48:00;N;Scandicci_Acciaiolo;2023;autumn;Blackbird;1
17/11/2023;4;10;75;21:57:00;N;Scandicci_Acciaiolo;2023;autumn;Hedgehog;1
18/11/2023;4;11;75;00:51:00;N;Compiobbi;2023;autumn;Wildboar;1
18/11/2023;4;11;75;00:52:00;N;Compiobbi;2023;autumn;Wildboar;1
18/11/2023;4;11;75;00:53:00;N;Compiobbi;2023;autumn;RedFox;1
18/11/2023;4;11;75;02:26:00;N;Fiesole;2023;autumn;CrestedPorcupine;2
18/11/2023;4;11;75;03:17:00;N;Impruneta;2023;autumn;RedFox;1
18/11/2023;4;11;75;06:06:00;N;CasaDiMartino;2023;autumn;RedFox;1
18/11/2023;4;11;75;06:28:00;N;CasaDiMartino;2023;autumn;CrestedPorcupine;1
18/11/2023;4;11;75;06:31:00;N;Scandicci_Acciaiolo;2023;autumn;EuropeanHare;1
18/11/2023;4;11;75;19:52:00;N;Fiesole;2023;autumn;CrestedPorcupine;1
18/11/2023;4;11;75;20:31:00;N;Scandicci_Acciaiolo;2023;autumn;EuropeanHare;1
18/11/2023;4;11;75;20:46:00;N;Compiobbi;2023;autumn;Wildboar;1
18/11/2023;4;11;75;23:01:00;N;Fiesole;2023;autumn;RedFox;1
18/11/2023;4;11;75;23:04:00;N;Capellino_1;2023;autumn;RedFox;1
18/11/2023;4;11;75;23:05:00;N;Capellino_1;2023;autumn;RedFox;1
18/11/2023;4;11;75;23:05:00;N;Capellino_1;2023;autumn;RedFox;1
18/11/2023;4;11;75;23:10:00;N;CasaDiMartino;2023;autumn;RedFox;1
18/11/2023;4;11;75;23:10:00;N;CasaDiMartino;2023;autumn;RedFox;1
18/11/2023;4;11;75;23:11:00;N;CasaDiMartino;2023;autumn;RedFox;2
18/11/2023;4;11;75;23:12:00;N;CasaDiMartino;2023;autumn;RedFox;2
18/11/2023;4;11;75;23:13:00;N;CasaDiMartino;2023;autumn;CrestedPorcupine;1
19/11/2023;4;12;75;02:48:00;N;CasaDiMartino;2023;autumn;CrestedPorcupine;2
19/11/2023;4;12;75;03:16:00;N;Fiesole;2023;autumn;CrestedPorcupine;1
19/11/2023;4;12;75;03:23:00;N;Compiobbi;2023;autumn;Wildboar;1
19/11/2023;4;12;75;03:26:00;N;Compiobbi;2023;autumn;Wildboar;1
19/11/2023;4;12;75;03:33:00;N;Fiesole;2023;autumn;CrestedPorcupine;2
19/11/2023;4;12;75;03:35:00;N;Fiesole;2023;autumn;CrestedPorcupine;2
19/11/2023;4;12;75;04:00:00;N;CasaDiMartino;2023;autumn;CrestedPorcupine;1
19/11/2023;4;12;75;04:06:00;N;CasaDiMartino;2023;autumn;CrestedPorcupine;1
19/11/2023;4;12;75;05:18:00;N;Fiesole;2023;autumn;CrestedPorcupine;2
19/11/2023;4;12;75;05:35:00;N;CasaDiMartino;2023;autumn;CrestedPorcupine;1
19/11/2023;4;12;75;07:04:00;N;Scandicci_Acciaiolo;2023;autumn;EuropeanHare;1
19/11/2023;4;12;75;07:49:00;N;Capellino_1;2023;autumn;RedFox;1
19/11/2023;4;12;75;08:24:00;N;CasaDiMartino;2023;autumn;DomesticDog;1
19/11/2023;4;12;75;08:41:00;N;Scandicci_Acciaiolo;2023;autumn;EuropeanHare;1
19/11/2023;4;12;75;09:44:00;N;Capellino_1;2023;autumn;CommonPheasant;1
19/11/2023;4;12;75;13:27:00;N;Sofia1;2023;autumn;DomesticCat;1
19/11/2023;4;12;75;13:55:00;N;Sofia1;2023;autumn;DomesticCat;1
19/11/2023;4;12;75;13:58:00;N;Sofia1;2023;autumn;DomesticCat;1
19/11/2023;4;12;75;20:02:00;N;Scandicci_Acciaiolo;2023;autumn;Hedgehog;1
19/11/2023;4;12;75;22:27:00;N;CasaDiMartino;2023;autumn;DomesticCat;1
19/11/2023;4;12;75;23:36:00;N;Capellino_1;2023;autumn;RedFox;1
20/11/2023;4;13;100;01:46:00;N;Scandicci_Acciaiolo;2023;autumn;EuropeanHare;1
20/11/2023;4;13;100;02:45:00;N;Fiesole;2023;autumn;EuropeanBadger;1
20/11/2023;4;13;100;03:53:00;N;Compiobbi;2023;autumn;Wildboar;4
20/11/2023;4;13;100;05:08:00;N;Compiobbi;2023;autumn;Wildboar;1
20/11/2023;4;13;100;08:17:00;N;Scandicci_Acciaiolo;2023;autumn;EuropeanHare;1
20/11/2023;4;13;100;16:45:00;N;Compiobbi;2023;autumn;SongThrush;2
20/11/2023;4;13;100;16:53:00;N;Compiobbi;2023;autumn;SongThrush;2
20/11/2023;4;13;100;20:23:00;N;Fiesole;2023;autumn;RedFox;1
20/11/2023;4;13;100;22:44:00;N;Compiobbi;2023;autumn;RedFox;1
20/11/2023;4;13;100;22:46:00;N;Scandicci_Acciaiolo;2023;autumn;EuropeanHare;1
20/11/2023;4;13;100;23:06:00;N;Compiobbi;2023;autumn;Wildboar;1
20/11/2023;4;13;100;23:47:00;N;Capellino_1;2023;autumn;RedFox;1
21/11/2023;4;14;100;01:22:00;N;CasaDiMartino;2023;autumn;CrestedPorcupine;1
21/11/2023;4;14;100;01:22:00;N;CasaDiMartino;2023;autumn;CrestedPorcupine;1
21/11/2023;4;14;100;03:55:00;N;Compiobbi;2023;autumn;RedFox;1
21/11/2023;4;14;100;05:56:00;N;CasaDiMartino;2023;autumn;CrestedPorcupine;1
21/11/2023;4;14;100;06:33:00;N;Scandicci_Acciaiolo;2023;autumn;EuropeanHare;1
21/11/2023;4;14;100;20:12:00;N;Scandicci_Acciaiolo;2023;autumn;EuropeanHare;1
21/11/2023;4;14;100;22:04:00;N;Compiobbi;2023;autumn;RedFox;1
21/11/2023;4;14;100;23:09:00;N;Compiobbi;2023;autumn;Wildboar;1
22/11/2023;4;15;100;02:26:00;N;Compiobbi;2023;autumn;Wildboar;4
22/11/2023;4;15;100;02:35:00;N;Scandicci_Acciaiolo;2023;autumn;EuropeanHare;2
22/11/2023;4;15;100;02:55:00;N;Compiobbi;2023;autumn;Wildboar;2
22/11/2023;4;15;100;03:07:00;N;CasaDiMartino;2023;autumn;CrestedPorcupine;1
22/11/2023;4;15;100;04:57:00;N;Scandicci_Acciaiolo;2023;autumn;EuropeanHare;1
22/11/2023;4;15;100;06:32:00;N;CasaDiMartino;2023;autumn;RedFox;1
22/11/2023;4;15;100;06:45:00;N;Capellino_1;2023;autumn;RedFox;1
22/11/2023;4;15;100;08:36:00;N;Scandicci_Acciaiolo;2023;autumn;EuropeanHare;2
22/11/2023;4;15;100;09:50:00;N;Scandicci_Acciaiolo;2023;autumn;Chiffchaff;2
22/11/2023;4;15;100;18:11:00;N;Capellino_1;2023;autumn;DomesticDog;1
22/11/2023;4;15;100;19:59:00;N;CasaDiMartino;2023;autumn;Human;2
22/11/2023;4;15;100;20:57:00;N;Scandicci_Acciaiolo;2023;autumn;EuropeanHare;1
22/11/2023;4;15;100;20:59:00;N;Scandicci_Acciaiolo;2023;autumn;EuropeanHare;1
23/11/2023;4;16;100;00:34:00;N;Compiobbi;2023;autumn;RedFox;1
23/11/2023;4;16;100;03:53:00;N;Capellino_1;2023;autumn;RedFox;1
23/11/2023;4;16;100;03:57:00;N;CasaDiMartino;2023;autumn;RedFox;1
23/11/2023;4;16;100;04:04:00;N;CasaDiMartino;2023;autumn;CrestedPorcupine;1
23/11/2023;4;16;100;06:03:00;N;Capellino_1;2023;autumn;RedFox;1
23/11/2023;4;16;100;08:18:00;N;Scandicci_Acciaiolo;2023;autumn;EuropeanHare;1
23/11/2023;4;16;100;08:20:00;N;Scandicci_Acciaiolo;2023;autumn;EuropeanHare;2
23/11/2023;4;16;100;08:21:00;N;Scandicci_Acciaiolo;2023;autumn;EuropeanHare;2
23/11/2023;4;16;100;23:08:00;N;Fiesole;2023;autumn;CrestedPorcupine;1
23/11/2023;4;16;100;23:48:00;N;Compiobbi;2023;autumn;Wildboar;1
24/11/2023;3;17;80;02:05:00;N;CasaDiMartino;2023;autumn;CrestedPorcupine;2
24/11/2023;3;17;80;02:05:00;N;CasaDiMartino;2023;autumn;EuropeanBadger;1
24/11/2023;3;17;80;02:07:00;N;CasaDiMartino;2023;autumn;CrestedPorcupine;2
24/11/2023;3;17;80;02:07:00;N;CasaDiMartino;2023;autumn;CrestedPorcupine;1
24/11/2023;3;17;80;02:09:00;N;CasaDiMartino;2023;autumn;CrestedPorcupine;1
24/11/2023;3;17;80;02:23:00;N;Fiesole;2023;autumn;CrestedPorcupine;1
24/11/2023;3;17;80;03:15:00;N;CasaDiMartino;2023;autumn;CrestedPorcupine;1
24/11/2023;3;17;80;03:41:00;N;CasaDiMartino;2023;autumn;EuropeanBadger;1
24/11/2023;3;17;80;03:45:00;N;Compiobbi;2023;autumn;Wildboar;1
24/11/2023;3;17;80;05:40:00;N;Impruneta;2023;autumn;RedFox;1
24/11/2023;3;17;80;06:27:00;N;Impruneta;2023;autumn;RedFox;1
24/11/2023;3;17;80;07:09:00;N;CasaDiMartino;2023;autumn;DomesticCat;1
24/11/2023;3;17;80;18:37:00;N;Fiesole;2023;autumn;Wildboar;1
24/11/2023;3;17;80;20:50:00;N;Scandicci_Acciaiolo;2023;autumn;EuropeanHare;1
25/11/2023;3;18;80;04:09:00;N;Fiesole;2023;autumn;CrestedPorcupine;1
25/11/2023;3;18;80;07:18:00;N;Scandicci_Acciaiolo;2023;autumn;EuropeanHare;1
25/11/2023;3;18;80;07:19:00;N;Capellino_1;2023;autumn;RedFox;1
25/11/2023;3;18;80;18:49:00;N;Capellino_1;2023;autumn;DomesticDog;1
25/11/2023;3;18;80;18:49:00;N;Capellino_1;2023;autumn;Human;1
25/11/2023;3;18;80;22:17:00;N;Capellino_1;2023;autumn;RedFox;1
25/11/2023;3;18;80;23:55:00;N;Scandicci_Acciaiolo;2023;autumn;EuropeanHare;1
25/11/2023;3;18;80;23:55:00;N;Fiesole;2023;autumn;CrestedPorcupine;2
26/11/2023;3;19;80;02:41:00;N;CasaDiMartino;2023;autumn;CrestedPorcupine;2
26/11/2023;3;19;80;02:42:00;N;CasaDiMartino;2023;autumn;CrestedPorcupine;1
26/11/2023;3;19;80;03:20:00;N;CasaDiMartino;2023;autumn;CrestedPorcupine;2
26/11/2023;3;19;80;03:33:00;N;CasaDiMartino;2023;autumn;RedFox;1
26/11/2023;3;19;80;03:40:00;N;CasaDiMartino;2023;autumn;CrestedPorcupine;2
26/11/2023;3;19;80;05:16:00;N;Fiesole;2023;autumn;CrestedPorcupine;1
26/11/2023;3;19;80;08:37:00;N;Scandicci_Acciaiolo;2023;autumn;EuropeanHare;1
26/11/2023;3;19;80;18:52:00;N;Capellino_1;2023;autumn;DomesticDog;1
26/11/2023;3;19;80;19:07:00;N;Scandicci_Acciaiolo;2023;autumn;EurasianRobin;1
26/11/2023;3;19;80;19:50:00;N;CasaDiMartino;2023;autumn;Human;3
26/11/2023;3;19;80;22:11:00;N;Capellino_1;2023;autumn;RedFox;1
27/11/2023;3;20;80;04:43:00;N;Fiesole;2023;autumn;CrestedPorcupine;2
27/11/2023;3;20;80;06:06:00;N;CasaDiMartino;2023;autumn;DomesticCat;1
28/11/2023;2;21;80;09:21:00;N;Sofia1;2023;autumn;RoeDeer;1
28/11/2023;2;21;80;09:23:00;N;Sofia1;2023;autumn;RoeDeer;1
28/11/2023;2;21;80;09:24:00;N;Sofia1;2023;autumn;RoeDeer;1
28/11/2023;2;21;80;09:25:00;N;Sofia1;2023;autumn;RoeDeer;1
28/11/2023;2;21;80;09:27:00;N;Sofia1;2023;autumn;RoeDeer;1
28/11/2023;2;21;80;09:30:00;N;Sofia1;2023;autumn;RoeDeer;1
28/11/2023;2;21;80;09:32:00;N;Sofia1;2023;autumn;RoeDeer;1
28/11/2023;2;21;80;09:33:00;N;Sofia1;2023;autumn;RoeDeer;1
28/11/2023;2;21;80;13:12:00;N;Sofia1;2023;autumn;DomesticCat;1
28/11/2023;2;21;80;14:13:00;N;Sofia1;2023;autumn;DomesticCat;1
28/11/2023;2;21;80;14:43:00;N;Sofia1;2023;autumn;RoeDeer;1
28/11/2023;2;21;80;15:24:00;N;Sofia1;2023;autumn;DomesticCat;1
28/11/2023;2;21;80;17:05:00;N;Sofia1;2023;autumn;RoeDeer;1
28/11/2023;2;21;80;18:13:00;N;Sofia1;2023;autumn;DomesticCat;1
28/11/2023;2;21;80;18:22:00;N;Fiesole;2023;autumn;DomesticCat;1
28/11/2023;2;21;80;18:57:00;N;Sofia1;2023;autumn;DomesticCat;1
28/11/2023;2;21;80;19:10:00;N;Fiesole;2023;autumn;Wildboar;6
28/11/2023;2;21;80;20:40:00;N;Fiesole;2023;autumn;Wildboar;1
28/11/2023;2;21;80;23:11:00;N;Fiesole;2023;autumn;CrestedPorcupine;1
29/11/2023;2;22;55;01:52:00;N;Fiesole;2023;autumn;CrestedPorcupine;2
29/11/2023;2;22;55;07:01:00;N;CasaDiMartino;2023;autumn;RedFox;1
29/11/2023;2;22;55;08:15:00;N;Sofia1;2023;autumn;DomesticCat;1
29/11/2023;2;22;55;12:03:00;N;Sofia1;2023;autumn;DomesticCat;1
29/11/2023;2;22;55;13:20:00;N;Sofia1;2023;autumn;DomesticCat;1
29/11/2023;2;22;55;14:00:00;N;Sofia1;2023;autumn;DomesticCat;1
29/11/2023;2;22;55;14:53:00;N;Sofia1;2023;autumn;DomesticCat;1
29/11/2023;2;22;55;18:10:00;N;Sofia1;2023;autumn;DomesticCat;1
29/11/2023;2;22;55;18:42:00;N;Sofia1;2023;autumn;DomesticCat;1
29/11/2023;2;22;55;19:52:00;N;CasaDiMartino;2023;autumn;CrestedPorcupine;3
29/11/2023;2;22;55;20:25:00;N;Sofia1;2023;autumn;RoeDeer;1
29/11/2023;2;22;55;23:10:00;N;Sofia1;2023;autumn;RedFox;1
30/11/2023;2;23;55;05:24:00;N;Sofia1;2023;autumn;DomesticCat;1
30/11/2023;2;23;55;18:10:00;N;Peretola;2023;autumn;Coypu;1
30/11/2023;2;23;55;20:15:00;N;Peretola;2023;autumn;Human;1
30/11/2023;2;23;55;22:44:00;N;Capellino_1;2023;autumn;RedFox;1
12/12/2023;2;6;100;19:51:00;N;CasaDiMartino;2023;autumn;CrestedPorcupine;2
13/12/2023;3;7;100;21:23:00;N;CasaDiMartino;2023;autumn;CrestedPorcupine;1
13/12/2023;3;7;100;21:23:00;N;CasaDiMartino;2023;autumn;CrestedPorcupine;1
13/12/2023;3;7;100;22:04:00;N;CasaDiMartino;2023;autumn;CrestedPorcupine;1
13/12/2023;3;7;100;22:06:00;N;CasaDiMartino;2023;autumn;CrestedPorcupine;1
13/12/2023;3;7;100;22:08:00;N;CasaDiMartino;2023;autumn;CrestedPorcupine;1
13/12/2023;3;7;100;22:11:00;N;CasaDiMartino;2023;autumn;CrestedPorcupine;1
13/12/2023;3;7;100;22:52:00;N;CasaDiMartino;2023;autumn;CrestedPorcupine;1
15/12/2023;3;9;35;04:14:00;N;CasaDiMartino;2023;autumn;CrestedPorcupine;1
10/05/2023;3;20;10;20:55:00;N;Empoli_Serravalle;2023;autumn;GreyHeron;1
10/05/2023;3;20;10;21:46:00;N;Empoli_Serravalle;2023;autumn;Coypu;1
10/06/2023;2;22;10;01:18:00;N;Empoli_Serravalle;2023;autumn;Coypu;1
10/06/2023;2;22;20;01:20:00;N;Empoli_Serravalle;2023;autumn;Coypu;1
10/06/2023;2;22;20;01:36:00;N;Empoli_Serravalle;2023;autumn;Coypu;1
10/06/2023;2;22;0;01:37:00;N;Empoli_Serravalle;2023;autumn;Coypu;2
10/06/2023;2;22;20;01:55:00;N;Empoli_Serravalle;2023;autumn;Coypu;1
10/06/2023;2;22;20;02:25:00;N;Empoli_Serravalle;2023;autumn;Coypu;1
10/06/2023;2;22;25;02:33:00;N;Empoli_Serravalle;2023;autumn;Coypu;1
10/06/2023;2;22;50;06:32:00;N;Empoli_Serravalle;2023;autumn;Coypu;1
10/06/2023;2;22;50;06:33:00;N;Empoli_Serravalle;2023;autumn;Coypu;1
10/06/2023;2;22;20;06:37:00;N;Empoli_Serravalle;2023;autumn;Coypu;2
10/06/2023;2;22;15;06:38:00;N;Empoli_Serravalle;2023;autumn;Coypu;1
10/06/2023;2;22;15;06:41:00;N;Empoli_Serravalle;2023;autumn;Coypu;1
10/06/2023;2;22;70;06:42:00;N;Empoli_Serravalle;2023;autumn;Coypu;1
10/06/2023;2;22;70;06:57:00;N;Empoli_Serravalle;2023;autumn;Coypu;1
10/06/2023;2;22;70;20:58:00;N;Empoli_Serravalle;2023;autumn;Coypu;1
10/06/2023;2;22;100;20:58:00;N;Empoli_Serravalle;2023;autumn;GreyHeron;1
10/06/2023;2;22;100;21:00:00;N;Empoli_Serravalle;2023;autumn;Coypu;1
10/06/2023;2;22;100;21:12:00;N;Empoli_Serravalle;2023;autumn;Coypu;1
10/06/2023;2;22;50;21:12:00;N;Empoli_Serravalle;2023;autumn;GreyHeron;1
10/06/2023;2;22;50;21:40:00;N;Empoli_Serravalle;2023;autumn;Coypu;1
10/06/2023;2;22;10;21:40:00;N;Empoli_Serravalle;2023;autumn;GreyHeron;1
10/06/2023;2;22;10;22:21:00;N;Empoli_Serravalle;2023;autumn;Coypu;1
10/06/2023;2;22;50;22:47:00;N;Empoli_Serravalle;2023;autumn;Coypu;1
10/07/2023;2;23;70;01:10:00;N;Empoli_Serravalle;2023;autumn;Coypu;1
10/07/2023;2;23;15;01:13:00;N;Empoli_Serravalle;2023;autumn;Coypu;2
10/07/2023;2;23;15;01:16:00;N;Empoli_Serravalle;2023;autumn;Coypu;1
10/07/2023;2;23;15;01:36:00;N;Empoli_Serravalle;2023;autumn;Coypu;1
10/07/2023;2;23;15;02:25:00;N;Empoli_Serravalle;2023;autumn;Coypu;2
10/07/2023;2;23;15;04:19:00;N;Empoli_Serravalle;2023;autumn;Coypu;1
10/07/2023;2;23;15;04:31:00;N;Empoli_Serravalle;2023;autumn;Coypu;1
10/07/2023;2;23;15;04:38:00;N;Empoli_Serravalle;2023;autumn;Coypu;1
10/07/2023;2;23;15;05:53:00;N;Empoli_Serravalle;2023;autumn;Coypu;2
10/07/2023;2;23;15;06:18:00;N;Empoli_Serravalle;2023;autumn;Coypu;1
10/07/2023;2;23;15;06:52:00;N;Empoli_Serravalle;2023;autumn;Coypu;2
10/07/2023;2;23;15;06:53:00;N;Empoli_Serravalle;2023;autumn;Coypu;1
10/07/2023;2;23;15;20:58:00;N;Empoli_Serravalle;2023;autumn;Coypu;1
10/07/2023;2;23;15;20:58:00;N;Empoli_Serravalle;2023;autumn;GreyHeron;1
10/07/2023;2;23;15;21:15:00;N;Empoli_Serravalle;2023;autumn;Coypu;1
10/07/2023;2;23;15;21:15:00;N;Empoli_Serravalle;2023;autumn;GreyHeron;1
10/07/2023;2;23;15;21:17:00;N;Empoli_Serravalle;2023;autumn;Coypu;1
10/07/2023;2;23;15;21:17:00;N;Empoli_Serravalle;2023;autumn;GreyHeron;1
10/07/2023;2;23;15;22:11:00;N;Empoli_Serravalle;2023;autumn;Coypu;1
10/07/2023;2;23;15;23:07:00;N;Empoli_Serravalle;2023;autumn;Coypu;1
10/07/2023;2;23;15;23:12:00;N;Empoli_Serravalle;2023;autumn;Coypu;1
10/08/2023;2;25;15;00:42:00;N;Empoli_Serravalle;2023;autumn;Coypu;2
10/08/2023;2;25;15;01:14:00;N;Empoli_Serravalle;2023;autumn;Coypu;1
10/08/2023;2;25;15;02:50:00;N;Empoli_Serravalle;2023;autumn;Coypu;1
10/08/2023;2;25;30;03:42:00;N;Empoli_Serravalle;2023;autumn;Coypu;1
10/08/2023;2;25;30;05:30:00;N;Empoli_Serravalle;2023;autumn;Coypu;1
10/08/2023;2;25;30;05:36:00;N;Empoli_Serravalle;2023;autumn;Coypu;1
10/08/2023;2;25;30;05:42:00;N;Empoli_Serravalle;2023;autumn;Coypu;1
10/08/2023;2;25;30;06:55:00;N;Empoli_Serravalle;2023;autumn;Coypu;1
10/08/2023;2;25;30;06:56:00;N;Empoli_Serravalle;2023;autumn;Coypu;1
10/08/2023;2;25;30;21:10:00;N;Empoli_Serravalle;2023;autumn;Coypu;2
10/08/2023;2;25;30;21:58:00;N;Empoli_Serravalle;2023;autumn;Coypu;1
10/08/2023;2;25;30;22:12:00;N;Empoli_Serravalle;2023;autumn;Coypu;1
10/08/2023;2;25;30;22:17:00;N;Empoli_Serravalle;2023;autumn;Coypu;1
10/08/2023;2;25;30;22:28:00;N;Empoli_Serravalle;2023;autumn;Coypu;1
10/08/2023;2;25;30;22:30:00;N;Empoli_Serravalle;2023;autumn;Human;2
10/08/2023;2;25;30;22:31:00;N;Empoli_Serravalle;2023;autumn;Coypu;1
10/08/2023;2;25;30;22:42:00;N;Empoli_Serravalle;2023;autumn;Coypu;1
10/08/2023;2;25;30;22:46:00;N;Empoli_Serravalle;2023;autumn;Coypu;1
10/08/2023;2;25;30;22:47:00;N;Empoli_Serravalle;2023;autumn;Coypu;1
05/09/2023;2;23;50;01:26:02;N;Ponteallindiano2;2023;summer;CrestedPorcupine;3
06/09/2023;2;24;50;21:38:06;N;Focognano;2023;summer;StoneMarten;1
07/09/2023;2;25;35;01:10:00;N;Empoli_Serravalle;2023;summer;Coypu;1
07/09/2023;2;25;35;01:14:00;N;Empoli_Serravalle;2023;summer;Coypu;1
07/09/2023;2;25;35;01:44:00;N;Empoli_Serravalle;2023;summer;Coypu;1
07/09/2023;2;25;35;02:25:00;N;Empoli_Serravalle;2023;summer;Coypu;1
07/09/2023;2;25;35;02:44:00;N;Empoli_Serravalle;2023;summer;Coypu;1
07/09/2023;2;25;35;03:53:00;N;Empoli_Serravalle;2023;summer;Coypu;1
07/09/2023;2;25;50;04:38:00;N;Empoli_Serravalle;2023;summer;Coypu;1
07/09/2023;2;25;50;04:40:00;N;Empoli_Serravalle;2023;summer;Coypu;1
07/09/2023;2;25;50;05:44:00;N;Empoli_Serravalle;2023;summer;Coypu;1
08/09/2023;1;26;50;04:56:00;N;Empoli_Serravalle;2023;summer;Coypu;1
10/09/2023;1;28;50;00:08:00;N;Empoli_Serravalle;2023;summer;Coypu;1
10/09/2023;1;28;50;02:02:00;N;Empoli_Serravalle;2023;summer;Coypu;1
10/09/2023;1;28;50;03:04:00;N;Empoli_Serravalle;2023;summer;Coypu;2
10/09/2023;1;28;50;06:49:00;N;Empoli_Serravalle;2023;summer;Coypu;1
10/09/2023;1;28;50;06:53:00;N;Empoli_Serravalle;2023;summer;Coypu;2
10/09/2023;1;28;50;21:59:00;N;Empoli_Serravalle;2023;summer;Coypu;1
10/09/2023;1;28;50;22:37:00;N;Empoli_Serravalle;2023;summer;Coypu;1
10/09/2023;1;28;50;22:57:00;N;Empoli_Serravalle;2023;summer;Coypu;1
16/09/2023;2;5;50;05:04:00;N;Empoli_Serravalle;2023;summer;Coypu;1
16/09/2023;2;5;50;05:05:00;N;Empoli_Serravalle;2023;summer;Coypu;1
16/09/2023;2;5;50;05:29:00;N;Empoli_Serravalle;2023;summer;Coypu;1
16/09/2023;2;5;50;06:19:00;N;Empoli_Serravalle;2023;summer;Coypu;1
01/10/2023;2;21;100;02:16:00;N;TorrinoSantaRosa;2023;autumn;NorwayRat;1
01/10/2023;2;21;100;14:16:00;N;Bagno_a_Ripoli;2023;autumn;Coypu;1
02/10/2023;2;22;100;03:23:00;N;CasaDiMartino;2023;autumn;CrestedPorcupine;3
02/10/2023;2;22;100;19:08:00;N;CasaDiMartino;2023;autumn;Human;1
02/10/2023;2;22;100;19:18:00;N;CasaDiMartino;2023;autumn;DomesticCat;1
02/10/2023;2;22;100;21:42:00;N;Bagno_a_Ripoli;2023;autumn;Coypu;2
03/10/2023;2;23;100;18:39:00;N;CasaDiMartino;2023;autumn;Blackbird;1
03/10/2023;2;23;100;19:02:00;N;Empoli_Serravalle;2023;autumn;Coypu;1
03/10/2023;2;23;100;11:38:00;N;TorrinoSantaRosa;2023;autumn;NorwayRat;1
03/10/2023;2;23;100;18:12:00;N;TorrinoSantaRosa;2023;autumn;NorwayRat;1
04/10/2023;2;24;100;07:22:00;N;TorrinoSantaRosa;2023;autumn;NorwayRat;1
04/10/2023;2;24;100;16:56:00;N;TorrinoSantaRosa;2023;autumn;NorwayRat;1
04/10/2023;2;24;100;17:30:00;N;TorrinoSantaRosa;2023;autumn;NorwayRat;1
05/10/2023;2;25;80;08:21:00;N;TorrinoSantaRosa;2023;autumn;NorwayRat;1
05/10/2023;2;25;80;17:41:00;N;TorrinoSantaRosa;2023;autumn;NorwayRat;1
06/10/2023;1;26;80;09:21:00;D;CascineDelRiccio1;2023;autumn;EurasianMagpie;1
06/10/2023;1;26;80;08:30:00;N;TorrinoSantaRosa;2023;autumn;NorwayRat;1
07/10/2023;1;27;80;17:53:30;N;CascineDelRiccio1;2023;autumn;Blackbird;1
07/10/2023;1;27;80;00:34:00;N;CascineDelRiccio1;2023;autumn;Hedgehog;1
07/10/2023;1;27;80;01:14:00;N;Empoli_Serravalle;2023;autumn;EasternCottontail;1
07/10/2023;1;27;80;01:44:00;N;Empoli_Serravalle;2023;autumn;EasternCottontail;1
07/10/2023;1;27;80;02:06:00;N;CasaDiMartino;2023;autumn;CrestedPorcupine;2
07/10/2023;1;27;80;02:25:00;N;Empoli_Serravalle;2023;autumn;EasternCottontail;1
07/10/2023;1;27;80;02:44:00;N;Empoli_Serravalle;2023;autumn;EasternCottontail;1
07/10/2023;1;27;80;03:53:00;N;Empoli_Serravalle;2023;autumn;EasternCottontail;1
07/10/2023;1;27;80;04:38:00;N;Empoli_Serravalle;2023;autumn;EasternCottontail;1
07/10/2023;1;27;80;04:40:00;N;Empoli_Serravalle;2023;autumn;EasternCottontail;1
07/10/2023;1;27;80;05:44:00;N;Empoli_Serravalle;2023;autumn;EasternCottontail;1
07/10/2023;1;27;80;06:38:00;N;CascineDelRiccio1;2023;autumn;EurasianMagpie;1
07/10/2023;1;27;80;06:38:00;N;TorrinoSantarosa;2023;autumn;AegyptianGoose;1
07/10/2023;1;27;80;07:13:30;N;CascineDelRiccio1;2023;autumn;EurasianMagpie;1
07/10/2023;1;27;80;07:48:00;N;CascineDelRiccio1;2023;autumn;RedSquirrel;1
07/10/2023;1;27;80;19:52:00;N;CascineDelRiccio1;2023;autumn;RedFox;1
07/10/2023;1;27;80;04:38:00;N;TorrinoSantaRosa;2023;autumn;NorwayRat;1
07/10/2023;1;27;80;17:32:00;N;TorrinoSantaRosa;2023;autumn;NorwayRat;1
07/10/2023;1;27;80;22:22:00;N;TorrinoSantaRosa;2023;autumn;NorwayRat;1
08/10/2023;1;28;50;01:25:53;N;Empoli_Serravalle;2023;autumn;EasternCottontail;1
08/10/2023;1;28;50;05:47:30;N;CascineDelRiccio1;2023;autumn;EurasianMagpie;1
08/10/2023;1;28;50;06:44:00;N;CascineDelRiccio1;2023;autumn;EurasianMagpie;1
08/10/2023;1;28;50;07:47:00;N;CasaDiMartino;2023;autumn;DomesticDog;1
08/10/2023;1;28;50;23:11:00;N;Bagno_a_Ripoli;2023;autumn;Coypu;1
09/10/2023;1;29;50;15:45:30;D;CascineDelRiccio1;2023;autumn;HoodedCrow;1
09/10/2023;1;29;50;01:26:02;N;Empoli_Serravalle;2023;autumn;EasternCottontail;1
09/10/2023;1;29;50;07:38:00;N;CascineDelRiccio1;2023;autumn;Blackbird;1
09/10/2023;1;29;50;07:38:00;N;CascineDelRiccio1;2023;autumn;EurasianMagpie;1
09/10/2023;1;29;50;21:10:00;N;CasaDiMartino;2023;autumn;CrestedPorcupine;1
10/10/2023;1;1;50;08:04:00;D;CascineDelRiccio1;2023;autumn;EurasianMagpie;1
10/10/2023;1;1;50;15:15:00;D;CascineDelRiccio1;2023;autumn;HoodedCrow;1
10/10/2023;1;1;50;00:14:00;N;Empoli_Serravalle;2023;autumn;Coypu;1
10/10/2023;1;1;50;00:31:00;N;Empoli_Serravalle;2023;autumn;Coypu;1
10/10/2023;1;1;50;01:26:29;N;Empoli_Serravalle;2023;autumn;EasternCottontail;1
10/10/2023;1;1;50;02:21:00;N;CascineDelRiccio1;2023;autumn;LittleOwl;1
10/10/2023;1;1;50;06:09:00;N;CasaDiMartino;2023;autumn;DomesticCat;1
10/10/2023;1;1;50;06:57:00;N;Empoli_Serravalle;2023;autumn;Coypu;2
10/10/2023;1;1;50;20:16:00;N;CascineDelRiccio1;2023;autumn;StoneMarten;1
10/10/2023;1;1;50;21:39:00;N;Empoli_Serravalle;2023;autumn;Coypu;1
10/10/2023;1;1;50;22:16:00;N;Empoli_Serravalle;2023;autumn;Coypu;1
10/10/2023;1;1;50;22:27:00;N;CasaDiMartino;2023;autumn;CrestedPorcupine;1
10/10/2023;1;1;50;23:08:00;N;Empoli_Serravalle;2023;autumn;Coypu;1
11/10/2023;1;2;50;15:25:30;D;CascineDelRiccio1;2023;autumn;HoodedCrow;1
11/10/2023;1;2;50;00:04:00;N;CascineDelRiccio1;2023;autumn;StoneMarten;1
11/10/2023;1;2;50;00:12:00;N;CascineDelRiccio1;2023;autumn;Fieldfare;1
11/10/2023;1;2;50;01:11:00;N;CasaDiMartino;2023;autumn;CrestedPorcupine;1
11/10/2023;1;2;50;01:26:38;N;Empoli_Serravalle;2023;autumn;EasternCottontail;1
11/10/2023;1;2;50;03:49:00;N;CasaDiMartino;2023;autumn;EuropeanBadger;1
11/10/2023;1;2;50;04:43:00;N;CasaDiMartino;2023;autumn;DomesticCat;1
11/10/2023;1;2;50;05:45:00;N;CascineDelRiccio1;2023;autumn;EurasianMagpie;1
11/10/2023;1;2;50;07:21:00;N;CasaDiMartino;2023;autumn;DomesticCat;1
11/10/2023;1;2;50;23:22:00;N;CasaDiMartino;2023;autumn;DomesticCat;1
12/10/2023;1;3;50;15:17:00;D;CascineDelRiccio1;2023;autumn;Blackbird;1
12/10/2023;1;3;50;15:17:00;D;CascineDelRiccio1;2023;autumn;HoodedCrow;1
12/10/2023;1;3;50;02:14:00;N;CasaDiMartino;2023;autumn;CrestedPorcupine;1
12/10/2023;1;3;50;03:24:00;N;CasaDiMartino;2023;autumn;CrestedPorcupine;2
12/10/2023;1;3;50;04:43:00;N;CascineDelRiccio1;2023;autumn;EurasianMagpie;1
12/10/2023;1;3;50;05:31:00;N;CasaDiMartino;2023;autumn;CrestedPorcupine;1
12/10/2023;1;3;50;05:59:00;N;CasaDiMartino;2023;autumn;CrestedPorcupine;1
12/10/2023;1;3;50;20:07:00;N;CascineDelRiccio1;2023;autumn;RedFox;1
12/10/2023;1;3;50;21:00:00;N;CascineDelRiccio1;2023;autumn;Hedgehog;1
12/10/2023;1;3;50;21:17:00;N;CasaDiMartino;2023;autumn;DomesticDog;1
12/10/2023;1;3;50;22:08:00;N;CasaDiMartino;2023;autumn;CrestedPorcupine;1
12/10/2023;1;3;50;23:21:51;N;Empoli_Serravalle;2023;autumn;EasternCottontail;1
13/10/2023;2;4;70;00:55:00;N;Empoli_Serravalle;2023;autumn;Coypu;1
13/10/2023;2;4;70;01:01:00;N;Empoli_Serravalle;2023;autumn;Coypu;1
13/10/2023;2;4;70;01:04:00;N;Empoli_Serravalle;2023;autumn;Coypu;1
13/10/2023;2;4;70;01:06:00;N;Empoli_Serravalle;2023;autumn;Coypu;1
13/10/2023;2;4;70;01:07:00;N;Empoli_Serravalle;2023;autumn;Coypu;1
13/10/2023;2;4;70;01:12:00;N;Empoli_Serravalle;2023;autumn;Coypu;1
13/10/2023;2;4;70;01:19:00;N;CasaDiMartino;2023;autumn;RedFox;1
13/10/2023;2;4;70;01:22:00;N;Empoli_Serravalle;2023;autumn;Coypu;1
13/10/2023;2;4;70;01:25:00;N;CasaDiMartino;2023;autumn;RedFox;1
13/10/2023;2;4;70;01:26:08;N;Empoli_Serravalle;2023;autumn;EasternCottontail;1
13/10/2023;2;4;70;01:26:43;N;Empoli_Serravalle;2023;autumn;EasternCottontail;1
13/10/2023;2;4;70;01:43:00;N;Empoli_Serravalle;2023;autumn;Coypu;2
13/10/2023;2;4;70;01:46:00;N;CasaDiMartino;2023;autumn;CrestedPorcupine;3
13/10/2023;2;4;70;01:53:39;N;Empoli_Serravalle;2023;autumn;EasternCottontail;1
13/10/2023;2;4;70;02:17:20;N;Empoli_Serravalle;2023;autumn;EasternCottontail;1
13/10/2023;2;4;70;02:46:00;N;Empoli_Serravalle;2023;autumn;Coypu;1
13/10/2023;2;4;70;02:48:00;N;CascineDelRiccio1;2023;autumn;EuropeanHare;1
13/10/2023;2;4;70;03:34:00;N;Empoli_Serravalle;2023;autumn;Coypu;1
13/10/2023;2;4;70;03:36:00;N;Empoli_Serravalle;2023;autumn;Coypu;1
13/10/2023;2;4;70;03:47:00;N;CasaDiMartino;2023;autumn;RedFox;1
13/10/2023;2;4;70;03:53:00;N;CasaDiMartino;2023;autumn;EuropeanBadger;1
13/10/2023;2;4;70;04:01:00;N;Empoli_Serravalle;2023;autumn;Coypu;1
13/10/2023;2;4;70;04:20:00;N;Empoli_Serravalle;2023;autumn;Coypu;1
13/10/2023;2;4;70;04:23:00;N;Empoli_Serravalle;2023;autumn;Coypu;1
13/10/2023;2;4;70;04:32:00;N;Empoli_Serravalle;2023;autumn;Coypu;1
13/10/2023;2;4;70;04:38:00;N;Empoli_Serravalle;2023;autumn;Coypu;1
13/10/2023;2;4;70;04:41:00;N;Empoli_Serravalle;2023;autumn;Coypu;1
13/10/2023;2;4;70;04:53:00;N;Empoli_Serravalle;2023;autumn;Coypu;1
13/10/2023;2;4;70;04:55:00;N;Empoli_Serravalle;2023;autumn;Coypu;1
13/10/2023;2;4;70;04:57:00;N;Empoli_Serravalle;2023;autumn;Coypu;1
13/10/2023;2;4;70;05:00:00;N;Empoli_Serravalle;2023;autumn;Coypu;2
13/10/2023;2;4;70;05:46:00;N;Empoli_Serravalle;2023;autumn;Coypu;2
13/10/2023;2;4;70;06:02:00;N;Empoli_Serravalle;2023;autumn;Coypu;1
13/10/2023;2;4;70;06:12:00;N;Empoli_Serravalle;2023;autumn;Coypu;1
13/10/2023;2;4;70;06:19:00;N;Empoli_Serravalle;2023;autumn;Coypu;1
13/10/2023;2;4;70;06:24:00;N;Empoli_Serravalle;2023;autumn;Coypu;1
13/10/2023;2;4;70;06:29:00;N;Empoli_Serravalle;2023;autumn;Coypu;1
13/10/2023;2;4;70;06:30:00;N;Empoli_Serravalle;2023;autumn;Coypu;1
13/10/2023;2;4;70;06:34:00;N;Empoli_Serravalle;2023;autumn;Coypu;1
13/10/2023;2;4;70;18:56:00;N;CascineDelRiccio1;2023;autumn;Hedgehog;1
13/10/2023;2;4;70;21:03:00;N;Empoli_Serravalle;2023;autumn;Coypu;1
13/10/2023;2;4;70;21:13:00;N;Empoli_Serravalle;2023;autumn;Coypu;1
13/10/2023;2;4;70;21:55:00;N;Empoli_Serravalle;2023;autumn;Coypu;2
13/10/2023;2;4;70;22:17:00;N;CascineDelRiccio1;2023;autumn;Hedgehog;1
13/10/2023;2;4;70;22:48:00;N;Empoli_Serravalle;2023;autumn;Coypu;1
13/10/2023;2;4;70;22:57:00;N;Empoli_Serravalle;2023;autumn;Coypu;2
13/10/2023;2;4;70;23:18:00;N;Empoli_Serravalle;2023;autumn;Coypu;1
13/10/2023;2;4;70;23:54:00;N;CasaDiMartino;2023;autumn;CrestedPorcupine;1
14/10/2023;2;5;90;08:05:00;D;CascineDelRiccio1;2023;autumn;EurasianMagpie;1
14/10/2023;2;5;90;14:51:00;D;CascineDelRiccio1;2023;autumn;HoodedCrow;1
14/10/2023;2;5;90;00:04:00;N;Empoli_Serravalle;2023;autumn;Coypu;1
14/10/2023;2;5;90;00:16:00;N;Empoli_Serravalle;2023;autumn;Coypu;1
14/10/2023;2;5;90;01:02:00;N;Empoli_Serravalle;2023;autumn;Coypu;1
14/10/2023;2;5;90;01:17:00;N;Empoli_Serravalle;2023;autumn;Coypu;1
14/10/2023;2;5;90;02:35:00;N;Empoli_Serravalle;2023;autumn;Coypu;1
14/10/2023;2;5;90;02:50:00;N;Empoli_Serravalle;2023;autumn;Coypu;1
14/10/2023;2;5;90;03:56:00;N;Empoli_Serravalle;2023;autumn;Coypu;1
14/10/2023;2;5;90;06:55:00;N;CasaDiMartino;2023;autumn;RedFox;1
14/10/2023;2;5;90;19:02:00;N;Empoli_Serravalle;2023;autumn;Coypu;1
14/10/2023;2;5;90;19:28:00;N;CascineDelRiccio1;2023;autumn;Hedgehog;1
14/10/2023;2;5;90;20:37:00;N;CasaDiMartino;2023;autumn;Human;1
14/10/2023;2;5;90;20:38:00;N;CasaDiMartino;2023;autumn;Human;1
14/10/2023;2;5;90;23:55:00;N;CasaDiMartino;2023;autumn;RedFox;1
14/10/2023;2;5;90;18:59:00;N;Empoli_Serravalle;2023;autumn;Human;5
14/10/2023;2;5;90;18:59:00;N;Empoli_Serravalle;2023;autumn;Human;3
14/10/2023;2;5;90;21:22:00;N;Empoli_Serravalle;2023;autumn;Coypu;1
14/10/2023;2;5;90;22:18:00;N;Empoli_Serravalle;2023;autumn;Coypu;1
14/10/2023;2;5;90;22:20:00;N;Empoli_Serravalle;2023;autumn;Coypu;1
14/10/2023;2;5;90;23:14:00;N;Empoli_Serravalle;2023;autumn;Coypu;1
15/10/2023;2;6;45;00:10:00;N;CasaDiMartino;2023;autumn;RedFox;1
15/10/2023;2;6;45;20:03:00;N;CascineDelRiccio1;2023;autumn;Hedgehog;1
15/10/2023;2;6;45;20:21:00;N;CascineDelRiccio1;2023;autumn;Hedgehog;1
15/10/2023;2;6;45;01:54:00;N;Empoli_Serravalle;2023;autumn;Coypu;1
15/10/2023;2;6;45;01:54:00;N;Empoli_Serravalle;2023;autumn;Coypu;2
15/10/2023;2;6;45;02:18:00;N;Empoli_Serravalle;2023;autumn;Coypu;1
15/10/2023;2;6;45;02:58:00;N;Empoli_Serravalle;2023;autumn;Coypu;1
15/10/2023;2;6;45;02:59:00;N;Empoli_Serravalle;2023;autumn;Coypu;1
15/10/2023;2;6;45;03:02:00;N;Empoli_Serravalle;2023;autumn;Coypu;1
15/10/2023;2;6;45;03:22:00;N;Empoli_Serravalle;2023;autumn;Coypu;1
15/10/2023;2;6;45;04:20:00;N;Empoli_Serravalle;2023;autumn;Coypu;1
15/10/2023;2;6;45;04:27:00;N;Empoli_Serravalle;2023;autumn;Coypu;1
15/10/2023;2;6;45;04:29:00;N;Empoli_Serravalle;2023;autumn;Coypu;1
15/10/2023;2;6;45;04:34:00;N;Empoli_Serravalle;2023;autumn;Coypu;1
15/10/2023;2;6;45;04:36:00;N;Empoli_Serravalle;2023;autumn;Coypu;1
15/10/2023;2;6;45;04:40:00;N;Empoli_Serravalle;2023;autumn;Coypu;1
15/10/2023;2;6;45;05:05:00;N;Empoli_Serravalle;2023;autumn;Coypu;1
15/10/2023;2;6;45;05:05:00;N;Empoli_Serravalle;2023;autumn;Coypu;1
15/10/2023;2;6;45;05:08:00;N;Empoli_Serravalle;2023;autumn;Coypu;1
15/10/2023;2;6;45;05:16:00;N;Empoli_Serravalle;2023;autumn;Coypu;1
15/10/2023;2;6;45;05:39:00;N;Empoli_Serravalle;2023;autumn;Coypu;1
15/10/2023;2;6;45;05:49:00;N;Empoli_Serravalle;2023;autumn;Coypu;1
15/10/2023;2;6;45;05:52:00;N;Empoli_Serravalle;2023;autumn;Coypu;1
15/10/2023;2;6;45;05:59:00;N;Empoli_Serravalle;2023;autumn;Coypu;1
15/10/2023;2;6;45;06:32:00;N;Empoli_Serravalle;2023;autumn;Coypu;1
15/10/2023;2;6;45;21:14:00;N;Empoli_Serravalle;2023;autumn;Coypu;1
15/10/2023;2;6;45;21:17:00;N;Empoli_Serravalle;2023;autumn;Coypu;1
15/10/2023;2;6;45;21:18:00;N;Empoli_Serravalle;2023;autumn;Coypu;1
15/10/2023;2;6;45;21:19:00;N;Empoli_Serravalle;2023;autumn;Coypu;1
15/10/2023;2;6;45;21:20:00;N;Empoli_Serravalle;2023;autumn;Coypu;1
15/10/2023;2;6;45;21:21:00;N;Empoli_Serravalle;2023;autumn;Coypu;2
15/10/2023;2;6;45;21:30:00;N;Empoli_Serravalle;2023;autumn;Coypu;2
15/10/2023;2;6;45;21:33:00;N;Empoli_Serravalle;2023;autumn;Coypu;1
15/10/2023;2;6;45;22:03:00;N;Empoli_Serravalle;2023;autumn;Coypu;1
15/10/2023;2;6;45;22:09:00;N;Empoli_Serravalle;2023;autumn;Coypu;1
15/10/2023;2;6;45;22:15:00;N;Empoli_Serravalle;2023;autumn;Coypu;1
15/10/2023;2;6;45;22:24:00;N;Empoli_Serravalle;2023;autumn;Coypu;1
15/10/2023;2;6;45;23:07:00;N;Empoli_Serravalle;2023;autumn;Coypu;1
15/10/2023;2;6;45;23:18:00;N;Empoli_Serravalle;2023;autumn;Coypu;1
15/10/2023;2;6;45;23:42:00;N;Empoli_Serravalle;2023;autumn;Coypu;1
16/10/2023;3;7;45;02:52:00;N;CascineDelRiccio1;2023;autumn;Blackbird;1
16/10/2023;3;7;45;02:52:00;N;CascineDelRiccio1;2023;autumn;EurasianMagpie;2
16/10/2023;3;7;45;19:21:00;N;CascineDelRiccio1;2023;autumn;Hedgehog;1
16/10/2023;3;7;45;20:35:00;N;CascineDelRiccio1;2023;autumn;Hedgehog;1
16/10/2023;3;7;45;21:00:00;N;CasaDiMartino;2023;autumn;EuropeanBadger;1
16/10/2023;3;7;45;00:19:00;N;Empoli_Serravalle;2023;autumn;Coypu;1
16/10/2023;3;7;45;04:44:00;N;Empoli_Serravalle;2023;autumn;Coypu;1
16/10/2023;3;7;45;05:25:00;N;Empoli_Serravalle;2023;autumn;Coypu;1
16/10/2023;3;7;45;05:33:00;N;Empoli_Serravalle;2023;autumn;Coypu;1
16/10/2023;3;7;45;05:46:00;N;Empoli_Serravalle;2023;autumn;Coypu;1
16/10/2023;3;7;45;21:33:00;N;Empoli_Serravalle;2023;autumn;Coypu;1
16/10/2023;3;7;45;22:32:00;N;Empoli_Serravalle;2023;autumn;Coypu;1
17/10/2023;3;8;45;15:04:00;D;CascineDelRiccio1;2023;autumn;HoodedCrow;1
17/10/2023;3;8;45;03:55:00;N;CascineDelRiccio1;2023;autumn;EurasianMagpie;1
17/10/2023;3;8;45;19:05:00;N;CascineDelRiccio1;2023;autumn;Hedgehog;1
17/10/2023;3;8;45;00:28:00;N;Empoli_Serravalle;2023;autumn;Coypu;1
17/10/2023;3;8;45;00:32:00;N;Empoli_Serravalle;2023;autumn;Coypu;1
17/10/2023;3;8;45;03:27:00;N;Empoli_Serravalle;2023;autumn;Coypu;1
17/10/2023;3;8;45;05:13:00;N;Empoli_Serravalle;2023;autumn;Coypu;1
17/10/2023;3;8;45;06:14:00;N;Empoli_Serravalle;2023;autumn;RedFox;1
17/10/2023;3;8;45;06:30:00;N;Empoli_Serravalle;2023;autumn;Coypu;1
17/10/2023;3;8;45;20:49:00;N;Empoli_Serravalle;2023;autumn;Coypu;1
17/10/2023;3;8;45;23:02:00;N;Empoli_Serravalle;2023;autumn;Coypu;1
18/10/2023;3;9;45;22:35:00;N;CascineDelRiccio1;2023;autumn;StoneMarten;1
18/10/2023;3;9;45;00:28:00;N;Empoli_Serravalle;2023;autumn;Coypu;1
18/10/2023;3;9;45;00:43:00;N;Empoli_Serravalle;2023;autumn;Coypu;1
18/10/2023;3;9;45;00:45:00;N;Empoli_Serravalle;2023;autumn;Coypu;1
18/10/2023;3;9;45;01:44:00;N;Empoli_Serravalle;2023;autumn;Coypu;1
18/10/2023;3;9;45;01:49:00;N;Empoli_Serravalle;2023;autumn;Coypu;1
18/10/2023;3;9;45;02:09:00;N;Empoli_Serravalle;2023;autumn;Coypu;1
18/10/2023;3;9;45;02:15:00;N;Empoli_Serravalle;2023;autumn;Coypu;1
18/10/2023;3;9;45;02:20:00;N;Empoli_Serravalle;2023;autumn;Coypu;1
18/10/2023;3;9;45;02:36:00;N;Empoli_Serravalle;2023;autumn;Coypu;1
18/10/2023;3;9;45;05:01:00;N;Empoli_Serravalle;2023;autumn;Coypu;1
18/10/2023;3;9;45;05:04:00;N;Empoli_Serravalle;2023;autumn;Coypu;1
18/10/2023;3;9;45;05:51:00;N;Empoli_Serravalle;2023;autumn;Coypu;1
18/10/2023;3;9;45;06:12:00;N;Empoli_Serravalle;2023;autumn;Coypu;1
18/10/2023;3;9;45;06:13:00;N;Empoli_Serravalle;2023;autumn;Coypu;1
18/10/2023;3;9;45;06:23:00;N;Empoli_Serravalle;2023;autumn;Coypu;1
18/10/2023;3;9;45;06:25:00;N;Empoli_Serravalle;2023;autumn;Coypu;1
18/10/2023;3;9;45;06:25:00;N;Empoli_Serravalle;2023;autumn;EasternCottontail;1
18/10/2023;3;9;45;06:40:00;N;Empoli_Serravalle;2023;autumn;Coypu;1
18/10/2023;3;9;45;06:45:00;N;Empoli_Serravalle;2023;autumn;Coypu;1
18/10/2023;3;9;45;18:56:00;N;Compiobbi;2023;autumn;RoeDeer;1
18/10/2023;3;9;45;20:54:00;N;Empoli_Serravalle;2023;autumn;Coypu;1
18/10/2023;3;9;45;21:14:00;N;VillaStacchini1;2023;autumn;StoneMarten;1
18/10/2023;3;9;45;21:36:00;N;Empoli_Serravalle;2023;autumn;Coypu;1
18/10/2023;3;9;45;22:48:00;N;Empoli_Serravalle;2023;autumn;Coypu;1
19/10/2023;4;10;45;03:34:00;N;CasaDiMartino;2023;autumn;CrestedPorcupine;1
19/10/2023;4;10;45;06:52:00;N;Compiobbi;2023;autumn;Wildboar;1
19/10/2023;4;10;45;06:56:00;N;VillaStacchini1;2023;autumn;Wildboar;1
19/10/2023;4;10;45;06:57:00;N;CasaDiMartino;2023;autumn;RedFox;1
19/10/2023;4;10;45;06:58:00;N;VillaStacchini1;2023;autumn;Wildboar;3
19/10/2023;4;10;45;07:38:00;N;Compiobbi;2023;autumn;RoeDeer;1
19/10/2023;4;10;45;09:37:00;N;VillaStacchini1;2023;autumn;RoeDeer;2
19/10/2023;4;10;45;11:38:00;N;VillaStacchini2;2023;autumn;RoeDeer;1
19/10/2023;4;10;45;16:01:00;N;VillaStacchini1;2023;autumn;RedSquirrel;1
19/10/2023;4;10;45;17:38:00;N;VillaStacchini1;2023;autumn;HoodedCrow;1
19/10/2023;4;10;45;18:49:00;N;Compiobbi;2023;autumn;Wildboar;1
19/10/2023;4;10;45;18:55:00;N;Compiobbi;2023;autumn;RoeDeer;1
19/10/2023;4;10;45;20:58:00;N;VillaStacchini2;2023;autumn;Wildboar;2
19/10/2023;4;10;45;21:12:00;N;Empoli_Serravalle;2023;autumn;Coypu;1
19/10/2023;4;10;45;21:50:00;N;Compiobbi;2023;autumn;Wildboar;1
19/10/2023;4;10;45;23:50:00;N;Compiobbi;2023;autumn;Wildboar;1
20/10/2023;4;11;20;02:28:00;N;Empoli_Serravalle;2023;autumn;Coypu;2
20/10/2023;4;11;20;02:31:00;N;CasaDiMartino;2023;autumn;CrestedPorcupine;1
20/10/2023;4;11;20;02:35:00;N;Empoli_Serravalle;2023;autumn;Coypu;1
20/10/2023;4;11;20;03:09:00;N;Empoli_Serravalle;2023;autumn;RedFox;2
20/10/2023;4;11;20;03:12:00;N;Empoli_Serravalle;2023;autumn;RedFox;3
20/10/2023;4;11;20;03:15:00;N;Empoli_Serravalle;2023;autumn;RedFox;1
20/10/2023;4;11;20;03:16:00;N;Empoli_Serravalle;2023;autumn;RedFox;1
20/10/2023;4;11;20;03:17:00;N;Empoli_Serravalle;2023;autumn;RedFox;2
20/10/2023;4;11;20;03:19:00;N;Empoli_Serravalle;2023;autumn;RedFox;3
20/10/2023;4;11;20;03:25:00;N;Empoli_Serravalle;2023;autumn;RedFox;3
20/10/2023;4;11;20;04:20:00;N;Empoli_Serravalle;2023;autumn;Coypu;1
20/10/2023;4;11;20;04:25:00;N;Empoli_Serravalle;2023;autumn;Coypu;1
20/10/2023;4;11;20;05:34:00;N;Empoli_Serravalle;2023;autumn;Coypu;1
20/10/2023;4;11;20;06:40:00;N;Empoli_Serravalle;2023;autumn;Coypu;1
20/10/2023;4;11;20;06:43:00;N;Empoli_Serravalle;2023;autumn;Coypu;2
20/10/2023;4;11;20;06:55:00;N;Empoli_Serravalle;2023;autumn;Coypu;1
20/10/2023;4;11;20;07:36:00;N;Compiobbi;2023;autumn;RoeDeer;1
20/10/2023;4;11;20;14:48:00;N;Capellino_1;2023;autumn;PigmyCormorant;1
20/10/2023;4;11;20;20:52:00;N;Empoli_Serravalle;2023;autumn;Coypu;1
20/10/2023;4;11;20;21:20:00;N;Compiobbi;2023;autumn;Wildboar;1
20/10/2023;4;11;20;21:22:00;N;Compiobbi;2023;autumn;Wildboar;1
20/10/2023;4;11;20;21:35:00;N;Empoli_Serravalle;2023;autumn;Coypu;1
20/10/2023;4;11;20;21:38:00;N;Empoli_Serravalle;2023;autumn;Coypu;1
20/10/2023;4;11;20;21:39:00;N;Empoli_Serravalle;2023;autumn;Coypu;1
20/10/2023;4;11;20;21:51:00;N;Empoli_Serravalle;2023;autumn;Coypu;1
20/10/2023;4;11;20;21:52:00;N;Empoli_Serravalle;2023;autumn;Coypu;1
20/10/2023;4;11;20;22:04:00;N;Empoli_Serravalle;2023;autumn;Coypu;1
20/10/2023;4;11;20;22:25:00;N;Empoli_Serravalle;2023;autumn;Coypu;1
21/10/2023;4;12;33;00:36:00;N;CascineDelRiccio1;2023;autumn;StoneMarten;1
21/10/2023;4;12;33;00:44:00;N;Empoli_Serravalle;2023;autumn;Coypu;1
21/10/2023;4;12;33;02:55:00;N;Empoli_Serravalle;2023;autumn;Coypu;1
21/10/2023;4;12;33;03:08:00;N;Compiobbi;2023;autumn;Wildboar;1
21/10/2023;4;12;33;03:27:00;N;VillaStacchini1;2023;autumn;Wildboar;2
21/10/2023;4;12;33;03:29:00;N;VillaStacchini1;2023;autumn;Wildboar;3
21/10/2023;4;12;33;03:30:00;N;VillaStacchini1;2023;autumn;Wildboar;1
21/10/2023;4;12;33;03:35:00;N;VillaStacchini1;2023;autumn;Wildboar;2
21/10/2023;4;12;33;03:36:00;N;VillaStacchini1;2023;autumn;Wildboar;4
21/10/2023;4;12;33;03:42:00;N;VillaStacchini1;2023;autumn;EuropeanBadger;1
21/10/2023;4;12;33;03:42:00;N;VillaStacchini1;2023;autumn;RoeDeer;1
21/10/2023;4;12;33;04:52:00;N;Empoli_Serravalle;2023;autumn;Coypu;1
21/10/2023;4;12;33;05:29:00;N;VillaStacchini2;2023;autumn;Wildboar;3
21/10/2023;4;12;33;05:30:00;N;VillaStacchini2;2023;autumn;Wildboar;3
21/10/2023;4;12;33;05:35:00;N;VillaStacchini2;2023;autumn;Wildboar;3
21/10/2023;4;12;33;06:17:00;N;Empoli_Serravalle;2023;autumn;Coypu;2
21/10/2023;4;12;33;06:29:00;N;Empoli_Serravalle;2023;autumn;RedFox;1
21/10/2023;4;12;33;06:52:00;N;Fiesole;2023;autumn;Wildboar;1
21/10/2023;4;12;33;06:55:00;N;Empoli_Serravalle;2023;autumn;Coypu;1
21/10/2023;4;12;33;08:44:00;N;VillaStacchini1;2023;autumn;Wildboar;1
21/10/2023;4;12;33;21:05:00;N;Empoli_Serravalle;2023;autumn;Coypu;1
21/10/2023;4;12;33;23:22:00;N;Empoli_Serravalle;2023;autumn;EasternCottontail;1
21/10/2023;4;12;33;23:37:00;N;Empoli_Serravalle;2023;autumn;Coypu;1
22/10/2023;4;13;33;19:51:30;N;CascineDelRiccio1;2023;autumn;RedFox;1
22/10/2023;4;13;33;21:33:00;N;CascineDelRiccio1;2023;autumn;Hedgehog;1
22/10/2023;4;13;33;00:49:00;N;Empoli_Serravalle;2023;autumn;RedFox;1
22/10/2023;4;13;33;01:20:00;N;Empoli_Serravalle;2023;autumn;Coypu;1
22/10/2023;4;13;33;01:56:00;N;VillaStacchini1;2023;autumn;CrestedPorcupine;1
22/10/2023;4;13;33;02:11:00;N;Empoli_Serravalle;2023;autumn;Coypu;1
22/10/2023;4;13;33;02:35:00;N;CasaDiMartino;2023;autumn;CrestedPorcupine;1
22/10/2023;4;13;33;04:36:00;N;VillaStacchini1;2023;autumn;EuropeanBadger;1
22/10/2023;4;13;33;04:39:00;N;Empoli_Serravalle;2023;autumn;Coypu;1
22/10/2023;4;13;33;05:12:00;N;Empoli_Serravalle;2023;autumn;Coypu;1
22/10/2023;4;13;33;05:33:00;N;VillaStacchini1;2023;autumn;DomesticCat;1
22/10/2023;4;13;33;05:39:00;N;VillaStacchini1;2023;autumn;EuropeanBadger;1
22/10/2023;4;13;33;06:32:00;N;Fiesole;2023;autumn;Wildboar;1
22/10/2023;4;13;33;06:56:00;N;Empoli_Serravalle;2023;autumn;Coypu;1
22/10/2023;4;13;33;14:53:00;N;VillaStacchini1;2023;autumn;DomesticCat;1
22/10/2023;4;13;33;23:06:00;N;Compiobbi;2023;autumn;Wildboar;1
22/10/2023;4;13;33;23:37:00;N;Compiobbi;2023;autumn;Wildboar;1
22/10/2023;4;13;33;23:39:00;N;Compiobbi;2023;autumn;Wildboar;1
23/10/2023;4;14;33;00:33:00;N;Empoli_Serravalle;2023;autumn;RedFox;1
23/10/2023;4;14;33;01:33:00;N;Empoli_Serravalle;2023;autumn;Coypu;1
23/10/2023;4;14;33;05:29:00;N;Empoli_Serravalle;2023;autumn;Coypu;1
23/10/2023;4;14;33;05:42:00;N;CasaDiMartino;2023;autumn;DomesticCat;1
23/10/2023;4;14;33;06:08:00;N;Empoli_Serravalle;2023;autumn;Coypu;1
23/10/2023;4;14;33;06:17:00;N;Empoli_Serravalle;2023;autumn;Coypu;1
23/10/2023;4;14;33;06:20:00;N;Fiesole;2023;autumn;RedSquirrel;1
23/10/2023;4;14;33;06:33:00;N;Empoli_Serravalle;2023;autumn;Coypu;1
23/10/2023;4;14;33;06:54:00;N;CasaDiMartino;2023;autumn;DomesticCat;1
23/10/2023;4;14;33;06:57:00;N;Empoli_Serravalle;2023;autumn;Coypu;1
23/10/2023;4;14;33;21:18:00;N;Empoli_Serravalle;2023;autumn;Coypu;1
23/10/2023;4;14;33;21:45:00;N;CasaDiMartino;2023;autumn;DomesticCat;1
23/10/2023;4;14;33;23:02:00;N;CasaDiMartino;2023;autumn;CrestedPorcupine;1
23/10/2023;4;14;33;23:05:00;N;Compiobbi;2023;autumn;Wildboar;1
23/10/2023;4;14;33;23:33:00;N;CasaDiMartino;2023;autumn;EuropeanBadger;1
24/10/2023;4;15;33;00:20:00;N;Empoli_Serravalle;2023;autumn;Coypu;1
24/10/2023;4;15;33;00:22:00;N;Empoli_Serravalle;2023;autumn;Coypu;1
24/10/2023;4;15;33;00:44:00;N;Empoli_Serravalle;2023;autumn;Coypu;1
24/10/2023;4;15;33;01:07:00;N;Empoli_Serravalle;2023;autumn;Coypu;1
24/10/2023;4;15;33;02:27:00;N;CasaDiMartino;2023;autumn;EuropeanBadger;1
24/10/2023;4;15;33;02:53:00;N;CasaDiMartino;2023;autumn;CrestedPorcupine;1
24/10/2023;4;15;33;04:31:00;N;CasaDiMartino;2023;autumn;DomesticCat;1
24/10/2023;4;15;33;06:24:00;N;CasaDiMartino;2023;autumn;CrestedPorcupine;1
24/10/2023;4;15;33;19:43:00;N;Compiobbi;2023;autumn;Wildboar;1
24/10/2023;4;15;33;19:44:00;N;Compiobbi;2023;autumn;Wildboar;1
24/10/2023;4;15;33;21:16:00;N;Empoli_Serravalle;2023;autumn;Coypu;2
24/10/2023;4;15;33;21:40:00;N;Compiobbi;2023;autumn;Wildboar;1
24/10/2023;4;15;33;21:46:00;N;Compiobbi;2023;autumn;Wildboar;1
24/10/2023;4;15;33;21:52:00;N;Compiobbi;2023;autumn;Wildboar;1
24/10/2023;4;15;33;21:53:00;N;Compiobbi;2023;autumn;Wildboar;2
24/10/2023;4;15;33;21:55:00;N;Compiobbi;2023;autumn;Wildboar;1
24/10/2023;4;15;33;22:10:00;N;Empoli_Serravalle;2023;autumn;Coypu;1
24/10/2023;4;15;33;22:12:00;N;Empoli_Serravalle;2023;autumn;Coypu;1
24/10/2023;4;15;33;22:13:00;N;CasaDiMartino;2023;autumn;RedFox;1
24/10/2023;4;15;33;22:14:00;N;CasaDiMartino;2023;autumn;RedFox;1
24/10/2023;4;15;33;22:15:00;N;Empoli_Serravalle;2023;autumn;Coypu;1
24/10/2023;4;15;33;23:55:00;N;Empoli_Serravalle;2023;autumn;Coypu;1
24/10/2023;4;15;33;23:59:00;N;Empoli_Serravalle;2023;autumn;Coypu;1
25/10/2023;4;16;33;18:30:00;N;CascineDelRiccio1;2023;autumn;DomesticCat;1
25/10/2023;4;16;33;01:12:00;N;Empoli_Serravalle;2023;autumn;Coypu;1
25/10/2023;4;16;33;02:47:00;N;Empoli_Serravalle;2023;autumn;RedFox;1
25/10/2023;4;16;33;03:35:00;N;VillaStacchini1;2023;autumn;CrestedPorcupine;1
25/10/2023;4;16;33;04:09:00;N;Empoli_Serravalle;2023;autumn;EasternCottontail;1
25/10/2023;4;16;33;08:43:00;N;CasaDiMartino;2023;autumn;DomesticCat;1
25/10/2023;4;16;33;20:38:00;N;Compiobbi;2023;autumn;Wildboar;1
25/10/2023;4;16;33;22:13:00;N;Empoli_Serravalle;2023;autumn;Coypu;1
25/10/2023;4;16;33;22:14:00;N;Compiobbi;2023;autumn;Wildboar;1
25/10/2023;4;16;33;22:18:00;N;Compiobbi;2023;autumn;Wildboar;1
25/10/2023;4;16;33;23:21:00;N;Empoli_Serravalle;2023;autumn;Coypu;1
26/10/2023;3;17;40;01:17:00;N;Empoli_Serravalle;2023;autumn;Coypu;1
26/10/2023;3;17;40;01:35:00;N;Empoli_Serravalle;2023;autumn;Coypu;1
26/10/2023;3;17;40;01:57:00;N;Empoli_Serravalle;2023;autumn;Coypu;1
26/10/2023;3;17;40;02:04:00;N;Empoli_Serravalle;2023;autumn;Coypu;1
26/10/2023;3;17;40;03:05:00;N;Empoli_Serravalle;2023;autumn;Coypu;1
26/10/2023;3;17;40;03:25:00;N;Compiobbi;2023;autumn;Wildboar;1
26/10/2023;3;17;40;03:31:00;N;Compiobbi;2023;autumn;Wildboar;1
26/10/2023;3;17;40;04:02:00;N;CasaDiMartino;2023;autumn;RedFox;1
26/10/2023;3;17;40;04:17:00;N;Compiobbi;2023;autumn;Wildboar;2
26/10/2023;3;17;40;06:03:00;N;Empoli_Serravalle;2023;autumn;RedFox;1
26/10/2023;3;17;40;06:04:00;N;Empoli_Serravalle;2023;autumn;RedFox;1
26/10/2023;3;17;40;06:16:00;N;Empoli_Serravalle;2023;autumn;RedFox;1
26/10/2023;3;17;40;07:26:00;N;Compiobbi;2023;autumn;RoeDeer;1
26/10/2023;3;17;40;20:35:00;N;Compiobbi;2023;autumn;Wildboar;1
26/10/2023;3;17;40;20:42:00;N;Compiobbi;2023;autumn;Wildboar;1
26/10/2023;3;17;40;20:44:00;N;Compiobbi;2023;autumn;Wildboar;1
26/10/2023;3;17;40;21:05:00;N;Empoli_Serravalle;2023;autumn;Coypu;2
26/10/2023;3;17;40;21:06:00;N;Empoli_Serravalle;2023;autumn;Coypu;1
26/10/2023;3;17;40;21:58:00;N;Empoli_Serravalle;2023;autumn;Coypu;1
26/10/2023;3;17;40;23:13:00;N;Compiobbi;2023;autumn;Wildboar;1
26/10/2023;3;17;40;23:45:00;N;CasaDiMartino;2023;autumn;DomesticCat;1
27/10/2023;3;18;40;00:10:00;N;CasaDiMartino;2023;autumn;DomesticCat;1
27/10/2023;3;18;40;01:37:00;N;CasaDiMartino;2023;autumn;RedFox;1
27/10/2023;3;18;40;02:32:00;N;CasaDiMartino;2023;autumn;CrestedPorcupine;1
27/10/2023;3;18;40;02:54:00;N;Compiobbi;2023;autumn;Wildboar;1
27/10/2023;3;18;40;02:59:00;N;Compiobbi;2023;autumn;Wildboar;1
27/10/2023;3;18;40;03:00:00;N;Compiobbi;2023;autumn;Wildboar;1
27/10/2023;3;18;40;05:43:00;N;Compiobbi;2023;autumn;Wildboar;1
27/10/2023;3;18;40;05:54:00;N;Compiobbi;2023;autumn;Wildboar;1
27/10/2023;3;18;40;06:47:00;N;Fiesole;2023;autumn;Wildboar;1
27/10/2023;3;18;40;13:06:00;N;Scandicci_Acciaiolo;2023;autumn;EurasianChaffinch;1
27/10/2023;3;18;40;14:14:00;N;Scandicci_Acciaiolo;2023;autumn;EurasianChaffinch;2
27/10/2023;3;18;40;14:15:00;N;Scandicci_Acciaiolo;2023;autumn;EurasianChaffinch;1
27/10/2023;3;18;40;14:16:00;N;Scandicci_Acciaiolo;2023;autumn;EurasianChaffinch;1
27/10/2023;3;18;40;14:19:00;N;Scandicci_Acciaiolo;2023;autumn;EurasianChaffinch;1
27/10/2023;3;18;40;14:21:00;N;Scandicci_Acciaiolo;2023;autumn;CommonPheasant;1
27/10/2023;3;18;40;16:04:00;N;Scandicci_Acciaiolo;2023;autumn;EurasianChaffinch;2
27/10/2023;3;18;40;16:06:00;N;Scandicci_Acciaiolo;2023;autumn;EurasianChaffinch;1
27/10/2023;3;18;40;16:52:00;N;Scandicci_Acciaiolo;2023;autumn;EurasianChaffinch;3
27/10/2023;3;18;40;17:47:00;N;Scandicci_Acciaiolo;2023;autumn;CommonPheasant;1
27/10/2023;3;18;40;19:21:00;N;Compiobbi;2023;autumn;Wildboar;2
27/10/2023;3;18;40;21:20:00;N;Scandicci_Acciaiolo;2023;autumn;Hedgehog;1
28/10/2023;3;19;40;10:55:00;D;CascineDelRiccio1;2023;autumn;Human;2
28/10/2023;3;19;40;21:55:00;N;CascineDelRiccio1;2023;autumn;StoneMarten;1
28/10/2023;3;19;40;00:31:00;N;Scandicci_Acciaiolo;2023;autumn;EuropeanHare;1
28/10/2023;3;19;40;01:17:00;N;VillaStacchini1;2023;autumn;Wildboar;1
28/10/2023;3;19;40;01:18:00;N;CasaDiMartino;2023;autumn;DomesticCat;1
28/10/2023;3;19;40;01:21:00;N;VillaStacchini1;2023;autumn;Wildboar;1
28/10/2023;3;19;40;01:37:00;N;VillaStacchini1;2023;autumn;Wildboar;4
28/10/2023;3;19;40;01:38:00;N;VillaStacchini1;2023;autumn;Wildboar;2
28/10/2023;3;19;40;01:39:00;N;Scandicci_Acciaiolo;2023;autumn;DomesticDog;1
28/10/2023;3;19;40;01:43:00;N;VillaStacchini1;2023;autumn;Wildboar;2
28/10/2023;3;19;40;02:13:00;N;VillaStacchini1;2023;autumn;Wildboar;2
28/10/2023;3;19;40;03:16:00;N;VillaStacchini2;2023;autumn;Wildboar;1
28/10/2023;3;19;40;03:20:00;N;Compiobbi;2023;autumn;Wildboar;1
28/10/2023;3;19;40;03:21:00;N;VillaStacchini2;2023;autumn;Wildboar;2
28/10/2023;3;19;40;03:24:00;N;Compiobbi;2023;autumn;Wildboar;2
28/10/2023;3;19;40;03:32:00;N;VillaStacchini2;2023;autumn;Wildboar;3
28/10/2023;3;19;40;03:33:00;N;VillaStacchini2;2023;autumn;Wildboar;3
28/10/2023;3;19;40;03:35:00;N;VillaStacchini2;2023;autumn;Wildboar;2
28/10/2023;3;19;40;03:37:00;N;VillaStacchini2;2023;autumn;Wildboar;1
28/10/2023;3;19;40;03:38:00;N;VillaStacchini2;2023;autumn;Wildboar;3
28/10/2023;3;19;40;04:13:00;N;VillaStacchini2;2023;autumn;Wildboar;1
28/10/2023;3;19;40;04:57:00;N;CasaDiMartino;2023;autumn;CrestedPorcupine;1
28/10/2023;3;19;40;07:31:00;N;Scandicci_Acciaiolo;2023;autumn;Blackbird;2
28/10/2023;3;19;40;07:32:00;N;Scandicci_Acciaiolo;2023;autumn;Blackbird;1
28/10/2023;3;19;40;07:47:00;N;Scandicci_Acciaiolo;2023;autumn;Blackbird;1
28/10/2023;3;19;40;08:24:00;N;Scandicci_Acciaiolo;2023;autumn;GreenWoodpecker;1
28/10/2023;3;19;40;11:46:00;N;Capellino_1;2023;autumn;Human;1
28/10/2023;3;19;40;18:28:00;N;Capellino_1;2023;autumn;Human;2
28/10/2023;3;19;40;18:28:00;N;Capellino_1;2023;autumn;DomesticDog;2
28/10/2023;3;19;40;19:55:00;N;Fiesole;2023;autumn;RoeDeer;1
28/10/2023;3;19;40;22:06:00;N;VillaStacchini1;2023;autumn;StoneMarten;2
28/10/2023;3;19;40;23:33:00;N;Empoli_Serravalle;2023;autumn;Coypu;1
29/10/2023;3;20;15;00:19:00;N;CascineDelRiccio1;2023;autumn;RedFox;1
29/10/2023;3;20;15;01:17:00;N;Empoli_Serravalle;2023;autumn;Coypu;1
29/10/2023;3;20;15;01:53:00;N;Empoli_Serravalle;2023;autumn;Coypu;1
29/10/2023;3;20;15;02:11:00;N;Empoli_Serravalle;2023;autumn;Coypu;2
29/10/2023;3;20;15;02:11:00;N;VillaStacchini1;2023;autumn;Wildboar;2
29/10/2023;3;20;15;02:44:00;N;Empoli_Serravalle;2023;autumn;Coypu;2
29/10/2023;3;20;15;04:29:00;N;Empoli_Serravalle;2023;autumn;Coypu;2
29/10/2023;3;20;15;04:31:00;N;Empoli_Serravalle;2023;autumn;Coypu;1
29/10/2023;3;20;15;07:16:00;N;Empoli_Serravalle;2023;autumn;Coypu;1
29/10/2023;3;20;15;07:44:00;N;Empoli_Serravalle;2023;autumn;Coypu;1
29/10/2023;3;20;15;07:50:00;N;Empoli_Serravalle;2023;autumn;Coypu;1
29/10/2023;3;20;15;10:44:00;N;Capellino_1;2023;autumn;Human;1
29/10/2023;3;20;15;10:44:00;N;Capellino_1;2023;autumn;RingNeckedParakeet;1
29/10/2023;3;20;15;10:54:00;N;VillaStacchini2;2023;autumn;Human;1
29/10/2023;3;20;15;12:39:00;N;Capellino_1;2023;autumn;Human;1
29/10/2023;3;20;15;12:43:00;N;Capellino_1;2023;autumn;Human;1
29/10/2023;3;20;15;12:44:00;N;Capellino_1;2023;autumn;Human;1
29/10/2023;3;20;15;12:45:00;N;Capellino_1;2023;autumn;Human;1
29/10/2023;3;20;15;17:20:00;N;Capellino_1;2023;autumn;Human;1
29/10/2023;3;20;15;17:21:00;N;Capellino_1;2023;autumn;Human;1
29/10/2023;3;20;15;17:32:00;N;Capellino_1;2023;autumn;Human;1
29/10/2023;3;20;15;17:33:00;N;Capellino_1;2023;autumn;Human;1
29/10/2023;3;20;15;21:23:00;N;CasaDiMartino;2023;autumn;DomesticCat;1
29/10/2023;3;20;15;22:45:00;N;Empoli_Serravalle;2023;autumn;Coypu;1
29/10/2023;3;20;15;22:46:00;N;Empoli_Serravalle;2023;autumn;Coypu;1
29/10/2023;3;20;15;22:49:00;N;CasaDiMartino;2023;autumn;CrestedPorcupine;1
29/10/2023;3;20;15;22:51:00;N;Empoli_Serravalle;2023;autumn;Coypu;1
29/10/2023;3;20;15;23:43:00;N;Empoli_Serravalle;2023;autumn;Coypu;1
30/10/2023;2;21;15;17:53:00;N;CascineDelRiccio1;2023;autumn;WoodPigeon;1
30/10/2023;2;21;15;00:53:00;N;Fiesole;2023;autumn;RedFox;1
30/10/2023;2;21;15;01:51:00;N;Fiesole;2023;autumn;Wildboar;1
30/10/2023;2;21;15;04:20:00;N;Empoli_Serravalle;2023;autumn;Coypu;1
30/10/2023;2;21;15;04:43:00;N;CasaDiMartino;2023;autumn;CrestedPorcupine;3
30/10/2023;2;21;15;04:44:00;N;Empoli_Serravalle;2023;autumn;Coypu;2
30/10/2023;2;21;15;07:29:00;N;Scandicci_Acciaiolo;2023;autumn;SongThrush;1
30/10/2023;2;21;15;10:03:00;N;Capellino_1;2023;autumn;Human;1
30/10/2023;2;21;15;10:04:00;N;Capellino_1;2023;autumn;Human;1
30/10/2023;2;21;15;10:19:00;N;Capellino_1;2023;autumn;EurasianMagpie;1
30/10/2023;2;21;15;18:21:00;N;Capellino_1;2023;autumn;DomesticDog;1
30/10/2023;2;21;15;18:21:00;N;Capellino_1;2023;autumn;Human;1
31/10/2023;2;22;15;00:08:00;N;Empoli_Serravalle;2023;autumn;RedFox;1
31/10/2023;2;22;15;02:37:00;N;Empoli_Serravalle;2023;autumn;Coypu;1
31/10/2023;2;22;15;03:02:00;N;Empoli_Serravalle;2023;autumn;Coypu;2
31/10/2023;2;22;15;03:10:00;N;VillaStacchini1;2023;autumn;Wildboar;3
31/10/2023;2;22;15;04:11:00;N;VillaStacchini2;2023;autumn;Wildboar;1
31/10/2023;2;22;15;04:18:00;N;Empoli_Serravalle;2023;autumn;Coypu;1
31/10/2023;2;22;15;04:20:00;N;Empoli_Serravalle;2023;autumn;Coypu;1
31/10/2023;2;22;15;05:00:00;N;Empoli_Serravalle;2023;autumn;Coypu;1
31/10/2023;2;22;15;05:51:00;N;Empoli_Serravalle;2023;autumn;Coypu;2
31/10/2023;2;22;15;06:47:00;N;Empoli_Serravalle;2023;autumn;Coypu;2
31/10/2023;2;22;15;07:30:00;N;Empoli_Serravalle;2023;autumn;Coypu;1
31/10/2023;2;22;15;07:34:00;N;Empoli_Serravalle;2023;autumn;Coypu;2
31/10/2023;2;22;15;07:41:00;N;Empoli_Serravalle;2023;autumn;Coypu;2
31/10/2023;2;22;15;14:42:00;N;VillaStacchini1;2023;autumn;CommonPheasant;1
31/10/2023;2;22;15;19:26:00;N;Compiobbi;2023;autumn;Wildboar;2
31/10/2023;2;22;15;19:27:00;N;Compiobbi;2023;autumn;Wildboar;3
31/10/2023;2;22;15;19:28:00;N;Compiobbi;2023;autumn;Wildboar;2
31/10/2023;2;22;15;19:29:00;N;Compiobbi;2023;autumn;Wildboar;1
31/10/2023;2;22;15;20:01:00;N;CasaDiMartino;2023;autumn;CrestedPorcupine;1
01/11/2023;2;23;50;01:03:00;N;Empoli_Serravalle;2023;autumn;Coypu;1
01/11/2023;2;23;50;03:32:00;N;Empoli_Serravalle;2023;autumn;Coypu;2
01/11/2023;2;23;50;03:33:00;N;Empoli_Serravalle;2023;autumn;Coypu;1
01/11/2023;2;23;50;04:58:00;N;Empoli_Serravalle;2023;autumn;Coypu;1
01/11/2023;2;23;50;05:12:00;N;Empoli_Serravalle;2023;autumn;Coypu;2
01/11/2023;2;23;50;05:19:00;N;Empoli_Serravalle;2023;autumn;Coypu;1
01/11/2023;2;23;50;07:26:00;N;Empoli_Serravalle;2023;autumn;Coypu;2
01/11/2023;2;23;50;16:01:00;N;VillaStacchini1;2023;autumn;RedSquirrel;1
02/11/2023;2;24;50;04:00:00;N;Empoli_Serravalle;2023;autumn;Coypu;2
02/11/2023;2;24;50;21:56:00;N;Empoli_Serravalle;2023;autumn;Coypu;1
02/11/2023;2;24;50;22:25:00;N;Empoli_Serravalle;2023;autumn;Coypu;1
02/11/2023;2;24;50;22:51:00;N;Empoli_Serravalle;2023;autumn;Coypu;2
03/11/2023;2;25;50;02:01:00;N;Empoli_Serravalle;2023;autumn;Coypu;1
03/11/2023;2;25;50;02:47:00;N;Empoli_Serravalle;2023;autumn;Coypu;2
03/11/2023;2;25;50;07:11:00;N;Empoli_Serravalle;2023;autumn;Coypu;2
04/11/2023;1;26;35;04:07:00;N;Empoli_Serravalle;2023;autumn;Coypu;2
04/11/2023;1;26;35;05:46:00;N;Empoli_Serravalle;2023;autumn;Coypu;1
04/11/2023;1;26;35;07:01:00;N;Empoli_Serravalle;2023;autumn;Coypu;2
04/11/2023;1;26;35;07:40:00;N;Empoli_Serravalle;2023;autumn;Coypu;1
10/11/2023;1;3;15;00:12:00;N;Empoli_Serravalle;2023;autumn;Coypu;1
10/11/2023;1;3;15;03:02:00;N;Empoli_Serravalle;2023;autumn;Coypu;1
10/11/2023;1;3;15;03:05:00;N;Empoli_Serravalle;2023;autumn;Coypu;1
10/11/2023;1;3;15;06:34:00;N;Empoli_Serravalle;2023;autumn;Coypu;1
10/11/2023;1;3;15;21:21:00;N;Empoli_Serravalle;2023;autumn;Coypu;1
10/11/2023;1;3;15;21:21:00;N;Empoli_Serravalle;2023;autumn;Coypu;1
10/11/2023;1;3;15;21:22:00;N;Empoli_Serravalle;2023;autumn;Coypu;1
10/11/2023;1;3;15;22:07:00;N;Empoli_Serravalle;2023;autumn;Coypu;1
10/11/2023;1;3;15;22:23:00;N;Empoli_Serravalle;2023;autumn;Coypu;1
10/11/2023;1;3;15;22:25:00;N;Empoli_Serravalle;2023;autumn;Coypu;2
10/11/2023;1;3;15;23:13:00;N;Empoli_Serravalle;2023;autumn;Coypu;1
10/12/2023;2;4;50;00:59:00;N;Empoli_Serravalle;2023;autumn;Human;2
10/12/2023;2;4;50;02:07:00;N;Empoli_Serravalle;2023;autumn;Coypu;1
10/12/2023;2;4;50;02:14:00;N;Empoli_Serravalle;2023;autumn;Coypu;1
10/12/2023;2;4;50;02:23:00;N;Empoli_Serravalle;2023;autumn;Coypu;1
10/12/2023;2;4;50;02:48:00;N;Empoli_Serravalle;2023;autumn;EasternCottontail;1
10/12/2023;2;4;50;03:21:00;N;Empoli_Serravalle;2023;autumn;Coypu;1
10/12/2023;2;4;50;06:11:00;N;Empoli_Serravalle;2023;autumn;Coypu;1
10/12/2023;2;4;50;06:15:00;N;Empoli_Serravalle;2023;autumn;Coypu;1
10/12/2023;2;4;50;20:48:00;N;Empoli_Serravalle;2023;autumn;Coypu;1
10/12/2023;2;4;50;20:59:00;N;Empoli_Serravalle;2023;autumn;Coypu;2
10/12/2023;2;4;50;21:00:00;N;Empoli_Serravalle;2023;autumn;Coypu;2
10/12/2023;2;4;50;21:13:00;N;Empoli_Serravalle;2023;autumn;Coypu;1
10/12/2023;2;4;50;21:16:00;N;Empoli_Serravalle;2023;autumn;Coypu;1
10/12/2023;2;4;50;21:17:00;N;Empoli_Serravalle;2023;autumn;Coypu;1
10/12/2023;2;4;50;21:28:00;N;Empoli_Serravalle;2023;autumn;Coypu;1
10/12/2023;2;4;50;21:33:00;N;Empoli_Serravalle;2023;autumn;Coypu;1
10/12/2023;2;4;50;21:35:00;N;Empoli_Serravalle;2023;autumn;Coypu;2
10/12/2023;2;4;50;21:36:00;N;Empoli_Serravalle;2023;autumn;Coypu;1
10/12/2023;2;4;50;21:37:00;N;Empoli_Serravalle;2023;autumn;Coypu;2
10/12/2023;2;4;50;21:46:00;N;Empoli_Serravalle;2023;autumn;Coypu;2
10/12/2023;2;4;50;22:10:00;N;Empoli_Serravalle;2023;autumn;Coypu;1
10/12/2023;2;4;50;22:12:00;N;Empoli_Serravalle;2023;autumn;Coypu;2
10/12/2023;2;4;50;22:40:00;N;Empoli_Serravalle;2023;autumn;Coypu;2
10/12/2023;2;4;50;22:42:00;N;Empoli_Serravalle;2023;autumn;Coypu;2
10/12/2023;2;4;50;22:44:00;N;Empoli_Serravalle;2023;autumn;Coypu;1
10/12/2023;2;4;50;22:45:00;N;Empoli_Serravalle;2023;autumn;Coypu;1
10/12/2023;2;4;50;23:54:00;N;Empoli_Serravalle;2023;autumn;Coypu;1
09/02/2023;3;19;0;09:49:00;D;CascineDelRiccio3;2023;summer;RedSquirrel;1
09/02/2023;3;19;0;09:49:00;D;CascineDelRiccio3;2023;summer;WoodPigeon;1
09/03/2023;3;18;0;15:03:00;D;CascineDelRiccio3;2023;summer;WoodPigeon;1
09/03/2023;3;18;0;17:04:00;D;CascineDelRiccio3;2023;summer;WoodPigeon;2
09/04/2023;3;20;0;03:07:00;N;CascineDelRiccio2;2023;summer;RedFox;1
09/05/2023;3;19;0;03:36:00;N;CascineDelRiccio3;2023;summer;RedFox;1
09/05/2023;3;19;0;20:26:00;N;CascineDelRiccio1;2023;summer;Hedgehog;1
09/05/2023;3;19;0;22:10:00;N;CascineDelRiccio2;2023;summer;RedFox;1
09/06/2023;2;21;0;01:59:00;N;CascineDelRiccio1;2023;autumn;DomesticCat;1
09/06/2023;2;21;0;02:06:00;N;CascineDelRiccio1;2023;autumn;DomesticCat;1
09/07/2023;2;22;0;07:07:00;D;CascineDelRiccio1;2023;autumn;CommonPheasant;1
01/09/2023;3;19;0;08:35:00;D;Osmannoro;2023;summer;Human;1
01/09/2023;3;19;0;11:28:00;D;Osmannoro;2023;summer;Human;1
01/09/2023;3;19;10;14:03:00;D;Osmannoro;2023;summer;Human;2
01/09/2023;3;19;0;15:56:00;D;Osmannoro;2023;summer;Human;2
01/09/2023;3;19;0;09:39:00;D;Cascine;2023;summer;RedSquirrel;1
01/09/2023;3;19;0;16:35:00;D;Cascine;2023;summer;RedSquirrel;1
01/09/2023;3;19;0;00:44:00;N;Empoli_Serravalle;2023;summer;Coypu;1
01/09/2023;3;19;0;00:48:00;N;Empoli_Serravalle;2023;summer;Coypu;1
01/09/2023;3;19;0;00:48:00;N;Empoli_Serravalle;2023;summer;Coypu;1
01/09/2023;3;19;0;07:16:00;D;Empoli_Serravalle;2023;summer;RedFox;1
01/09/2023;3;19;0;22:59:00;N;Empoli_Serravalle;2023;summer;Coypu;1
01/09/2023;3;19;0;22:59:00;N;Empoli_Serravalle;2023;summer;Coypu;1
01/09/2023;3;19;0;23:14:00;N;Empoli_Serravalle;2023;summer;Coypu;1
01/09/2023;3;19;0;19:58:00;N;Bagno_a_Ripoli;2023;summer;Coypu;1
02/09/2023;3;20;0;17:17:00;D;Cascine;2023;summer;RedSquirrel;1
02/09/2023;3;20;0;09:58:00;D;Osmannoro;2023;summer;Human;2
02/09/2023;3;20;0;10:39:00;D;Osmannoro;2023;summer;Human;2
02/09/2023;3;20;0;12:37:00;D;Osmannoro;2023;summer;Human;6
02/09/2023;3;20;0;12:57:00;D;Osmannoro;2023;summer;Human;1
02/09/2023;3;20;0;16:41:00;D;Osmannoro;2023;summer;Human;1
02/09/2023;3;20;0;17:28:00;D;Osmannoro;2023;summer;Human;2
02/09/2023;3;20;0;17:28:00;D;TorrinoSantarosa;2023;summer;AegyptianGoose;2
02/09/2023;3;20;0;17:50:00;N;Osmannoro;2023;summer;Human;1
02/09/2023;3;20;0;02:22:00;N;Osmannoro;2023;summer;Human;1
02/09/2023;3;20;0;18:53:00;N;Osmannoro;2023;summer;Human;1
02/09/2023;3;20;0;00:54:00;N;Empoli_Serravalle;2023;summer;Coypu;1
02/09/2023;3;20;0;01:39:00;N;Empoli_Serravalle;2023;summer;Coypu;1
02/09/2023;3;20;0;06:18:00;D;Sesto7;2023;summer;EuropeanHare;1
02/09/2023;3;20;0;06:39:58;D;Sesto7;2023;summer;EuropeanHare;1
02/09/2023;3;20;0;06:39:58;D;TorrinoSantarosa;2023;summer;AegyptianGoose;1
02/09/2023;3;20;0;06:52:00;D;Sesto7;2023;summer;EuropeanHare;1
02/09/2023;3;20;0;07:00:00;D;Sesto7;2023;summer;EuropeanHare;2
02/09/2023;3;20;0;07:43:00;D;Sesto7;2023;summer;Blackbird;1
02/09/2023;3;20;0;07:43:00;D;Sesto7;2023;summer;CommonPheasant;1
02/09/2023;3;20;0;07:43:00;D;Sesto7;2023;summer;EuropeanHare;1
02/09/2023;3;20;0;07:44:00;D;Sesto7;2023;summer;Blackbird;2
02/09/2023;3;20;0;07:44:00;D;Sesto7;2023;summer;EuropeanHare;1
02/09/2023;3;20;0;23:50:00;N;Sesto7;2023;summer;EuropeanHare;1
02/09/2023;3;20;0;23:51:00;N;Sesto7;2023;summer;EuropeanHare;1
02/09/2023;3;20;0;23:51:00;N;Sesto7;2023;summer;EuropeanHare;1
02/09/2023;3;20;0;23:52:00;N;Sesto7;2023;summer;EuropeanHare;1
02/09/2023;2;21;0;23:52:00;N;Sesto7;2023;summer;EuropeanHare;1
03/09/2023;2;21;0;12:08:00;D;Osmannoro;2023;summer;Human;7
03/09/2023;2;21;0;17:14:00;D;Osmannoro;2023;summer;Human;7
03/09/2023;2;21;0;03:42:00;N;Osmannoro;2023;summer;Human;1
03/09/2023;2;21;0;06:34:00;N;Osmannoro;2023;summer;Human;1
03/09/2023;2;21;0;06:48:00;N;Osmannoro;2023;summer;Human;2
03/09/2023;2;21;0;20:16:00;N;Osmannoro;2023;summer;Human;2
03/09/2023;2;21;0;20:34:00;N;Osmannoro;2023;summer;Human;7
03/09/2023;2;21;0;05:52:00;N;Sesto7;2023;summer;RedFox;1
03/09/2023;2;21;0;07:54:00;D;Sesto7;2023;summer;EuropeanHare;1
03/09/2023;2;21;0;07:56:00;D;Sesto7;2023;summer;EuropeanHare;1
03/09/2023;2;21;0;23:11:00;N;Empoli_Serravalle;2023;summer;Coypu;1
03/09/2023;2;21;0;23:11:00;N;Empoli_Serravalle;2023;summer;EasternCottontail;1
04/09/2023;2;22;0;09:19:00;D;Cascine;2023;summer;RedSquirrel;1
04/09/2023;2;22;0;08:36:00;D;Osmannoro;2023;summer;Human;1
04/09/2023;2;22;0;09:13:00;D;Osmannoro;2023;summer;Human;2
04/09/2023;2;22;0;09:29:00;D;Osmannoro;2023;summer;Human;2
04/09/2023;2;22;0;10:02:00;D;Osmannoro;2023;summer;Human;1
04/09/2023;2;22;0;12:17:00;D;Osmannoro;2023;summer;Human;1
04/09/2023;2;22;0;12:36:00;D;Osmannoro;2023;summer;Human;1
04/09/2023;2;22;0;06:50:00;N;Osmannoro;2023;summer;Human;2
04/09/2023;2;22;0;22:30:29;N;Focognano;2023;summer;StoneMarten;1
04/09/2023;2;22;0;22:30:29;N;Focognano;2023;summer;StoneMarten;1
04/09/2023;2;22;0;02:56:00;N;TorrinoSantaRosa;2023;summer;NorwayRat;1
05/09/2023;2;23;0;08:00:00;D;Osmannoro;2023;summer;Human;1
05/09/2023;2;23;0;09:48:00;D;Osmannoro;2023;summer;Human;1
05/09/2023;2;23;0;10:18:00;D;Osmannoro;2023;summer;Human;1
05/09/2023;2;23;0;11:50:00;D;Osmannoro;2023;summer;Human;1
05/09/2023;2;23;0;13:10:00;D;Osmannoro;2023;summer;Human;1
05/09/2023;2;23;0;14:01:00;D;Osmannoro;2023;summer;Human;1
05/09/2023;2;23;0;15:32:00;D;Osmannoro;2023;summer;Human;2
05/09/2023;2;23;0;17:42:00;N;Osmannoro;2023;summer;Human;1
05/09/2023;2;23;0;18:08:00;N;Osmannoro;2023;summer;Human;1
05/09/2023;2;23;0;04:20:00;N;Osmannoro;2023;summer;Human;1
05/09/2023;2;23;0;04:56:00;N;Osmannoro;2023;summer;Human;1
05/09/2023;2;23;0;07:26:00;N;Osmannoro;2023;summer;Human;1
05/09/2023;2;23;0;19:02:00;N;Osmannoro;2023;summer;Human;1
05/09/2023;2;23;0;19:08:00;N;Osmannoro;2023;summer;Human;1
05/09/2023;2;23;0;19:44:00;N;Osmannoro;2023;summer;Human;1
05/09/2023;2;23;0;01:25:53;N;Ponteallindiano2;2023;summer;CrestedPorcupine;3
05/09/2023;2;23;0;05:39:00;N;Sesto7;2023;summer;RedFox;1
05/09/2023;2;23;0;07:54:00;D;Sesto7;2023;summer;EuropeanHare;1
06/09/2023;2;24;0;15:38:06;D;Focognano;2023;summer;EurasianJay;1
06/09/2023;2;24;0;08:54:00;D;Osmannoro;2023;summer;Human;1
06/09/2023;2;24;0;09:15:00;D;Osmannoro;2023;summer;Human;1
06/09/2023;2;24;0;09:32:00;D;Osmannoro;2023;summer;Human;1
06/09/2023;2;24;0;10:59:00;D;Empoli_Serravalle;2023;summer;BlackRedstart;2
06/09/2023;2;24;0;11:29:00;D;Osmannoro;2023;summer;Human;7
06/09/2023;2;24;0;12:28:00;D;Osmannoro;2023;summer;Human;1
06/09/2023;2;24;0;12:29:00;D;Osmannoro;2023;summer;Human;1
06/09/2023;2;24;0;12:59:00;D;Osmannoro;2023;summer;Human;1
06/09/2023;2;24;0;13:54:00;D;Empoli_Serravalle;2023;summer;ItalianSparrow;1
06/09/2023;2;24;0;13:58:00;D;Osmannoro;2023;summer;Human;1
06/09/2023;2;24;0;17:42:00;N;Empoli_Serravalle;2023;summer;ItalianSparrow;1
06/09/2023;2;24;0;21:38:06;N;Focognano;2023;summer;StoneMarten;1
07/09/2023;2;25;0;10:43:00;D;Osmannoro;2023;summer;Human;1
07/09/2023;2;25;0;13:38:00;D;Osmannoro;2023;summer;Human;1
07/09/2023;2;25;0;14:52:00;D;Empoli_Serravalle;2023;summer;ItalianSparrow;1
07/09/2023;2;25;35;04:25:00;N;Osmannoro;2023;summer;Human;2
07/09/2023;2;25;0;06:44:00;N;Osmannoro;2023;summer;Human;1
07/09/2023;2;25;0;01:10:00;N;Empoli_Serravalle;2023;summer;Coypu;1
07/09/2023;2;25;0;01:14:00;N;Empoli_Serravalle;2023;summer;Coypu;1
07/09/2023;2;25;0;01:44:00;N;Empoli_Serravalle;2023;summer;Coypu;1
07/09/2023;2;25;0;02:25:00;N;Empoli_Serravalle;2023;summer;Coypu;1
07/09/2023;2;25;0;02:44:00;N;Empoli_Serravalle;2023;summer;Coypu;1
07/09/2023;2;25;0;03:53:00;N;Empoli_Serravalle;2023;summer;Coypu;1
07/09/2023;2;25;0;04:27:00;N;Empoli_Serravalle;2023;summer;Coypu;1
07/09/2023;2;25;0;04:29:00;N;Empoli_Serravalle;2023;summer;Coypu;1
07/09/2023;2;25;0;04:38:00;N;Empoli_Serravalle;2023;summer;Coypu;1
07/09/2023;2;25;0;04:40:00;N;Empoli_Serravalle;2023;summer;Coypu;2
07/09/2023;2;25;0;04:44:00;N;Empoli_Serravalle;2023;summer;Coypu;1
07/09/2023;2;25;0;04:56:00;N;Empoli_Serravalle;2023;summer;Coypu;1
07/09/2023;2;25;0;05:04:00;N;Empoli_Serravalle;2023;summer;Coypu;1
07/09/2023;2;25;0;05:05:00;N;Empoli_Serravalle;2023;summer;Coypu;1
07/09/2023;2;25;0;05:29:00;N;Empoli_Serravalle;2023;summer;Coypu;1
07/09/2023;2;25;0;06:19:00;N;Empoli_Serravalle;2023;summer;Coypu;1
07/09/2023;2;25;0;18:30:00;N;Empoli_Serravalle;2023;summer;Coypu;1
08/09/2023;1;26;0;09:15:00;D;Osmannoro;2023;summer;Human;1
08/09/2023;1;26;0;14:39:00;D;Osmannoro;2023;summer;Human;1
08/09/2023;1;26;0;06:31:00;N;Osmannoro;2023;summer;Human;2
08/09/2023;1;26;0;18:23:00;N;Osmannoro;2023;summer;Human;1
08/09/2023;1;26;0;19:20:00;N;Osmannoro;2023;summer;Human;1
08/09/2023;1;26;0;02:19:55;N;Focognano;2023;summer;DomesticCat;1
08/09/2023;1;26;0;22:48:13;N;Focognano;2023;summer;DomesticCat;1
08/09/2023;1;26;0;22:50:02;N;Focognano;2023;summer;DomesticCat;1
08/09/2023;1;26;0;22:51:00;N;Focognano;2023;summer;DomesticCat;1
09/09/2023;1;27;0;17:35:00;D;Focognano;2023;summer;DomesticCat;1
09/09/2023;1;27;0;08:20:00;D;Osmannoro;2023;summer;Human;1
09/09/2023;1;27;0;22:47:00;N;CascineDelRiccio3;2023;summer;EuropeanBadger;1
09/09/2023;1;27;0;05:10:00;N;TorrinoSantaRosa;2023;summer;NorwayRat;1
09/09/2023;1;27;0;05:10:00;N;Bagno_a_Ripoli;2023;summer;Coypu;1
10/09/2023;1;28;0;23:12:00;N;Empoli_Serravalle;2023;summer;EasternCottontail;1
12/09/2023;1;1;0;16:44:00;D;Cascine;2023;summer;RedSquirrel;1
12/09/2023;1;1;0;00:12:00;N;TorrinoSantaRosa;2023;summer;NorwayRat;1
13/09/2023;1;2;0;01:45:00;N;CascineDelRiccio3;2023;summer;RedFox;1
14/09/2023;1;3;0;11:02:00;D;CascineDelRiccio2;2023;summer;EurasianMagpie;1
14/09/2023;1;3;0;21:25:00;N;CascineDelRiccio1;2023;summer;Hedgehog;1
14/09/2023;1;3;0;23:04:00;N;CasaDiMartino;2023;summer;RedFox;1
15/09/2023;2;4;0;08:24:00;D;CascineDelRiccio1;2023;summer;EuropeanHare;2
15/09/2023;2;4;0;08:25:00;D;CascineDelRiccio1;2023;summer;EuropeanHare;1
15/09/2023;2;4;0;08:30:00;D;CascineDelRiccio1;2023;summer;EuropeanHare;1
15/09/2023;2;4;0;01:56:00;N;CasaDiMartino;2023;summer;DomesticCat;1
15/09/2023;2;4;0;18:35:00;D;CascineDelRiccio3;2023;summer;DomesticDog;1
15/09/2023;2;4;0;18:35:00;D;CascineDelRiccio3;2023;summer;DomesticDog;1
15/09/2023;2;4;0;18:35:00;D;Empoli_Serravalle;2023;summer;DomesticDog;1
15/09/2023;2;4;0;18:38:00;D;CascineDelRiccio2;2023;summer;EuropeanHare;1
15/09/2023;2;4;0;18:38:00;D;CascineDelRiccio2;2023;summer;Human;1
15/09/2023;2;4;0;21:04:00;N;CascineDelRiccio1;2023;summer;Hedgehog;1
15/09/2023;2;4;0;23:25:00;N;CasaDiMartino;2023;summer;CrestedPorcupine;1
16/09/2023;2;5;0;14:13:00;D;CascineDelRiccio3;2023;summer;GreenWoodpecker;1
16/09/2023;2;5;0;17:49:00;D;CascineDelRiccio1;2023;summer;EuropeanHare;1
16/09/2023;2;5;0;17:54:00;D;CascineDelRiccio1;2023;summer;EuropeanHare;1
16/09/2023;2;5;0;05:24:00;N;CascineDelRiccio1;2023;summer;Hedgehog;1
16/09/2023;2;5;0;05:26:00;N;CasaDiMartino;2023;summer;RedFox;1
16/09/2023;2;5;0;07:33:00;D;CasaDiMartino;2023;summer;Human;1
16/09/2023;2;5;0;18:52:00;D;CascineDelRiccio1;2023;summer;Blackbird;1
16/09/2023;2;5;0;18:52:00;D;CascineDelRiccio1;2023;summer;EuropeanHare;1
16/09/2023;2;5;0;22:38:00;N;CasaDiMartino;2023;summer;EuropeanBadger;1
17/09/2023;2;6;15;08:05:00;D;CascineDelRiccio1;2023;summer;EuropeanHare;3
17/09/2023;2;6;15;08:06:00;D;CascineDelRiccio1;2023;summer;EuropeanHare;2
17/09/2023;2;6;0;08:08:00;D;CascineDelRiccio1;2023;summer;EuropeanHare;3
17/09/2023;2;6;15;08:09:00;D;CascineDelRiccio1;2023;summer;EuropeanHare;2
17/09/2023;2;6;0;08:10:00;D;TorrinoSantarosa;2023;summer;AegyptianGoose;3
17/09/2023;2;6;0;08:10:00;D;CascineDelRiccio1;2023;summer;EuropeanHare;3
17/09/2023;2;6;100;08:12:00;D;TorrinoSantarosa;2023;summer;AegyptianGoose;3
17/09/2023;2;6;0;08:12:00;D;CascineDelRiccio1;2023;summer;EuropeanHare;3
17/09/2023;2;6;0;08:13:00;D;CascineDelRiccio1;2023;summer;EuropeanHare;2
17/09/2023;2;6;0;08:14:00;D;CascineDelRiccio1;2023;summer;Blackbird;1
17/09/2023;2;6;0;08:39:00;D;CascineDelRiccio1;2023;summer;CommonPheasant;1
17/09/2023;2;6;0;08:39:00;D;CascineDelRiccio1;2023;summer;EurasianMagpie;1
17/09/2023;2;6;0;17:37:00;D;CascineDelRiccio1;2023;summer;EuropeanHare;1
17/09/2023;2;6;0;17:39:00;D;CascineDelRiccio1;2023;summer;EuropeanHare;1
17/09/2023;2;6;0;17:42:00;D;CascineDelRiccio1;2023;summer;EuropeanHare;2
17/09/2023;2;6;0;18:00:00;D;CascineDelRiccio1;2023;summer;EuropeanHare;3
17/09/2023;2;6;0;18:02:00;D;CascineDelRiccio1;2023;summer;EuropeanHare;2
17/09/2023;2;6;0;01:30:00;N;CasaDiMartino;2023;summer;EuropeanBadger;1
17/09/2023;2;6;0;18:37:00;D;CasaDiMartino;2023;summer;Human;2
17/09/2023;2;6;0;18:39:00;D;CasaDiMartino;2023;summer;Human;1
17/09/2023;2;6;0;19:11:00;D;CascineDelRiccio1;2023;summer;EurasianMagpie;1
17/09/2023;2;6;0;21:54:00;N;CasaDiMartino;2023;summer;DomesticCat;1
18/09/2023;3;7;0;09:00:00;D;CasaDiMartino;2023;summer;DomesticDog;1
18/09/2023;3;7;0;09:00:00;D;Empoli_Serravalle;2023;summer;DomesticDog;1
18/09/2023;3;7;0;09:00:00;D;Empoli_Serravalle;2023;summer;DomesticDog;1
18/09/2023;3;7;0;00:53:00;N;CascineDelRiccio1;2023;summer;RedFox;1
18/09/2023;3;7;0;03:27:00;N;CascineDelRiccio1;2023;summer;Hedgehog;1
18/09/2023;3;7;0;05:50:00;N;CasaDiMartino;2023;summer;DomesticCat;1
19/09/2023;3;8;0;03:03:00;N;Focognano;2023;summer;StoneMarten;1
19/09/2023;3;8;0;04:16:00;N;CasaDiMartino;2023;summer;CrestedPorcupine;1
19/09/2023;3;8;0;04:31:00;N;CasaDiMartino;2023;summer;CrestedPorcupine;1
19/09/2023;3;8;0;06:59:00;D;CascineDelRiccio1;2023;summer;EuropeanHare;1
19/09/2023;3;8;0;07:02:00;D;CascineDelRiccio1;2023;summer;EuropeanHare;1
19/09/2023;3;8;0;07:46:00;D;CascineDelRiccio1;2023;summer;EuropeanHare;1
19/09/2023;3;8;0;07:49:00;D;CascineDelRiccio1;2023;summer;EuropeanHare;1
19/09/2023;3;8;0;22:51:00;N;CasaDiMartino;2023;summer;DomesticCat;1
20/09/2023;3;9;0;08:00:00;D;CasaDiMartino;2023;summer;DomesticDog;1
20/09/2023;3;9;0;08:00:00;D;Empoli_Serravalle;2023;summer;DomesticDog;1
20/09/2023;3;9;10;08:00:00;D;Empoli_Serravalle;2023;summer;DomesticDog;1
20/09/2023;3;9;0;08:24:00;D;CascineDelRiccio1;2023;summer;WoodPigeon;3
20/09/2023;3;9;0;08:48:00;D;CascineDelRiccio1;2023;summer;WoodPigeon;1
20/09/2023;3;9;0;02:35:00;N;CascineDelRiccio3;2023;summer;RedFox;1
20/09/2023;3;9;0;03:55:00;N;CascineDelRiccio3;2023;summer;RedFox;1
20/09/2023;3;9;0;04:07:00;N;CascineDelRiccio3;2023;summer;RedFox;1
20/09/2023;3;9;0;04:53:00;N;CasaDiMartino;2023;summer;DomesticCat;1
21/09/2023;4;10;45;11:01:00;D;CascineDelRiccio3;2023;autumn;EurasianMagpie;1
21/09/2023;4;10;45;01:05:00;N;CascineDelRiccio2;2023;autumn;RedFox;1
21/09/2023;4;10;45;05:18:00;N;CasaDiMartino;2023;autumn;EuropeanBadger;1
21/09/2023;4;10;45;06:16:00;N;CasaDiMartino;2023;autumn;DomesticCat;1
22/09/2023;4;11;60;05:04:00;N;CasaDiMartino;2023;autumn;CrestedPorcupine;1
22/09/2023;4;11;60;05:16:00;N;CasaDiMartino;2023;autumn;CrestedPorcupine;1
22/09/2023;4;11;60;23:54:00;N;CascineDelRiccio1;2023;autumn;DomesticCat;1
23/09/2023;4;12;60;03:41:00;N;CascineDelRiccio3;2023;autumn;RedFox;1
23/09/2023;4;12;60;04:08:00;N;CascineDelRiccio3;2023;autumn;RedFox;1
24/09/2023;4;13;60;08:09:00;D;CascineDelRiccio3;2023;autumn;EurasianMagpie;1
24/09/2023;4;13;60;07:42:00;N;CascineDelRiccio1;2023;autumn;DomesticCat;1
24/09/2023;4;13;60;18:38:00;N;CascineDelRiccio1;2023;autumn;DomesticCat;1
24/09/2023;4;13;60;22:51:00;N;CasaDiMartino;2023;autumn;DomesticCat;1
25/09/2023;4;14;60;18:00:00;N;CascineDelRiccio1;2023;autumn;DomesticCat;1
25/09/2023;4;14;60;03:38:00;N;CascineDelRiccio1;2023;autumn;RedFox;1
25/09/2023;4;14;60;07:03:00;N;CascineDelRiccio1;2023;autumn;Blackbird;1
25/09/2023;4;14;60;19:27:00;N;CascineDelRiccio1;2023;autumn;RedFox;1
25/09/2023;4;14;60;19:28:00;N;CascineDelRiccio1;2023;autumn;RedFox;1
26/09/2023;4;15;60;17:26:00;D;CascineDelRiccio1;2023;autumn;EuropeanHare;1
26/09/2023;4;15;60;17:26:00;D;TorrinoSantarosa;2023;autumn;AegyptianGoose;1
26/09/2023;4;15;60;17:30:00;D;CascineDelRiccio1;2023;autumn;EuropeanHare;1
26/09/2023;4;15;60;17:30:00;D;TorrinoSantarosa;2023;autumn;AegyptianGoose;1
26/09/2023;4;15;60;03:26:00;N;CascineDelRiccio3;2023;autumn;RedFox;1
26/09/2023;4;15;60;07:37:00;N;CascineDelRiccio1;2023;autumn;CommonPheasant;1
26/09/2023;4;15;60;20:10:00;N;CasaDiMartino;2023;autumn;CrestedPorcupine;1
26/09/2023;4;15;60;23:15:00;N;CasaDiMartino;2023;autumn;CrestedPorcupine;2
27/09/2023;4;16;30;08:13:00;D;CasaDiMartino;2023;autumn;DomesticCat;1
27/09/2023;4;16;30;08:20:00;D;CasaDiMartino;2023;autumn;DomesticCat;1
27/09/2023;4;16;30;09:00:00;D;CascineDelRiccio1;2023;autumn;WoodPigeon;2
27/09/2023;4;16;30;00:48:00;N;CasaDiMartino;2023;autumn;CrestedPorcupine;2
27/09/2023;4;16;30;03:04:00;N;CascineDelRiccio2;2023;autumn;RedFox;1
27/09/2023;4;16;30;03:06:00;N;CascineDelRiccio2;2023;autumn;EuropeanHare;1
27/09/2023;4;16;30;03:06:00;N;CascineDelRiccio3;2023;autumn;RedFox;1
27/09/2023;4;16;30;03:11:00;N;CascineDelRiccio3;2023;autumn;RedFox;1
27/09/2023;4;16;30;22:16:00;N;CasaDiMartino;2023;autumn;DomesticCat;1
28/09/2023;3;17;30;03:07:00;N;CascineDelRiccio3;2023;autumn;RedFox;1
28/09/2023;3;17;30;04:10:00;N;CasaDiMartino;2023;autumn;StoneMarten;1
28/09/2023;3;17;30;06:44:00;N;CascineDelRiccio3;2023;autumn;EuropeanHare;1
28/09/2023;3;17;30;06:45:00;N;CascineDelRiccio3;2023;autumn;EuropeanHare;1
29/09/2023;3;18;30;03:14:00;N;CasaDiMartino;2023;autumn;CrestedPorcupine;1
29/09/2023;3;18;30;06:35:00;N;CasaDiMartino;2023;autumn;CrestedPorcupine;1
30/09/2023;3;19;30;01:53:00;N;CasaDiMartino;2023;autumn;CrestedPorcupine;1
30/09/2023;3;19;30;02:38:00;N;CasaDiMartino;2023;autumn;CrestedPorcupine;1
30/09/2023;3;19;30;05:55:00;N;CasaDiMartino;2023;autumn;CrestedPorcupine;1
30/09/2023;3;19;30;07:35:00;N;CasaDiMartino;2023;autumn;Hoopoe;1
30/09/2023;3;19;30;00:22:00;N;TorrinoSantaRosa;2023;autumn;NorwayRat;1
30/09/2023;3;19;30;00:38:00;N;TorrinoSantaRosa;2023;autumn;NorwayRat;1
30/09/2023;3;19;30;12:22:00;N;Bagno_a_Ripoli;2023;autumn;Coypu;1
30/09/2023;3;19;30;12:38:00;N;Bagno_a_Ripoli;2023;autumn;Coypu;1
09/10/2023;1;29;0;12:33:00;D;CascineDelRiccio2;2023;autumn;EurasianMagpie;2
09/11/2023;1;2;0;02:35:00;N;CascineDelRiccio3;2023;autumn;RedFox;1
09/12/2023;1;3;0;05:09:00;N;CascineDelRiccio2;2023;autumn;RedFox;1
